brand_name,generic_name,category,manufacturer,shape,controlled,reorder_level_base,unit1_name,unit1_rate,unit2_name,unit2_per_unit1,unit2_rate,unit3_name,unit3_per_unit2,unit3_rate,default_sell_unit
Cetamol 500mg,Paracetamol 500mg,Medicine,,tablet,No,200,Tablet,,Strip,10,,Box,10,,2
Dolo 650,Paracetamol 650mg,Medicine,Micro Labs,tablet,No,150,Tablet,,Strip,15,,Box,10,,2
Cetamol Syrup 60ml,Paracetamol 125mg/5ml,Medicine,,bottle,No,10,Bottle,,,,,,,,1
Cetamol Drops 15ml,Paracetamol 100mg/ml,Medicine,,drops,No,6,Bottle,,,,,,,,1
Nimulid 100mg,Nimesulide 100mg,Medicine,Panacea Biotec,tablet,No,100,Tablet,,Strip,10,,Box,10,,2
Brufen 400,Ibuprofen 400mg,Medicine,Abbott,tablet,No,100,Tablet,,Strip,10,,Box,10,,2
Combiflam,Ibuprofen 400mg + Paracetamol 325mg,Medicine,Sanofi,tablet,No,100,Tablet,,Strip,20,,Box,10,,2
Ibugesic Plus Syrup 60ml,Ibuprofen 100mg + Paracetamol 162.5mg per 5ml,Medicine,Cipla,bottle,No,10,Bottle,,,,,,,,1
Voveran 50 GE,Diclofenac Sodium 50mg,Medicine,Novartis,tablet,No,100,Tablet,,Strip,10,,Box,10,,2
Diclofenac Injection 75mg/3ml,Diclofenac Sodium 25mg/ml,Medicine,,vial,No,20,Ampoule,,Box,10,,,,,1
Zerodol-P,Aceclofenac 100mg + Paracetamol 325mg,Medicine,Ipca,tablet,No,100,Tablet,,Strip,10,,Box,10,,2
Zerodol-SP,Aceclofenac 100mg + Paracetamol 325mg + Serratiopeptidase 15mg,Medicine,Ipca,tablet,No,60,Tablet,,Strip,10,,Box,10,,2
Meftal Spas,Mefenamic Acid 250mg + Dicyclomine 10mg,Medicine,Blue Cross,tablet,No,100,Tablet,,Strip,10,,Box,10,,2
Meftal Forte 500,Mefenamic Acid 500mg,Medicine,Blue Cross,tablet,No,60,Tablet,,Strip,10,,Box,10,,2
Nucoxia 90,Etoricoxib 90mg,Medicine,Zydus,tablet,No,40,Tablet,,Strip,10,,Box,10,,2
Tramazac 50mg,Tramadol Hydrochloride 50mg,Medicine,Zydus,capsule,Yes,30,Capsule,,Strip,10,,Box,10,,2
Novamox 500,Amoxycillin 500mg,Medicine,Cipla,capsule,No,100,Capsule,,Strip,10,,Box,10,,2
Novamox Dry Syrup 30ml,Amoxycillin 125mg/5ml,Medicine,Cipla,bottle,No,10,Bottle,,,,,,,,1
Clavam 625,Amoxycillin 500mg + Clavulanic Acid 125mg,Medicine,Alkem,tablet,No,60,Tablet,,Strip,6,,Box,10,,2
Augmentin 625 Duo,Amoxycillin 500mg + Clavulanic Acid 125mg,Medicine,GSK,tablet,No,60,Tablet,,Strip,6,,Box,10,,2
Azithral 500,Azithromycin 500mg,Medicine,Alembic,tablet,No,60,Tablet,,Strip,3,,Box,10,,2
Azithral 250,Azithromycin 250mg,Medicine,Alembic,tablet,No,30,Tablet,,Strip,6,,Box,10,,2
Azithral Liquid 15ml,Azithromycin 200mg/5ml,Medicine,Alembic,bottle,No,6,Bottle,,,,,,,,1
Taxim-O 200,Cefixime 200mg,Medicine,Alkem,tablet,No,60,Tablet,,Strip,10,,Box,10,,2
Taxim-O Dry Syrup 30ml,Cefixime 50mg/5ml,Medicine,Alkem,bottle,No,10,Bottle,,,,,,,,1
Cepodem 200,Cefpodoxime Proxetil 200mg,Medicine,Zuventus,tablet,No,40,Tablet,,Strip,10,,Box,10,,2
Monocef 1g Injection,Ceftriaxone Sodium 1g,Medicine,Aristo,vial,No,20,Vial,,,,,,,,1
Ciplox 500,Ciprofloxacin 500mg,Medicine,Cipla,tablet,No,60,Tablet,,Strip,10,,Box,10,,2
Zanocin 200,Ofloxacin 200mg,Medicine,Sun Pharma,tablet,No,60,Tablet,,Strip,10,,Box,10,,2
Zanocin-OZ,Ofloxacin 200mg + Ornidazole 500mg,Medicine,Sun Pharma,tablet,No,60,Tablet,,Strip,10,,Box,10,,2
Levoflox 500,Levofloxacin 500mg,Medicine,Cipla,tablet,No,40,Tablet,,Strip,5,,Box,10,,2
Flagyl 400,Metronidazole 400mg,Medicine,Abbott,tablet,No,100,Tablet,,Strip,10,,Box,10,,2
Doxycycline 100mg,Doxycycline Hydrochloride 100mg,Medicine,,capsule,No,60,Capsule,,Strip,10,,Box,10,,2
Sporidex 500,Cephalexin 500mg,Medicine,Sun Pharma,capsule,No,40,Capsule,,Strip,10,,Box,10,,2
Norflox-TZ,Norfloxacin 400mg + Tinidazole 600mg,Medicine,Cipla,tablet,No,60,Tablet,,Strip,10,,Box,10,,2
Niftran 100,Nitrofurantoin 100mg,Medicine,Cipla,capsule,No,30,Capsule,,Strip,10,,Box,10,,2
Forcan 150,Fluconazole 150mg,Medicine,Cipla,tablet,No,20,Tablet,,,,,,,,1
Zentel 400,Albendazole 400mg,Medicine,GSK,tablet,No,60,Tablet,,,,,,,,1
Zentel Suspension 10ml,Albendazole 200mg/5ml,Medicine,GSK,bottle,No,10,Bottle,,,,,,,,1
Acivir 400 DT,Acyclovir 400mg,Medicine,Cipla,tablet,No,20,Tablet,,Strip,10,,Box,10,,2
Omez 20,Omeprazole 20mg,Medicine,Dr. Reddy's,capsule,No,100,Capsule,,Strip,10,,Box,10,,2
Pantop 40,Pantoprazole 40mg,Medicine,Aristo,tablet,No,100,Tablet,,Strip,10,,Box,10,,2
Pan-D,Pantoprazole 40mg + Domperidone 30mg,Medicine,Alkem,capsule,No,100,Capsule,,Strip,10,,Box,10,,2
Nexpro RD 40,Esomeprazole 40mg + Domperidone 30mg,Medicine,Torrent,capsule,No,60,Capsule,,Strip,10,,Box,10,,2
Razo 20,Rabeprazole Sodium 20mg,Medicine,Dr. Reddy's,tablet,No,40,Tablet,,Strip,10,,Box,10,,2
Domstal 10,Domperidone 10mg,Medicine,Torrent,tablet,No,60,Tablet,,Strip,10,,Box,10,,2
Emeset 4,Ondansetron 4mg,Medicine,Cipla,tablet,No,60,Tablet,,Strip,10,,Box,10,,2
Emeset Injection 2ml,Ondansetron 2mg/ml,Medicine,Cipla,vial,No,20,Ampoule,,Box,10,,,,,1
Digene Gel Mint 200ml,Magnesium Hydroxide + Aluminium Hydroxide + Simethicone,Medicine,Abbott,bottle,No,10,Bottle,,,,,,,,1
Digene Tablet,Antacid chewable tablet,Medicine,Abbott,tablet,No,60,Tablet,,Strip,10,,Box,10,,2
Gelusil MPS Suspension 200ml,Antacid with Simethicone,Medicine,Pfizer,bottle,No,8,Bottle,,,,,,,,1
Cyclopam Tablet,Dicyclomine 20mg + Paracetamol 500mg,Medicine,Indoco,tablet,No,60,Tablet,,Strip,10,,Box,10,,2
Drotin 40,Drotaverine Hydrochloride 40mg,Medicine,Walter Bushnell,tablet,No,40,Tablet,,Strip,10,,Box,10,,2
Eldoper,Loperamide Hydrochloride 2mg,Medicine,Micro Labs,capsule,No,40,Capsule,,Strip,10,,Box,10,,2
Jeevan Jal ORS,Oral Rehydration Salts WHO formula,Medicine,Nepal CRS Company,sachet,No,100,Sachet,,,,,,,,1
Electral Powder 21.8g,Oral Rehydration Salts,Medicine,FDC,sachet,No,50,Sachet,,,,,,,,1
Zinc Sulphate 20mg Dispersible,Zinc Sulphate Monohydrate 20mg,Medicine,,tablet,No,100,Tablet,,Strip,10,,Box,10,,2
Duphalac 200ml,Lactulose 10g per 15ml,Medicine,Abbott,bottle,No,6,Bottle,,,,,,,,1
Cremaffin Syrup 225ml,Liquid Paraffin + Milk of Magnesia,Medicine,Abbott,bottle,No,6,Bottle,,,,,,,,1
Dulcolax 5mg,Bisacodyl 5mg,Medicine,Boehringer Ingelheim,tablet,No,40,Tablet,,Strip,10,,Box,10,,2
Softovac Powder 100g,Isabgol husk laxative powder,Medicine,Torrent,box,No,8,Packet,,,,,,,,1
Cetzine 10,Cetirizine Hydrochloride 10mg,Medicine,Haleon,tablet,No,150,Tablet,,Strip,10,,Box,10,,2
Cetirizine Syrup 60ml,Cetirizine Hydrochloride 5mg/5ml,Medicine,,bottle,No,10,Bottle,,,,,,,,1
Levocet 5,Levocetirizine Dihydrochloride 5mg,Medicine,,tablet,No,100,Tablet,,Strip,10,,Box,10,,2
Montair-LC,Montelukast 10mg + Levocetirizine 5mg,Medicine,Cipla,tablet,No,60,Tablet,,Strip,10,,Box,10,,2
Montair 10,Montelukast Sodium 10mg,Medicine,Cipla,tablet,No,40,Tablet,,Strip,10,,Box,10,,2
Allegra 120,Fexofenadine Hydrochloride 120mg,Medicine,Sanofi,tablet,No,40,Tablet,,Strip,10,,Box,10,,2
Piriton 4mg,Chlorpheniramine Maleate 4mg,Medicine,Haleon,tablet,No,100,Tablet,,Strip,10,,Box,10,,2
Sinarest,Paracetamol 500mg + Phenylephrine 10mg + Chlorpheniramine 2mg,Medicine,Centaur,tablet,No,100,Tablet,,Strip,10,,Box,10,,2
Ascoril LS Syrup 100ml,Levosalbutamol + Ambroxol + Guaiphenesin,Medicine,Glenmark,bottle,No,10,Bottle,,,,,,,,1
Grilinctus Syrup 100ml,Chlorpheniramine + Dextromethorphan + Guaiphenesin,Medicine,Franco-Indian,bottle,No,10,Bottle,,,,,,,,1
Codeine Phosphate Cough Syrup 100ml,Codeine Phosphate + Chlorpheniramine Maleate,Medicine,,bottle,Yes,4,Bottle,,,,,,,,1
Asthalin Inhaler 100mcg,Salbutamol 100mcg per actuation,Medicine,Cipla,box,No,6,Inhaler,,,,,,,,1
Foracort 200 Inhaler,Budesonide 200mcg + Formoterol 6mcg,Medicine,Cipla,box,No,4,Inhaler,,,,,,,,1
Duolin Respules 2.5ml,Levosalbutamol 1.25mg + Ipratropium Bromide 500mcg,Medicine,Cipla,vial,No,30,Respule,,,,,,,,1
Asthalin 2mg,Salbutamol Sulphate 2mg,Medicine,Cipla,tablet,No,40,Tablet,,Strip,10,,Box,10,,2
Deriphyllin Retard 150,Etofylline 77mg + Theophylline 23mg,Medicine,Zydus,tablet,No,30,Tablet,,Strip,10,,Box,10,,2
Strepsils Original,Amylmetacresol + Dichlorobenzyl Alcohol lozenge,Medicine,Reckitt,strip,No,40,Lozenge,,Strip,8,,,,,2
Betadine Gargle 100ml,Povidone Iodine 2% w/v,Medicine,Win-Medicare,bottle,No,6,Bottle,,,,,,,,1
Otrivin Nasal Drops 10ml,Xylometazoline Hydrochloride 0.1%,Medicine,Haleon,drops,No,10,Bottle,,,,,,,,1
Vicks Inhaler,Menthol + Camphor nasal inhaler,Consumable,Procter & Gamble,box,No,12,Inhaler,,,,,,,,1
Amlopres 5,Amlodipine Besylate 5mg,Medicine,Cipla,tablet,No,100,Tablet,,Strip,10,,Box,10,,2
Telma 40,Telmisartan 40mg,Medicine,Glenmark,tablet,No,100,Tablet,,Strip,10,,Box,10,,2
Telma-H 40,Telmisartan 40mg + Hydrochlorothiazide 12.5mg,Medicine,Glenmark,tablet,No,60,Tablet,,Strip,10,,Box,10,,2
Losar 50,Losartan Potassium 50mg,Medicine,Unichem,tablet,No,60,Tablet,,Strip,10,,Box,10,,2
Aten 50,Atenolol 50mg,Medicine,Zydus,tablet,No,60,Tablet,,Strip,14,,Box,10,,2
Metolar 25,Metoprolol Tartrate 25mg,Medicine,Cipla,tablet,No,40,Tablet,,Strip,10,,Box,10,,2
Atorva 10,Atorvastatin Calcium 10mg,Medicine,Zydus,tablet,No,60,Tablet,,Strip,10,,Box,10,,2
Rosuvas 10,Rosuvastatin Calcium 10mg,Medicine,Sun Pharma,tablet,No,40,Tablet,,Strip,10,,Box,10,,2
Ecosprin 75,Aspirin 75mg,Medicine,USV,tablet,No,100,Tablet,,Strip,14,,Box,10,,2
Clopilet 75,Clopidogrel 75mg,Medicine,Sun Pharma,tablet,No,40,Tablet,,Strip,10,,Box,10,,2
Sorbitrate 5,Isosorbide Dinitrate 5mg sublingual,Medicine,Abbott,tablet,No,20,Tablet,,Strip,10,,Box,10,,2
Lasix 40,Furosemide 40mg,Medicine,Sanofi,tablet,No,40,Tablet,,Strip,10,,Box,10,,2
Dytor 10,Torsemide 10mg,Medicine,Cipla,tablet,No,30,Tablet,,Strip,10,,Box,10,,2
Glycomet 500,Metformin Hydrochloride 500mg,Medicine,USV,tablet,No,100,Tablet,,Strip,20,,Box,10,,2
Glycomet-GP 1,Metformin 500mg + Glimepiride 1mg,Medicine,USV,tablet,No,60,Tablet,,Strip,10,,Box,10,,2
Amaryl 2,Glimepiride 2mg,Medicine,Sanofi,tablet,No,40,Tablet,,Strip,10,,Box,10,,2
Human Mixtard 30/70 Vial 10ml,Insulin Human 40 IU/ml,Medicine,Novo Nordisk,vial,No,4,Vial,,,,,,,,1
Thyronorm 50mcg,Levothyroxine Sodium 50mcg,Medicine,Abbott,tablet,No,100,Tablet,,Bottle,100,,,,,2
Eltroxin 50mcg,Levothyroxine Sodium 50mcg,Medicine,GSK,tablet,No,60,Tablet,,Strip,10,,Box,10,,2
Wysolone 10,Prednisolone 10mg,Medicine,Wyeth,tablet,No,30,Tablet,,Strip,10,,Box,10,,2
Vertin 16,Betahistine Dihydrochloride 16mg,Medicine,Abbott,tablet,No,30,Tablet,,Strip,10,,Box,10,,2
Stemetil MD 5,Prochlorperazine Maleate 5mg,Medicine,Abbott,tablet,No,30,Tablet,,Strip,10,,Box,10,,2
Zincovit Tablet,Multivitamin + Multimineral with Zinc,Medicine,Apex Laboratories,tablet,No,100,Tablet,,Strip,15,,Box,10,,2
Zincovit Syrup 200ml,Multivitamin and multimineral syrup,Medicine,Apex Laboratories,bottle,No,6,Bottle,,,,,,,,1
Becosules Capsule,Vitamin B Complex with Vitamin C,Medicine,Pfizer,capsule,No,100,Capsule,,Strip,20,,Box,10,,2
Shelcal 500,Calcium Carbonate 500mg + Vitamin D3 250 IU,Medicine,Torrent,tablet,No,100,Tablet,,Strip,15,,Box,10,,2
Neurobion Forte,Vitamin B1 B6 B12 complex,Medicine,Procter & Gamble,tablet,No,100,Tablet,,Strip,30,,Box,10,,2
Limcee 500,Ascorbic Acid 500mg chewable,Medicine,Abbott,tablet,No,60,Tablet,,Strip,15,,Box,10,,2
Livogen Tablet,Ferrous Fumarate 152mg + Folic Acid 1.5mg,Medicine,Merck,tablet,No,100,Tablet,,Strip,10,,Box,10,,2
Folic Acid 5mg,Folic Acid 5mg,Medicine,,tablet,No,100,Tablet,,Strip,10,,Box,10,,2
Evion 400,Vitamin E 400mg,Medicine,Merck,capsule,No,40,Capsule,,Strip,10,,Box,10,,2
Calcirol Sachet 60000 IU,Cholecalciferol 60000 IU,Medicine,Cadila,sachet,No,40,Sachet,,Box,4,,,,,1
Tonoferon Drops 15ml,Iron and Folic Acid paediatric drops,Medicine,,drops,No,6,Bottle,,,,,,,,1
Betadine Ointment 15g,Povidone Iodine 5% w/w,Medicine,Win-Medicare,tube,No,12,Tube,,,,,,,,1
Betadine Solution 100ml,Povidone Iodine 10% w/v,Medicine,Win-Medicare,bottle,No,10,Bottle,,,,,,,,1
Soframycin Skin Cream 30g,Framycetin Sulphate 1% w/w,Medicine,Sanofi,tube,No,12,Tube,,,,,,,,1
Neosporin Powder 10g,Neomycin + Polymyxin B + Bacitracin,Medicine,Haleon,box,No,10,Bottle,,,,,,,,1
Silverex Ionic Cream 25g,Silver Sulphadiazine 1% w/w,Medicine,Ranbaxy,tube,No,6,Tube,,,,,,,,1
Candid Cream 15g,Clotrimazole 1% w/w,Medicine,Glenmark,tube,No,15,Tube,,,,,,,,1
Candid-B Cream 15g,Clotrimazole 1% + Beclomethasone 0.025%,Medicine,Glenmark,tube,No,12,Tube,,,,,,,,1
Nizral Shampoo 50ml,Ketoconazole 2% w/v,Medicine,Johnson & Johnson,bottle,No,6,Bottle,,,,,,,,1
Terbinaforce Cream 10g,Terbinafine Hydrochloride 1% w/w,Medicine,Mankind,tube,No,10,Tube,,,,,,,,1
T-Bact Ointment 5g,Mupirocin 2% w/w,Medicine,Haleon,tube,No,10,Tube,,,,,,,,1
Betnovate-N Cream 20g,Betamethasone Valerate + Neomycin,Medicine,Haleon,tube,No,12,Tube,,,,,,,,1
Calamine Lotion 100ml,Calamine + Zinc Oxide lotion,Medicine,,bottle,No,8,Bottle,,,,,,,,1
Permite Cream 30g,Permethrin 5% w/w,Medicine,Galderma,tube,No,6,Tube,,,,,,,,1
Volini Gel 30g,Diclofenac Diethylamine + Methyl Salicylate,Medicine,Sun Pharma,tube,No,12,Tube,,,,,,,,1
Moov Pain Relief Cream 30g,Diclofenac + Menthol topical cream,Medicine,Reckitt,tube,No,12,Tube,,,,,,,,1
Iodex Balm 40g,Methyl Salicylate + Menthol balm,Medicine,Haleon,box,No,10,Jar,,,,,,,,1
Burnol Cream 20g,Aminacrine Hydrochloride + Cetrimide,Medicine,Dr. Morepen,tube,No,8,Tube,,,,,,,,1
Vicks VapoRub 25g,Menthol + Camphor + Eucalyptus Oil ointment,Consumable,Procter & Gamble,box,No,24,Jar,,,,,,,,1
Vicks VapoRub 50g,Menthol + Camphor + Eucalyptus Oil ointment,Consumable,Procter & Gamble,box,No,12,Jar,,,,,,,,1
Boroline 20g,Boric Acid + Zinc Oxide antiseptic cream,Consumable,G D Pharmaceuticals,tube,No,12,Tube,,,,,,,,1
Ciplox Eye and Ear Drops 10ml,Ciprofloxacin 0.3% w/v,Medicine,Cipla,drops,No,12,Bottle,,,,,,,,1
Milflox Eye Drops 5ml,Moxifloxacin 0.5% w/v,Medicine,Sun Pharma,drops,No,6,Bottle,,,,,,,,1
Refresh Tears 10ml,Carboxymethylcellulose Sodium 0.5%,Medicine,Allergan,drops,No,6,Bottle,,,,,,,,1
Candibiotic Ear Drops 5ml,Chloramphenicol + Clotrimazole + Beclomethasone + Lignocaine,Medicine,Glenmark,drops,No,6,Bottle,,,,,,,,1
Sunaulo Gulaf,Combined oral contraceptive pill,Medicine,Nepal CRS Company,strip,No,40,Cycle Pack,,,,,,,,1
Ecee2,Levonorgestrel 0.75mg emergency contraceptive,Medicine,Nepal CRS Company,strip,No,20,Pack,,,,,,,,1
Panther Condom,Latex condom 3-piece pack,Consumable,Nepal CRS Company,box,No,50,Packet,,,,,,,,1
Number One Condom,Latex condom 3-piece pack,Consumable,Nepal CRS Company,box,No,50,Packet,,,,,,,,1
Pregnancy Test Kit,hCG urine test card,Consumable,,box,No,20,Kit,,,,,,,,1
Candid-V6 Pessary,Clotrimazole 100mg vaginal tablet,Medicine,Glenmark,box,No,10,Pack,,,,,,,,1
Pause 500,Tranexamic Acid 500mg,Medicine,Bharat Serums,tablet,No,30,Tablet,,Strip,10,,Box,10,,2
Alprax 0.25,Alprazolam 0.25mg,Medicine,Torrent,tablet,Yes,30,Tablet,,Strip,10,,Box,10,,2
Calmpose 5,Diazepam 5mg,Medicine,Sun Pharma,tablet,Yes,30,Tablet,,Strip,10,,Box,10,,2
Lonazep 0.5,Clonazepam 0.5mg,Medicine,Sun Pharma,tablet,Yes,30,Tablet,,Strip,10,,Box,10,,2
Tryptomer 25,Amitriptyline Hydrochloride 25mg,Medicine,Wockhardt,tablet,No,30,Tablet,,Strip,10,,Box,10,,2
Dexamethasone Injection 2ml,Dexamethasone Sodium Phosphate 4mg/ml,Medicine,,vial,No,20,Ampoule,,,,,,,,1
Adrenaline Injection 1ml,Adrenaline Bitartrate 1mg/ml,Medicine,,vial,No,10,Ampoule,,,,,,,,1
Hydrocortisone Injection 100mg,Hydrocortisone Sodium Succinate 100mg,Medicine,,vial,No,10,Vial,,,,,,,,1
Avil Injection 2ml,Pheniramine Maleate 22.75mg/ml,Medicine,Sanofi,vial,No,20,Ampoule,,,,,,,,1
Pantoprazole Injection 40mg,Pantoprazole Sodium 40mg,Medicine,,vial,No,20,Vial,,,,,,,,1
Tetanus Toxoid Vaccine 0.5ml,Tetanus Toxoid adsorbed,Medicine,,vial,No,20,Ampoule,,,,,,,,1
Lignocaine 2% Injection 30ml,Lignocaine Hydrochloride 2% w/v,Medicine,,vial,No,10,Vial,,,,,,,,1
Water for Injection 10ml,Sterile Water for Injection,Medicine,,vial,No,50,Ampoule,,,,,,,,1
Normal Saline 0.9% 500ml,Sodium Chloride 0.9% IV infusion,Medicine,,bottle,No,20,Bottle,,,,,,,,1
Dextrose 5% 500ml,Dextrose 5% IV infusion,Medicine,,bottle,No,15,Bottle,,,,,,,,1
Ringer Lactate 500ml,Compound Sodium Lactate IV infusion,Medicine,,bottle,No,15,Bottle,,,,,,,,1
DNS 500ml,Dextrose 5% + Sodium Chloride 0.9% IV infusion,Medicine,,bottle,No,15,Bottle,,,,,,,,1
Disposable Syringe 2ml,Sterile syringe with 24G needle,Consumable,,box,No,200,Piece,,Box,100,,,,,1
Disposable Syringe 5ml,Sterile syringe with 23G needle,Consumable,,box,No,200,Piece,,Box,100,,,,,1
Disposable Syringe 10ml,Sterile syringe with 21G needle,Consumable,,box,No,100,Piece,,Box,100,,,,,1
IV Cannula 20G,Intravenous cannula with injection port,Consumable,,box,No,50,Piece,,Box,50,,,,,1
IV Cannula 22G,Intravenous cannula with injection port,Consumable,,box,No,50,Piece,,Box,50,,,,,1
IV Cannula 24G,Intravenous cannula paediatric,Consumable,,box,No,30,Piece,,Box,50,,,,,1
IV Infusion Set,Sterile IV administration set,Consumable,,box,No,50,Piece,,Box,50,,,,,1
Scalp Vein Set 23G,Butterfly needle infusion set,Consumable,,box,No,50,Piece,,Box,100,,,,,1
Sterile Surgical Gloves 7.0,Sterile latex surgical gloves,Consumable,,box,No,50,Pair,,Box,50,,,,,1
Examination Gloves Medium,Latex examination gloves,Consumable,,box,No,200,Piece,,Box,100,,,,,2
Face Mask 3-Ply,Disposable 3-ply surgical face mask,Consumable,,box,No,200,Piece,,Box,50,,,,,2
Cotton Roll 100g,Absorbent cotton wool,Consumable,,box,No,20,Roll,,,,,,,,1
Cotton Roll 500g,Absorbent cotton wool,Consumable,,box,No,10,Roll,,,,,,,,1
Gauze Bandage 4 inch,Sterile roller gauze bandage,Consumable,,box,No,30,Roll,,,,,,,,1
Crepe Bandage 10cm,Elastic crepe bandage,Consumable,,box,No,20,Roll,,,,,,,,1
Micropore Surgical Tape 1 inch,Paper adhesive surgical tape,Consumable,,box,No,20,Roll,,,,,,,,1
Band-Aid Washproof,Adhesive wound dressing strip,Consumable,Johnson & Johnson,box,No,100,Strip,,Box,100,,,,,1
Surgical Spirit 100ml,Denatured ethanol 95% v/v,Consumable,,bottle,No,20,Bottle,,,,,,,,1
Hydrogen Peroxide 100ml,Hydrogen Peroxide 6% solution,Consumable,,bottle,No,10,Bottle,,,,,,,,1
Alcohol Swab,70% isopropyl alcohol prep pad,Consumable,,sachet,No,200,Piece,,Box,100,,,,,2
Digital Thermometer,Digital clinical thermometer,Consumable,,box,No,10,Piece,,,,,,,,1
Glucometer Test Strips,Blood glucose test strips,Consumable,,box,No,10,Box,,,,,,,,1
Blood Lancets,Sterile single-use lancets,Consumable,,box,No,5,Box,,,,,,,,1
Urine Container Sterile 60ml,Sterile urine specimen container,Consumable,,box,No,100,Piece,,Box,100,,,,,1
Nebuliser Mask Adult,Nebulisation mask with tubing,Consumable,,box,No,20,Piece,,,,,,,,1
Nebuliser Mask Paediatric,Nebulisation mask with tubing,Consumable,,box,No,20,Piece,,,,,,,,1
Tongue Depressor Wooden,Disposable wooden tongue depressor,Consumable,,box,No,200,Piece,,Box,100,,,,,2
Dettol Antiseptic Liquid 250ml,Chloroxylenol 4.8% w/v,Consumable,Reckitt,bottle,No,12,Bottle,,,,,,,,1
Dettol Antiseptic Liquid 550ml,Chloroxylenol 4.8% w/v,Consumable,Reckitt,bottle,No,6,Bottle,,,,,,,,1
Savlon Antiseptic Liquid 100ml,Cetrimide + Chlorhexidine Gluconate,Consumable,,bottle,No,12,Bottle,,,,,,,,1
Hand Sanitizer 100ml,Ethyl Alcohol 70% v/v gel,Consumable,,bottle,No,20,Bottle,,,,,,,,1
Dettol Original Soap 75g,Antibacterial bathing bar,Other,Reckitt,box,No,24,Piece,,,,,,,,1
Lifebuoy Total Soap 100g,Antibacterial bathing bar,Other,Unilever,box,No,24,Piece,,,,,,,,1
Nivea Soft Cream 100ml,Moisturising cream,Other,Beiersdorf,tube,No,6,Jar,,,,,,,,1
Vaseline Petroleum Jelly 100ml,White soft paraffin,Other,Unilever,box,No,12,Jar,,,,,,,,1
Ponds Cold Cream 100ml,Moisturising cold cream,Other,Unilever,box,No,6,Jar,,,,,,,,1
Johnson's Baby Powder 100g,Baby dusting powder,Other,Johnson & Johnson,box,No,12,Bottle,,,,,,,,1
Johnson's Baby Oil 100ml,Baby massage oil,Other,Johnson & Johnson,bottle,No,12,Bottle,,,,,,,,1
Johnson's Baby Shampoo 100ml,Mild baby shampoo,Other,Johnson & Johnson,bottle,No,12,Bottle,,,,,,,,1
Colgate Strong Teeth 100g,Fluoride toothpaste,Other,Colgate-Palmolive,tube,No,24,Tube,,,,,,,,1
Sensodyne Fresh Mint 70g,Potassium Nitrate toothpaste,Other,Haleon,tube,No,12,Tube,,,,,,,,1
Toothbrush Medium,Adult manual toothbrush,Other,,box,No,24,Piece,,,,,,,,1
Whisper Choice Ultra XL 15 pads,Sanitary napkin,Other,Procter & Gamble,box,No,24,Packet,,,,,,,,1
Stayfree Secure XL 20 pads,Sanitary napkin,Other,Johnson & Johnson,box,No,24,Packet,,,,,,,,1
Pampers Baby Dry Medium,Baby diaper,Other,Procter & Gamble,box,No,12,Packet,,,,,,,,1
Huggies Wonder Pants Medium,Baby diaper pants,Other,Kimberly-Clark,box,No,12,Packet,,,,,,,,1
Baby Wet Wipes 72 pcs,Fragrance-free baby wipes,Other,,box,No,12,Packet,,,,,,,,1
Facial Tissue Box 100 pulls,2-ply facial tissue,Other,,box,No,12,Box,,,,,,,,1
Glucon-D Regular 100g,Dextrose energy powder,Consumable,Zydus Wellness,sachet,No,24,Packet,,,,,,,,1
Horlicks Classic Malt 500g,Malted health drink,Other,Haleon,box,No,6,Jar,,,,,,,,1
Sitamol 500mg,Paracetamol 500mg,Medicine,,tablet,No,200,Tablet,,Strip,10,,Box,10,,2
Calpol 500,Paracetamol 500mg,Medicine,GSK,tablet,No,120,Tablet,,Strip,15,,Box,10,,2
Calpol Syrup 60ml,Paracetamol 125mg/5ml,Medicine,GSK,bottle,No,12,Bottle,,,,,,,,1
Calpol Drops 15ml,Paracetamol 100mg/ml,Medicine,GSK,drops,No,8,Bottle,,,,,,,,1
Nimulid MD,Nimesulide 100mg mouth-dissolving,Medicine,Panacea Biotec,tablet,No,60,Tablet,,Strip,10,,Box,10,,2
Nimulid Suspension 60ml,Nimesulide 50mg/5ml,Medicine,,bottle,No,10,Bottle,,,,,,,,1
Voveran SR 100,Diclofenac Sodium 100mg sustained release,Medicine,Novartis,tablet,No,60,Tablet,,Strip,10,,Box,10,,2
Voveran Emulgel 30g,Diclofenac Diethylamine 1.16% gel,Medicine,Novartis,tube,No,12,Tube,,,,,,,,1
Zerodol MR,Aceclofenac 100mg + Paracetamol 325mg + Chlorzoxazone,Medicine,Ipca,tablet,No,40,Tablet,,Strip,10,,Box,10,,2
Nucoxia 60,Etoricoxib 60mg,Medicine,Zydus,tablet,No,40,Tablet,,Strip,10,,Box,10,,2
Nucoxia MR,Etoricoxib 60mg + Thiocolchicoside 4mg,Medicine,Zydus,tablet,No,30,Tablet,,Strip,10,,Box,10,,2
Dolonex DT 20,Piroxicam 20mg dispersible,Medicine,Pfizer,tablet,No,30,Tablet,,Strip,10,,Box,10,,2
Ultracet,Tramadol 37.5mg + Paracetamol 325mg,Medicine,Janssen,tablet,Yes,30,Tablet,,Strip,10,,Box,10,,2
Ketorol DT 10,Ketorolac Tromethamine 10mg,Medicine,Dr. Reddy's,tablet,No,30,Tablet,,Strip,10,,Box,10,,2
Myoril 4,Thiocolchicoside 4mg,Medicine,Sanofi,tablet,No,30,Tablet,,Strip,10,,Box,10,,2
Myospaz Forte,Chlorzoxazone + Paracetamol + Diclofenac,Medicine,Wockhardt,tablet,No,40,Tablet,,Strip,10,,Box,10,,2
Sirdalud 2,Tizanidine 2mg,Medicine,Novartis,tablet,No,30,Tablet,,Strip,10,,Box,10,,2
Ciplar 40,Propranolol Hydrochloride 40mg,Medicine,Cipla,tablet,No,30,Tablet,,Strip,10,,Box,10,,2
Suminat 50,Sumatriptan 50mg,Medicine,Sun Pharma,tablet,No,20,Tablet,,Strip,10,,Box,10,,2
Sibelium 10,Flunarizine 10mg,Medicine,Janssen,tablet,No,20,Tablet,,Strip,10,,Box,10,,2
Serodase 10,Serratiopeptidase 10mg,Medicine,,tablet,No,30,Tablet,,Strip,10,,Box,10,,2
Ketorolac Injection 1ml,Ketorolac Tromethamine 30mg/ml,Medicine,,vial,No,20,Ampoule,,,,,,,,1
Tramadol Injection 2ml,Tramadol Hydrochloride 50mg/ml,Medicine,,vial,Yes,15,Ampoule,,,,,,,,1
Novamox 250,Amoxycillin 250mg,Medicine,Cipla,capsule,No,60,Capsule,,Strip,10,,Box,10,,2
Klox 500,Cloxacillin Sodium 500mg,Medicine,,capsule,No,30,Capsule,,Strip,10,,Box,10,,2
Clavam 375,Amoxycillin 250mg + Clavulanic Acid 125mg,Medicine,Alkem,tablet,No,40,Tablet,,Strip,6,,Box,10,,2
Clavam Dry Syrup 30ml,Amoxycillin 200mg + Clavulanate 28.5mg per 5ml,Medicine,Alkem,bottle,No,10,Bottle,,,,,,,,1
Cefadrox 500,Cefadroxil 500mg,Medicine,Torrent,capsule,No,30,Capsule,,Strip,10,,Box,10,,2
Ceftum 500,Cefuroxime Axetil 500mg,Medicine,GSK,tablet,No,30,Tablet,,Strip,10,,Box,10,,2
Cefdinir 300mg,Cefdinir 300mg,Medicine,,tablet,No,30,Tablet,,Strip,10,,Box,10,,2
Zifi 200,Cefixime 200mg,Medicine,FDC,tablet,No,60,Tablet,,Strip,10,,Box,10,,2
Zifi-O,Cefixime 200mg + Ofloxacin 200mg,Medicine,FDC,tablet,No,40,Tablet,,Strip,10,,Box,10,,2
Zifi Dry Syrup 30ml,Cefixime 50mg/5ml,Medicine,FDC,bottle,No,10,Bottle,,,,,,,,1
Monocef 500mg Injection,Ceftriaxone Sodium 500mg,Medicine,Aristo,vial,No,20,Vial,,,,,,,,1
Taxim 1g Injection,Cefotaxime Sodium 1g,Medicine,Alkem,vial,No,15,Vial,,,,,,,,1
Mikacin 500 Injection,Amikacin Sulphate 500mg,Medicine,Aristo,vial,No,12,Vial,,,,,,,,1
Genticyn 80 Injection,Gentamicin Sulphate 80mg,Medicine,Abbott,vial,No,20,Ampoule,,,,,,,,1
Clarimac 500,Clarithromycin 500mg,Medicine,Macleods,tablet,No,30,Tablet,,Strip,10,,Box,10,,2
Roxid 150,Roxithromycin 150mg,Medicine,Alkem,tablet,No,30,Tablet,,Strip,10,,Box,10,,2
Linospan 600,Linezolid 600mg,Medicine,Cipla,tablet,No,15,Tablet,,Strip,10,,Box,10,,2
Septran DS,Sulphamethoxazole 800mg + Trimethoprim 160mg,Medicine,GSK,tablet,No,40,Tablet,,Strip,10,,Box,10,,2
Dalacin C 300,Clindamycin 300mg,Medicine,Pfizer,capsule,No,20,Capsule,,Strip,10,,Box,10,,2
Tiniba 500,Tinidazole 500mg,Medicine,Zydus,tablet,No,40,Tablet,,Strip,10,,Box,10,,2
Secnil 1g,Secnidazole 1g,Medicine,,tablet,No,20,Tablet,,Strip,10,,Box,10,,2
Ornidazole 500mg,Ornidazole 500mg,Medicine,,tablet,No,40,Tablet,,Strip,10,,Box,10,,2
Norflox 400,Norfloxacin 400mg,Medicine,Cipla,tablet,No,40,Tablet,,Strip,10,,Box,10,,2
Nitrofurantoin 50mg,Nitrofurantoin 50mg,Medicine,,tablet,No,30,Tablet,,Strip,10,,Box,10,,2
Fosfomycin 3g Sachet,Fosfomycin Trometamol 3g,Medicine,,sachet,No,15,Sachet,,,,,,,,1
Metrogyl Suspension 60ml,Metronidazole 200mg/5ml,Medicine,Abbott,bottle,No,10,Bottle,,,,,,,,1
Azithral Liquid 30ml,Azithromycin 100mg/5ml,Medicine,Alembic,bottle,No,8,Bottle,,,,,,,,1
Ciplox Suspension 30ml,Ciprofloxacin 250mg/5ml,Medicine,Cipla,bottle,No,8,Bottle,,,,,,,,1
Forcan 200,Fluconazole 200mg,Medicine,Cipla,tablet,No,20,Tablet,,,,,,,,1
Itaspor 100,Itraconazole 100mg,Medicine,Intas,capsule,No,20,Capsule,,Strip,10,,Box,10,,2
Terbinaforce 250,Terbinafine Hydrochloride 250mg,Medicine,Mankind,tablet,No,20,Tablet,,Strip,10,,Box,10,,2
Nizral 200,Ketoconazole 200mg,Medicine,Johnson & Johnson,tablet,No,20,Tablet,,Strip,10,,Box,10,,2
Acivir Cream 5g,Acyclovir 5% w/w,Medicine,Cipla,tube,No,10,Tube,,,,,,,,1
Valcivir 500,Valacyclovir 500mg,Medicine,Cipla,tablet,No,15,Tablet,,Strip,10,,Box,10,,2
Mebex 100,Mebendazole 100mg,Medicine,Cipla,tablet,No,30,Tablet,,Strip,10,,Box,10,,2
Mebex Suspension 10ml,Mebendazole 100mg/5ml,Medicine,Cipla,bottle,No,10,Bottle,,,,,,,,1
HCQS 200,Hydroxychloroquine Sulphate 200mg,Medicine,Ipca,tablet,No,20,Tablet,,Strip,10,,Box,10,,2
Ivermectol 12,Ivermectin 12mg,Medicine,Sun Pharma,tablet,No,20,Tablet,,Strip,10,,Box,10,,2
Razo D,Rabeprazole 20mg + Domperidone 30mg,Medicine,Dr. Reddy's,capsule,No,60,Capsule,,Strip,10,,Box,10,,2
Nexpro 20,Esomeprazole 20mg,Medicine,Torrent,tablet,No,40,Tablet,,Strip,10,,Box,10,,2
Sucrafil O Suspension 200ml,Sucralfate 1g + Oxetacaine per 10ml,Medicine,,bottle,No,8,Bottle,,,,,,,,1
Perinorm 10,Metoclopramide Hydrochloride 10mg,Medicine,Ipca,tablet,No,30,Tablet,,Strip,10,,Box,10,,2
Meva 135,Mebeverine Hydrochloride 135mg,Medicine,,tablet,No,20,Tablet,,Strip,10,,Box,10,,2
Rcifax 400,Rifaximin 400mg,Medicine,Sun Pharma,tablet,No,20,Tablet,,Strip,10,,Box,10,,2
Lactulose Solution 100ml,Lactulose 10g per 15ml,Medicine,,bottle,No,8,Bottle,,,,,,,,1
Econorm Sachet,Saccharomyces boulardii 250mg,Medicine,Dr. Reddy's,sachet,No,40,Sachet,,,,,,,,1
Vibact DS Capsule,Probiotic with Lactobacillus and Streptococcus,Medicine,USV,capsule,No,30,Capsule,,,,,,,,1
Cremaffin Plus 170ml,Liquid Paraffin + Milk of Magnesia + Sodium Picosulphate,Medicine,Abbott,bottle,No,8,Bottle,,,,,,,,1
Liv 52 Tablet,Ayurvedic hepatoprotective (Himsra and Kasani),Medicine,Himalaya,tablet,No,60,Tablet,,Strip,10,,Box,10,,2
Liv 52 Syrup 200ml,Ayurvedic hepatoprotective syrup,Medicine,Himalaya,bottle,No,10,Bottle,,,,,,,,1
Udiliv 300,Ursodeoxycholic Acid 300mg,Medicine,Abbott,tablet,No,20,Tablet,,Strip,10,,Box,10,,2
Colicaid Drops 15ml,Simethicone + Dill Oil + Fennel paediatric drops,Medicine,,drops,No,10,Bottle,,,,,,,,1
Domstal Suspension 30ml,Domperidone 1mg/ml,Medicine,Torrent,bottle,No,10,Bottle,,,,,,,,1
Emeset Syrup 30ml,Ondansetron 2mg/5ml,Medicine,Cipla,bottle,No,10,Bottle,,,,,,,,1
Aldactone 25,Spironolactone 25mg,Medicine,RPG Life Sciences,tablet,No,20,Tablet,,Strip,10,,Box,10,,2
Alkasol Syrup 100ml,Disodium Hydrogen Citrate 1.4g/5ml,Medicine,Stadmed,bottle,No,10,Bottle,,,,,,,,1
Amlopres 10,Amlodipine Besylate 10mg,Medicine,Cipla,tablet,No,60,Tablet,,Strip,10,,Box,10,,2
Amlopres AT,Amlodipine 5mg + Atenolol 50mg,Medicine,Cipla,tablet,No,40,Tablet,,Strip,10,,Box,10,,2
Telma 20,Telmisartan 20mg,Medicine,Glenmark,tablet,No,40,Tablet,,Strip,10,,Box,10,,2
Telma 80,Telmisartan 80mg,Medicine,Glenmark,tablet,No,40,Tablet,,Strip,10,,Box,10,,2
Telma AM,Telmisartan 40mg + Amlodipine 5mg,Medicine,Glenmark,tablet,No,40,Tablet,,Strip,10,,Box,10,,2
Olmezest 20,Olmesartan Medoxomil 20mg,Medicine,Zydus,tablet,No,30,Tablet,,Strip,10,,Box,10,,2
Cardace 5,Ramipril 5mg,Medicine,Sanofi,tablet,No,30,Tablet,,Strip,10,,Box,10,,2
Envas 5,Enalapril Maleate 5mg,Medicine,Cadila,tablet,No,30,Tablet,,Strip,10,,Box,10,,2
Nebicard 5,Nebivolol 5mg,Medicine,Torrent,tablet,No,30,Tablet,,Strip,10,,Box,10,,2
Concor 5,Bisoprolol Fumarate 5mg,Medicine,Merck,tablet,No,30,Tablet,,Strip,10,,Box,10,,2
Carvedilol 6.25mg,Carvedilol 6.25mg,Medicine,,tablet,No,20,Tablet,,Strip,10,,Box,10,,2
Hydrochlorothiazide 12.5mg,Hydrochlorothiazide 12.5mg,Medicine,,tablet,No,30,Tablet,,Strip,10,,Box,10,,2
Lanoxin 0.25,Digoxin 0.25mg,Medicine,GSK,tablet,No,20,Tablet,,Strip,10,,Box,10,,2
Monotrate 20,Isosorbide Mononitrate 20mg,Medicine,Sun Pharma,tablet,No,20,Tablet,,Strip,10,,Box,10,,2
Atorva 20,Atorvastatin Calcium 20mg,Medicine,Zydus,tablet,No,40,Tablet,,Strip,10,,Box,10,,2
Atorva 40,Atorvastatin Calcium 40mg,Medicine,Zydus,tablet,No,30,Tablet,,Strip,10,,Box,10,,2
Rosuvas 5,Rosuvastatin Calcium 5mg,Medicine,Sun Pharma,tablet,No,30,Tablet,,Strip,10,,Box,10,,2
Rosuvas 20,Rosuvastatin Calcium 20mg,Medicine,Sun Pharma,tablet,No,30,Tablet,,Strip,10,,Box,10,,2
Lipicard 145,Fenofibrate 145mg,Medicine,USV,tablet,No,20,Tablet,,Strip,10,,Box,10,,2
Glycomet SR 500,Metformin Hydrochloride 500mg sustained release,Medicine,USV,tablet,No,60,Tablet,,Strip,20,,Box,10,,2
Glycomet SR 1000,Metformin Hydrochloride 1000mg sustained release,Medicine,USV,tablet,No,40,Tablet,,Strip,15,,Box,10,,2
Glycomet-GP 2,Metformin 500mg + Glimepiride 2mg,Medicine,USV,tablet,No,40,Tablet,,Strip,10,,Box,10,,2
Amaryl 1,Glimepiride 1mg,Medicine,Sanofi,tablet,No,30,Tablet,,Strip,10,,Box,10,,2
Diamicron MR 60,Gliclazide 60mg modified release,Medicine,Servier,tablet,No,30,Tablet,,Strip,10,,Box,10,,2
Januvia 100,Sitagliptin Phosphate 100mg,Medicine,MSD,tablet,No,20,Tablet,,Strip,10,,Box,10,,2
Teneligliptin 20mg,Teneligliptin 20mg,Medicine,,tablet,No,40,Tablet,,Strip,10,,Box,10,,2
Galvus 50,Vildagliptin 50mg,Medicine,Novartis,tablet,No,20,Tablet,,Strip,10,,Box,10,,2
Forxiga 10,Dapagliflozin 10mg,Medicine,AstraZeneca,tablet,No,20,Tablet,,Strip,10,,Box,10,,2
Voglibose 0.3mg,Voglibose 0.3mg,Medicine,,tablet,No,20,Tablet,,Strip,10,,Box,10,,2
Actrapid Vial 10ml,Insulin Human soluble 40 IU/ml,Medicine,Novo Nordisk,vial,No,4,Vial,,,,,,,,1
Lantus Cartridge 3ml,Insulin Glargine 100 IU/ml,Medicine,Sanofi,vial,No,4,Cartridge,,,,,,,,1
Insulin Syringe 40 IU,Disposable insulin syringe with needle,Consumable,,box,No,100,Piece,,,,,,,,1
Thyronorm 25mcg,Levothyroxine Sodium 25mcg,Medicine,Abbott,tablet,No,60,Tablet,,Strip,10,,Box,10,,2
Thyronorm 100mcg,Levothyroxine Sodium 100mcg,Medicine,Abbott,tablet,No,60,Tablet,,Strip,10,,Box,10,,2
Neomercazole 5,Carbimazole 5mg,Medicine,Abbott,tablet,No,20,Tablet,,Strip,10,,Box,10,,2
Montair 5 Kid,Montelukast Sodium 5mg chewable,Medicine,Cipla,tablet,No,30,Tablet,,Strip,10,,Box,10,,2
Montair-LC Kid Syrup 60ml,Montelukast 4mg + Levocetirizine 2.5mg per 5ml,Medicine,Cipla,bottle,No,10,Bottle,,,,,,,,1
Cetirizine Drops 15ml,Cetirizine Hydrochloride 2.5mg/ml,Medicine,,drops,No,10,Bottle,,,,,,,,1
Bilastine 20mg,Bilastine 20mg,Medicine,,tablet,No,30,Tablet,,Strip,10,,Box,10,,2
Ebast 10,Ebastine 10mg,Medicine,Micro Labs,tablet,No,30,Tablet,,Strip,10,,Box,10,,2
Doxobid 400,Doxofylline 400mg,Medicine,Zydus,tablet,No,20,Tablet,,Strip,10,,Box,10,,2
Asthalin Syrup 100ml,Salbutamol 2mg/5ml,Medicine,Cipla,bottle,No,10,Bottle,,,,,,,,1
Mucolite Syrup 100ml,Ambroxol Hydrochloride 15mg/5ml,Medicine,Cipla,bottle,No,10,Bottle,,,,,,,,1
Budecort Respules 0.5mg,Budesonide 0.5mg/2ml,Medicine,Cipla,vial,No,20,Respule,,,,,,,,1
Ipravent Respules 2ml,Ipratropium Bromide 500mcg/2ml,Medicine,Cipla,vial,No,20,Respule,,,,,,,,1
Foracort 400 Inhaler,Budesonide 400mcg + Formoterol 6mcg,Medicine,Cipla,box,No,4,Inhaler,,,,,,,,1
Seroflo 250 Inhaler,Salmeterol 25mcg + Fluticasone 250mcg,Medicine,Cipla,box,No,4,Inhaler,,,,,,,,1
Flomist Nasal Spray,Fluticasone Furoate 27.5mcg per spray,Medicine,Cipla,bottle,No,8,Bottle,,,,,,,,1
Otrivin Paediatric Drops 10ml,Xylometazoline 0.05%,Medicine,Haleon,drops,No,10,Bottle,,,,,,,,1
Nasoclear Nasal Spray 15ml,Sodium Chloride 0.65% saline,Medicine,,bottle,No,10,Bottle,,,,,,,,1
Honitus Syrup 100ml,Ayurvedic cough syrup with Tulsi and Mulethi,Medicine,Dabur,bottle,No,10,Bottle,,,,,,,,1
Koflet Lozenges,Ayurvedic throat lozenge,Medicine,Himalaya,strip,No,30,Lozenge,,,,,,,,1
Karvol Plus Capsule,Inhalant capsule with Menthol and Eucalyptus,Medicine,,capsule,No,30,Capsule,,,,,,,,1
Tenovate Cream 20g,Clobetasol Propionate 0.05%,Medicine,GSK,tube,No,12,Tube,,,,,,,,1
Elocon Cream 15g,Mometasone Furoate 0.1%,Medicine,Organon,tube,No,10,Tube,,,,,,,,1
Fucidin Cream 15g,Fusidic Acid 2%,Medicine,Leo Pharma,tube,No,10,Tube,,,,,,,,1
Candid Dusting Powder 100g,Clotrimazole 1% powder,Medicine,Glenmark,box,No,12,Bottle,,,,,,,,1
Lulifin Cream 10g,Luliconazole 1%,Medicine,Sun Pharma,tube,No,10,Tube,,,,,,,,1
Benzac AC 2.5% Gel 20g,Benzoyl Peroxide 2.5%,Medicine,Galderma,tube,No,10,Tube,,,,,,,,1
Adaferin Gel 15g,Adapalene 0.1%,Medicine,Galderma,tube,No,10,Tube,,,,,,,,1
Clindac A Gel 15g,Clindamycin Phosphate 1%,Medicine,Galderma,tube,No,10,Tube,,,,,,,,1
Mintop 5% Solution 60ml,Minoxidil 5% topical solution,Medicine,Dr. Reddy's,bottle,No,8,Bottle,,,,,,,,1
Scalpe Plus Shampoo 75ml,Ketoconazole 2% + ZPTO 1%,Medicine,Glenmark,bottle,No,8,Bottle,,,,,,,,1
Betnovate-C Cream 20g,Betamethasone + Clioquinol,Medicine,Haleon,tube,No,10,Tube,,,,,,,,1
Panderm Plus Cream 15g,Clobetasol + Ofloxacin + Ornidazole + Terbinafine,Medicine,Macleods,tube,No,10,Tube,,,,,,,,1
Moisturex Cream 75g,Urea and lactic acid moisturiser,Consumable,Glenmark,box,No,10,Jar,,,,,,,,1
Venusia Max Lotion 150ml,Intensive moisturising lotion,Consumable,Dr. Reddy's,bottle,No,8,Bottle,,,,,,,,1
La Shield Sunscreen SPF 40 50g,Broad spectrum sunscreen gel,Other,Glenmark,tube,No,8,Tube,,,,,,,,1
Silverex Ionic Cream 50g,Silver Sulphadiazine 1% w/w,Medicine,Ranbaxy,tube,No,6,Tube,,,,,,,,1
Odomos Cream 50g,Mosquito repellent cream with N-Diethylbenzamide,Other,Dabur,tube,No,20,Tube,,,,,,,,1
Nycil Prickly Heat Powder 150g,Chlorphenesin dusting powder,Other,Zydus Wellness,box,No,12,Bottle,,,,,,,,1
Zandu Balm 25ml,Ayurvedic pain balm,Other,Emami,box,No,24,Bottle,,,,,,,,1
Toba Eye Drops 5ml,Tobramycin 0.3% w/v,Medicine,Sun Pharma,drops,No,8,Bottle,,,,,,,,1
Predmet Eye Drops 5ml,Prednisolone Acetate 1%,Medicine,Sun Pharma,drops,No,6,Bottle,,,,,,,,1
Winolap Eye Drops 5ml,Olopatadine Hydrochloride 0.1%,Medicine,Sun Pharma,drops,No,8,Bottle,,,,,,,,1
Glucomol Eye Drops 5ml,Timolol Maleate 0.5%,Medicine,FDC,drops,No,6,Bottle,,,,,,,,1
Otek-OF Ear Drops 5ml,Ofloxacin 0.3% ear drops,Medicine,Micro Labs,drops,No,8,Bottle,,,,,,,,1
Soliwax Ear Drops 10ml,Paradichlorobenzene wax softening drops,Medicine,,drops,No,8,Bottle,,,,,,,,1
Moisol Eye Drops 10ml,Hydroxypropyl Methylcellulose lubricant,Medicine,,drops,No,8,Bottle,,,,,,,,1
Regestrone 5,Norethisterone 5mg,Medicine,Sun Pharma,tablet,No,20,Tablet,,Strip,10,,Box,10,,2
Deviry 10,Medroxyprogesterone Acetate 10mg,Medicine,Torrent,tablet,No,20,Tablet,,Strip,10,,Box,10,,2
Fertyl 50,Clomiphene Citrate 50mg,Medicine,Svizera,tablet,No,15,Tablet,,Strip,10,,Box,10,,2
Susten 200,Natural Micronised Progesterone 200mg,Medicine,Sun Pharma,capsule,No,20,Capsule,,Strip,10,,Box,10,,2
Autrin Tablet,Iron + Folic Acid + Vitamin B12,Medicine,Pfizer,tablet,No,60,Tablet,,Strip,10,,Box,10,,2
Urimax 0.4,Tamsulosin Hydrochloride 0.4mg,Medicine,Cipla,capsule,No,30,Capsule,,Strip,10,,Box,10,,2
Finast 5,Finasteride 5mg,Medicine,Dr. Reddy's,tablet,No,20,Tablet,,Strip,10,,Box,10,,2
Manforce 50,Sildenafil Citrate 50mg,Medicine,Mankind,tablet,No,20,Tablet,,Strip,4,,Box,10,,2
Manforce Condom,Latex condom 3-piece pack,Consumable,Mankind,box,No,40,Packet,,,,,,,,1
Durex Condom,Latex condom 3-piece pack,Consumable,Reckitt,box,No,24,Packet,,,,,,,,1
Sofy Bodyfit XL,Sanitary napkin,Other,Unicharm,box,No,20,Packet,,,,,,,,1
Menstrual Cup,Reusable silicone menstrual cup,Other,,box,No,6,Piece,,,,,,,,1
Gabapin 300,Gabapentin 300mg,Medicine,Intas,capsule,No,20,Capsule,,Strip,10,,Box,10,,2
Pregeb 75,Pregabalin 75mg,Medicine,Intas,capsule,No,20,Capsule,,Strip,10,,Box,10,,2
Levera 500,Levetiracetam 500mg,Medicine,Intas,tablet,No,20,Tablet,,Strip,10,,Box,10,,2
Valparin 200,Sodium Valproate 200mg,Medicine,Sanofi,tablet,No,20,Tablet,,Strip,10,,Box,10,,2
Eptoin 100,Phenytoin Sodium 100mg,Medicine,Abbott,tablet,No,20,Tablet,,Strip,10,,Box,10,,2
Tegretol 200,Carbamazepine 200mg,Medicine,Novartis,tablet,No,20,Tablet,,Strip,10,,Box,10,,2
Nexito 10,Escitalopram Oxalate 10mg,Medicine,Sun Pharma,tablet,No,20,Tablet,,Strip,10,,Box,10,,2
Serta 50,Sertraline Hydrochloride 50mg,Medicine,Torrent,tablet,No,20,Tablet,,Strip,10,,Box,10,,2
Fludac 20,Fluoxetine Hydrochloride 20mg,Medicine,Cadila,capsule,No,20,Capsule,,Strip,10,,Box,10,,2
Oleanz 5,Olanzapine 5mg,Medicine,Sun Pharma,tablet,No,20,Tablet,,Strip,10,,Box,10,,2
Risdone 2,Risperidone 2mg,Medicine,Intas,tablet,No,20,Tablet,,Strip,10,,Box,10,,2
Qutipin 25,Quetiapine Fumarate 25mg,Medicine,Sun Pharma,tablet,No,20,Tablet,,Strip,10,,Box,10,,2
Zolfresh 10,Zolpidem Tartrate 10mg,Medicine,Abbott,tablet,Yes,20,Tablet,,Strip,10,,Box,10,,2
Etilaam 0.5,Etizolam 0.5mg,Medicine,Intas,tablet,Yes,20,Tablet,,Strip,10,,Box,10,,2
Frisium 10,Clobazam 10mg,Medicine,Sanofi,tablet,Yes,20,Tablet,,Strip,10,,Box,10,,2
Donep 5,Donepezil Hydrochloride 5mg,Medicine,,tablet,No,15,Tablet,,Strip,10,,Box,10,,2
Vertin 8,Betahistine Dihydrochloride 8mg,Medicine,Abbott,tablet,No,30,Tablet,,Strip,10,,Box,10,,2
Nurokind Plus,Methylcobalamin 1500mcg with Folic Acid,Medicine,Mankind,tablet,No,40,Tablet,,Strip,10,,Box,10,,2
Methylcobalamin Injection 1ml,Methylcobalamin 500mcg/ml,Medicine,,vial,No,20,Ampoule,,,,,,,,1
Shelcal-HD,Calcium Carbonate 500mg + Vitamin D3 2000 IU,Medicine,Torrent,tablet,No,60,Tablet,,Strip,15,,Box,10,,2
Calcium + Magnesium + Zinc,Calcium Citrate with Magnesium and Zinc,Medicine,,tablet,No,40,Tablet,,Strip,15,,Box,10,,2
Uprise D3 60K,Cholecalciferol 60000 IU,Medicine,Alkem,capsule,No,40,Capsule,,,,,,,,1
Seacod Capsule,Cod liver oil with Omega 3,Medicine,Universal,box,No,20,Capsule,,,,,,,,1
Protinex 400g,Protein nutrition powder,Other,Danone,box,No,8,Jar,,,,,,,,1
Pediasure 400g,Child nutrition powder,Other,Abbott,box,No,8,Jar,,,,,,,,1
Ensure 400g,Adult nutrition powder,Other,Abbott,box,No,8,Jar,,,,,,,,1
Zincovit Drops 15ml,Multivitamin and multimineral paediatric drops,Medicine,Apex Laboratories,drops,No,10,Bottle,,,,,,,,1
Lycostar Capsule,Lycopene with multivitamins and minerals,Medicine,,capsule,No,30,Capsule,,,,,,,,1
Vitamin D3 1000 IU,Cholecalciferol 1000 IU,Medicine,,tablet,No,40,Tablet,,Strip,15,,Box,10,,2
Folvite 5mg,Folic Acid 5mg,Medicine,Pfizer,tablet,No,60,Tablet,,Strip,10,,Box,10,,2
Cerelac Wheat 300g,Infant cereal from six months,Other,Nestle,box,No,10,Tin,,,,,,,,1
Lactogen 1 400g,Infant formula from birth,Other,Nestle,box,No,8,Tin,,,,,,,,1
Nan Pro 2 400g,Follow-up formula from six months,Other,Nestle,box,No,8,Tin,,,,,,,,1
Dabur Chyawanprash 500g,Ayurvedic health supplement,Other,Dabur,box,No,10,Jar,,,,,,,,1
Cystone Tablet,Ayurvedic formulation for urinary health,Medicine,Himalaya,tablet,No,30,Tablet,,Strip,10,,Box,10,,2
Septilin Tablet,Ayurvedic immunity formulation,Medicine,Himalaya,tablet,No,30,Tablet,,Strip,10,,Box,10,,2
Bonnisan Drops 30ml,Ayurvedic paediatric digestive drops,Medicine,Himalaya,drops,No,10,Bottle,,,,,,,,1
Pudin Hara Pearls,Ayurvedic mint capsules for indigestion,Medicine,Dabur,strip,No,40,Capsule,,,,,,,,1
Frusemide Injection 2ml,Furosemide 10mg/ml,Medicine,,vial,No,20,Ampoule,,,,,,,,1
Atropine Injection 1ml,Atropine Sulphate 0.6mg/ml,Medicine,,vial,No,15,Ampoule,,,,,,,,1
Calcium Gluconate Injection 10ml,Calcium Gluconate 10%,Medicine,,vial,No,15,Ampoule,,,,,,,,1
Magnesium Sulphate Injection 10ml,Magnesium Sulphate 50%,Medicine,,vial,No,12,Ampoule,,,,,,,,1
Vitamin K Injection 1ml,Phytomenadione 10mg/ml,Medicine,,vial,No,20,Ampoule,,,,,,,,1
Oxytocin Injection 1ml,Oxytocin 5 IU/ml,Medicine,,vial,No,20,Ampoule,,,,,,,,1
Methylergometrine Injection 1ml,Methylergometrine Maleate 0.2mg/ml,Medicine,,vial,No,20,Ampoule,,,,,,,,1
Aminophylline Injection 10ml,Aminophylline 25mg/ml,Medicine,,vial,No,12,Ampoule,,,,,,,,1
Deriphyllin Injection 2ml,Etofylline + Theophylline,Medicine,Zydus,vial,No,15,Ampoule,,,,,,,,1
Tetanus Immunoglobulin 250 IU,Human tetanus immunoglobulin 250 IU,Medicine,,vial,No,6,Vial,,,,,,,,1
Dextrose 25% 100ml,Dextrose 25% intravenous infusion,Medicine,,bottle,No,12,Bottle,,,,,,,,1
Metronidazole IV 100ml,Metronidazole 500mg/100ml infusion,Medicine,,bottle,No,15,Bottle,,,,,,,,1
Ciprofloxacin IV 100ml,Ciprofloxacin 200mg/100ml infusion,Medicine,,bottle,No,12,Bottle,,,,,,,,1
Paracetamol IV 100ml,Paracetamol 1g/100ml infusion,Medicine,,bottle,No,12,Bottle,,,,,,,,1
Surgical Blade No. 11,Sterile carbon steel surgical blade,Consumable,,box,No,100,Piece,,Box,100,,,,,1
Surgical Blade No. 15,Sterile carbon steel surgical blade,Consumable,,box,No,100,Piece,,Box,100,,,,,1
Catgut Suture 2-0,Chromic catgut with needle,Consumable,,box,No,20,Piece,,,,,,,,1
Silk Suture 2-0,Braided silk with needle,Consumable,,box,No,20,Piece,,,,,,,,1
Crepe Bandage 15cm,Elastic crepe bandage,Consumable,,box,No,15,Roll,,,,,,,,1
Gauze Bandage 6 inch,Sterile roller gauze bandage,Consumable,,box,No,20,Roll,,,,,,,,1
POP Bandage 6 inch,Plaster of Paris bandage,Consumable,,box,No,15,Roll,,,,,,,,1
Sterile Gauze Pad 4x4,Sterile gauze swab,Consumable,,sachet,No,100,Piece,,Box,100,,,,,1
Eye Pad Sterile,Sterile ophthalmic eye pad,Consumable,,box,No,30,Piece,,,,,,,,1
Foley Catheter 16 Fr,Two-way silicone Foley catheter,Consumable,,box,No,15,Piece,,,,,,,,1
Urine Drainage Bag 2L,Urine collection bag with outlet,Consumable,,box,No,20,Piece,,,,,,,,1
Ryles Tube 16 Fr,Nasogastric feeding tube,Consumable,,box,No,10,Piece,,,,,,,,1
Suction Catheter 12 Fr,Sterile suction catheter,Consumable,,box,No,20,Piece,,,,,,,,1
Oxygen Mask Adult,Oxygen face mask with tubing,Consumable,,box,No,15,Piece,,,,,,,,1
Nasal Oxygen Cannula,Nasal prongs with tubing,Consumable,,box,No,20,Piece,,,,,,,,1
N95 Face Mask,Filtering facepiece respirator,Consumable,,box,No,50,Piece,,Box,20,,,,,1
Disposable Cap,Non-woven surgical cap,Consumable,,box,No,100,Piece,,Box,100,,,,,1
Disposable Apron,Plastic protective apron,Consumable,,box,No,50,Piece,,,,,,,,1
Adult Diaper Large,Disposable adult diaper,Consumable,,box,No,20,Packet,,,,,,,,1
Underpad 60x90,Disposable bed protection sheet,Consumable,,box,No,30,Piece,,,,,,,,1
Hot Water Bag,Rubber hot water bottle,Other,,box,No,10,Piece,,,,,,,,1
Ice Bag,Rubber ice bag for cold compress,Other,,box,No,10,Piece,,,,,,,,1
Knee Cap Medium,Elastic knee support,Other,,box,No,10,Piece,,,,,,,,1
LS Belt Medium,Lumbosacral support belt,Other,,box,No,8,Piece,,,,,,,,1
Cervical Collar Medium,Soft cervical collar,Other,,box,No,8,Piece,,,,,,,,1
Digital BP Machine,Automatic upper-arm blood pressure monitor,Other,,box,No,5,Piece,,,,,,,,1
Pulse Oximeter,Fingertip pulse oximeter,Other,,box,No,8,Piece,,,,,,,,1
Glucometer Machine,Blood glucose monitoring machine with strips,Other,,box,No,5,Piece,,,,,,,,1
Nebuliser Machine,Compressor nebuliser with mask set,Other,,box,No,4,Piece,,,,,,,,1
Hand Sanitizer 500ml,Ethyl Alcohol 70% v/v gel,Consumable,,bottle,No,12,Bottle,,,,,,,,1
Dettol Handwash 200ml,Antibacterial liquid handwash,Other,Reckitt,bottle,No,12,Bottle,,,,,,,,1
Dove Beauty Bar 100g,Moisturising cleansing bar,Other,Unilever,box,No,24,Piece,,,,,,,,1
Himalaya Neem Face Wash 100ml,Purifying neem face wash,Other,Himalaya,tube,No,12,Tube,,,,,,,,1
Himalaya Baby Soap 75g,Gentle baby bathing bar,Other,Himalaya,box,No,24,Piece,,,,,,,,1
Himalaya Baby Lotion 200ml,Moisturising baby lotion,Other,Himalaya,bottle,No,12,Bottle,,,,,,,,1
Head and Shoulders 180ml,Anti-dandruff shampoo,Other,Procter & Gamble,bottle,No,12,Bottle,,,,,,,,1
Clinic Plus Shampoo 175ml,Everyday shampoo,Other,Unilever,bottle,No,12,Bottle,,,,,,,,1
Dabur Red Toothpaste 100g,Ayurvedic toothpaste,Other,Dabur,tube,No,24,Tube,,,,,,,,1
Listerine Mouthwash 250ml,Antiseptic mouthwash,Other,Johnson & Johnson,bottle,No,12,Bottle,,,,,,,,1
Vaseline Lip Therapy 10g,Lip balm,Other,Unilever,box,No,24,Piece,,,,,,,,1
Cotton Buds 100 pcs,Cotton tipped applicators,Other,,box,No,24,Packet,,,,,,,,1
Baby Feeding Bottle 250ml,BPA-free feeding bottle,Other,,box,No,12,Piece,,,,,,,,1
Baby Soother,Silicone pacifier,Other,,box,No,12,Piece,,,,,,,,1
Good Knight Refill 45ml,Mosquito repellent liquid refill,Other,Godrej,box,No,12,Piece,,,,,,,,1
Glucon-D Orange 400g,Dextrose energy powder with orange,Consumable,Zydus Wellness,box,No,12,Packet,,,,,,,,1
Evita 400,Vitamin E 400mg,Medicine,,capsule,No,60,Capsule,,Strip,10,,Box,10,,2
Eva 600,Vitamin E 600mg,Medicine,,capsule,No,60,Capsule,,Strip,10,,Box,10,,2
Mecomin-S,Mecobalamin sublingual tablets,Medicine,,tablet,No,60,Tablet,,Strip,10,,Box,10,,2
Sitapro M 1000,Sitagliptin + Metformin Hydrochloride 1000mg,Medicine,,tablet,No,60,Tablet,,Strip,10,,Box,10,,2
Omepraz-20,Omeprazole 20mg,Medicine,Alkem,capsule,No,100,Capsule,,Strip,10,,Box,10,,2
E3 Max,Omega-3 fatty acids with Wheat Germ Oil and Vitamin E,Medicine,,capsule,No,60,Capsule,,Strip,10,,Box,10,,2
D3-Vita,Cholecalciferol 60000 IU,Medicine,,tablet,No,40,Tablet,,,,,,,,1
Vitcobin-1500,Methylcobalamin 1500mcg,Medicine,,tablet,No,60,Tablet,,Strip,10,,Box,10,,2
Asvit,Ascorbic Acid 500mg chewable,Medicine,,tablet,No,100,Tablet,,Strip,10,,Box,10,,2
Newron 1500,Methylcobalamin 1500mcg,Medicine,,tablet,No,60,Tablet,,Strip,10,,Box,10,,2
Cobalix 1500,Methylcobalamin 1500mcg,Medicine,,tablet,No,60,Tablet,,Strip,10,,Box,10,,2
Aerolin-4,Salbutamol 4mg,Medicine,Arya Pharmaceutical,tablet,No,100,Tablet,,Strip,10,,Box,10,,2
Arthrovit,"Collagen Peptide Type II with Glucosamine, Chondroitin, MSM and Vitamin D3",Medicine,,tablet,No,60,Tablet,,Strip,10,,Box,10,,2
Cure Vit 60K,Cholecalciferol 60000 IU,Medicine,,capsule,No,40,Capsule,,,,,,,,1
Deevit Plus,Calcitriol 0.25mcg + Calcium Carbonate 500mg + Zinc,Medicine,,capsule,No,60,Capsule,,Strip,10,,Box,10,,2
Calcivish,Calcium Citrate with Vitamin D3 and minerals,Medicine,,tablet,No,60,Tablet,,Box,30,,,,,2
Vtan-M,"Calcium Carbonate, Vitamin D3, Methylcobalamin, Vitamin K2-7, Zinc and Magnesium",Medicine,,tablet,No,60,Tablet,,Strip,10,,Box,10,,2
Syntran 200,Itraconazole 200mg,Medicine,,capsule,No,40,Capsule,,Strip,10,,Box,10,,2
Etoaid 90,Etoricoxib 90mg,Medicine,Arya Pharmaceutical,tablet,No,60,Tablet,,Strip,10,,Box,10,,2
Panta Fast,Pantoprazole,Medicine,,tablet,No,100,Tablet,,Strip,10,,Box,10,,2
Paraflam,Ibuprofen 400mg + Paracetamol 500mg,Medicine,,tablet,No,100,Tablet,,Strip,10,,Box,10,,2
Nilocon White,Combined oral contraceptive pill,Medicine,,strip,No,20,Packet,,,,,,,,1
Amfol-XT,Ferrous Ascorbate with Folic Acid,Medicine,Amtech Med,tablet,No,60,Tablet,,Strip,10,,Box,10,,2
Acnetret-10,Isotretinoin 10mg,Medicine,Deurali-Janta,capsule,No,40,Capsule,,Strip,10,,Box,10,,2
Acnetret-20,Isotretinoin 20mg,Medicine,Deurali-Janta,capsule,No,40,Capsule,,Strip,10,,Box,10,,2
Folvin,Folic Acid,Medicine,,tablet,No,100,Tablet,,Strip,10,,Box,10,,2
Dromus 40,Drotaverine Hydrochloride 40mg,Medicine,,tablet,No,60,Tablet,,Strip,10,,Box,10,,2
Ifol XT,Ferrous Ascorbate equivalent to elemental Iron 100mg + Folic Acid 1.5mg,Medicine,,capsule,No,60,Capsule,,Strip,10,,Box,10,,2
Shelcal CT,Calcium with Calcitriol,Medicine,Torrent,tablet,No,60,Tablet,,Strip,15,,Box,10,,2
Arnimes 100,Nimesulide 100mg,Medicine,,tablet,No,60,Tablet,,Strip,10,,Box,10,,2
Everose Softgel,Evening Primrose Oil 1000mg,Medicine,DS Medi Link,capsule,No,40,Capsule,,Strip,10,,Box,10,,2
Silocap 8,Silodosin 8mg,Medicine,,capsule,No,40,Capsule,,Strip,10,,Box,10,,2
Sarpcal-D,"Calcium Citrate, Methylcobalamin, Vitamin K2-7 and Vitamin D3 with Zinc",Medicine,,tablet,No,60,Tablet,,Box,30,,,,,2
Neo Bact,Prebiotic and probiotic capsules,Medicine,,capsule,No,30,Capsule,,Box,30,,,,,2
Thyronorm 12.5mcg,Levothyroxine Sodium 12.5mcg,Medicine,Abbott,tablet,No,60,Tablet,,Bottle,120,,Box,12,,2
Thyronorm 62.5mcg,Levothyroxine Sodium 62.5mcg,Medicine,Abbott,tablet,No,60,Tablet,,Bottle,120,,Box,12,,2
Gestofit 200,Progesterone 200mg,Medicine,,capsule,No,40,Capsule,,Strip,10,,Box,10,,2
Menosan,Ayurvedic formulation for menopausal support,Medicine,Himalaya,tablet,No,30,Tablet,,Strip,10,,Box,10,,2
Pilex Tablet,Ayurvedic formulation for haemorrhoids,Medicine,Himalaya,tablet,No,30,Tablet,,Strip,10,,Box,10,,2
Softovac-O,Bowel regulator powder,Medicine,Lupin,box,No,8,Packet,,,,,,,,1
Nescoplex Syrup 200ml,Multivitamin syrup,Medicine,,bottle,No,8,Bottle,,,,,,,,1
Viva Syrup 200ml,"Vitamin B-Complex syrup, sugar free",Medicine,Prime Pharmaceuticals,bottle,No,8,Bottle,,,,,,,,1
Viva-Z Syrup 200ml,"Vitamin B-Complex with Zinc syrup, sugar free",Medicine,Prime Pharmaceuticals,bottle,No,8,Bottle,,,,,,,,1
Aclov Suspension 100ml,Acyclovir oral suspension,Medicine,,bottle,No,8,Bottle,,,,,,,,1
Prodoxime 100 Dry Syrup 60ml,Cefpodoxime Proxetil 100mg/5ml oral suspension,Medicine,,bottle,No,8,Bottle,,,,,,,,1
Fluclass Syrup 100ml,Flucloxacillin oral solution,Medicine,Arya Pharmaceutical,bottle,No,8,Bottle,,,,,,,,1
Apitron Syrup 200ml,Appetite stimulant syrup,Medicine,,bottle,No,8,Bottle,,,,,,,,1
Kas-Nas Cough Syrup 100ml,Ayurvedic cough syrup,Medicine,,bottle,No,8,Bottle,,,,,,,,1
Primol DS Suspension 60ml,Paracetamol paediatric oral suspension,Medicine,,bottle,No,8,Bottle,,,,,,,,1
Raniped Syrup 60ml,Ranitidine 75mg/5ml oral solution,Medicine,,bottle,No,8,Bottle,,,,,,,,1
Laxilose Syrup 200ml,Lactulose solution,Medicine,Arya Pharmaceutical,bottle,No,8,Bottle,,,,,,,,1
Niko DS Suspension 60ml,Paracetamol oral suspension,Medicine,,bottle,No,8,Bottle,,,,,,,,1
Niko Suspension 60ml,Paracetamol oral suspension,Medicine,,bottle,No,8,Bottle,,,,,,,,1
Mefiwell-P Suspension 60ml,Mefenamic Acid + Paracetamol suspension,Medicine,Prime Pharmaceuticals,bottle,No,8,Bottle,,,,,,,,1
Grandem Syrup,Granisetron syrup,Medicine,Alkemist,bottle,No,8,Bottle,,,,,,,,1
Nemox Dry Syrup,Amoxicillin for oral suspension,Medicine,,bottle,No,8,Bottle,,,,,,,,1
Clavam Forte Dry Syrup 30ml,Amoxicillin + Potassium Clavulanate 5.1g/30ml,Medicine,Alkem,bottle,No,8,Bottle,,,,,,,,1
Clavam BID Dry Syrup 30ml,Amoxicillin + Potassium Clavulanate 5g/30ml,Medicine,Alkem,bottle,No,8,Bottle,,,,,,,,1
Mega-CV Dry Syrup 228.5mg,Amoxicillin + Potassium Clavulanate oral suspension,Medicine,Alkemist,bottle,No,8,Bottle,,,,,,,,1
Cefwar 100 Dry Syrup 60ml,Cefpodoxime Proxetil 100mg/5ml oral suspension,Medicine,Lomus,bottle,No,8,Bottle,,,,,,,,1
Zellar Suspension,Fexofenadine Hydrochloride suspension,Medicine,,bottle,No,8,Bottle,,,,,,,,1
Brica-BM Syrup 100ml,Terbutaline Sulphate + Bromhexine Hydrochloride syrup,Medicine,Arya Pharmaceutical,bottle,No,8,Bottle,,,,,,,,1
Tulsi Kuf Syrup 100ml,"Ayurvedic cough syrup, sugar free",Medicine,Lumbini,bottle,No,8,Bottle,,,,,,,,1
Livosave Syrup 100ml,Ayurvedic liver tonic,Medicine,Lumbini,bottle,No,8,Bottle,,,,,,,,1
Remcet-L Syrup 60ml,Levocetirizine Dihydrochloride syrup,Medicine,Nepal Remedies,bottle,No,8,Bottle,,,,,,,,1
Proate Oral Solution 200ml,Sodium Valproate oral solution,Medicine,,bottle,No,8,Bottle,,,,,,,,1
Multi-Z Syrup,Multivitamin with Zinc syrup,Medicine,,bottle,No,8,Bottle,,,,,,,,1
DV 400 Syrup,Cholecalciferol oral syrup,Medicine,,bottle,No,8,Bottle,,,,,,,,1
Aben Suspension,Albendazole oral suspension,Medicine,,bottle,No,8,Bottle,,,,,,,,1
CTZ Syrup,Cetirizine syrup,Medicine,,bottle,No,8,Bottle,,,,,,,,1
Aziwell-200 Dry Syrup 30ml,Azithromycin 200mg/5ml oral suspension,Medicine,Prime Pharmaceuticals,bottle,No,8,Bottle,,,,,,,,1
Grilinctus-BM Syrup 100ml,Terbutaline Sulphate + Bromhexine Hydrochloride syrup,Medicine,Franco-Indian,bottle,No,8,Bottle,,,,,,,,1
Monast LC Syrup 60ml,"Montelukast Sodium + Levocetirizine Dihydrochloride syrup, sugar free",Medicine,National Healthcare,bottle,No,8,Bottle,,,,,,,,1
Lomohist Paediatric 60ml,Paediatric cough syrup,Medicine,,bottle,No,8,Bottle,,,,,,,,1
Heptodex Syrup 450ml,Liver tonic,Medicine,Narayani,bottle,No,6,Bottle,,,,,,,,1
Hapenz Syrup,Appetite stimulant syrup,Medicine,Tablets India,bottle,No,8,Bottle,,,,,,,,1
R.B. Tone Syrup 200ml,Iron with Vitamin C and B-Complex syrup,Medicine,Medley,bottle,No,8,Bottle,,,,,,,,1
Flexon Suspension,Ibuprofen + Paracetamol suspension,Medicine,,bottle,No,8,Bottle,,,,,,,,1
Arsil-D Syrup,Dextromethorphan Hydrobromide + Triprolidine + Phenylephrine Hydrochloride syrup,Medicine,Arya Pharmaceutical,bottle,No,8,Bottle,,,,,,,,1
Vasodryl Dx Syrup 100ml,Paediatric antitussive syrup,Medicine,,bottle,No,8,Bottle,,,,,,,,1
Enclave BID Dry Syrup,Amoxicillin + Potassium Clavulanate oral suspension,Medicine,,bottle,No,8,Bottle,,,,,,,,1
Safi Syrup 200ml,Ayurvedic blood purifier,Medicine,Hamdard,bottle,No,8,Bottle,,,,,,,,1
Supramox CV BID Dry Syrup 30ml,Amoxicillin + Potassium Clavulanate oral suspension,Medicine,Arya Pharmaceutical,bottle,No,8,Bottle,,,,,,,,1
Kofguard HT Syrup 100ml,Cough syrup with Honey and Tulsi,Medicine,,bottle,No,8,Bottle,,,,,,,,1
Peptin Syrup 200ml,Digestive enzyme syrup,Medicine,,bottle,No,8,Bottle,,,,,,,,1
Aristozyme Liquid,Diastase and Pepsin liquid,Medicine,Aristo,bottle,No,8,Bottle,,,,,,,,1
Diarmet-DF Suspension,Metronidazole + Diloxanide Furoate suspension,Medicine,Prime Pharmaceuticals,bottle,No,8,Bottle,,,,,,,,1
Diarlock Suspension,Metronidazole + Diloxanide Furoate suspension,Medicine,Arya Pharmaceutical,bottle,No,8,Bottle,,,,,,,,1
Bustop Syrup 200ml,"Vitamin B-Complex syrup, sugar free",Medicine,,bottle,No,8,Bottle,,,,,,,,1
Lyciton Syrup 200ml,Cyproheptadine Hydrochloride 2mg/5ml syrup,Medicine,Arya Pharmaceutical,bottle,No,8,Bottle,,,,,,,,1
Levetor Oral Solution,Levetiracetam 100mg/ml oral solution,Medicine,,bottle,No,8,Bottle,,,,,,,,1
Astha Syrup 100ml,"Salbutamol oral solution, sugar free",Medicine,National Healthcare,bottle,No,8,Bottle,,,,,,,,1
Astha Mucolytic Syrup 100ml,Salbutamol + Bromhexine Hydrochloride syrup,Medicine,National Healthcare,bottle,No,8,Bottle,,,,,,,,1
Aryadine Gargle 100ml,Povidone-Iodine gargle,Medicine,Arya Pharmaceutical,bottle,No,8,Bottle,,,,,,,,1
Sefadone Solution,Povidone-Iodine 10% w/v microbicidal solution,Medicine,Shree Ram Pharmaceuticals,bottle,No,8,Bottle,,,,,,,,1
Sucfate O Suspension 200ml,"Sucralfate + Oxetacaine suspension, sugar free",Medicine,Accord,bottle,No,8,Bottle,,,,,,,,1
Fortiplex-Z Syrup 100ml,"Vitamin B-Complex with Zinc syrup, sugar free",Medicine,,bottle,No,8,Bottle,,,,,,,,1
L-Zyme Syrup 100ml,Digestive enzyme syrup,Medicine,Lumbini,bottle,No,8,Bottle,,,,,,,,1
Dex Kof Syrup 100ml,Dextromethorphan Hydrobromide + Triprolidine + Phenylephrine Hydrochloride syrup,Medicine,,bottle,No,8,Bottle,,,,,,,,1
Ebilac-Z Dry Syrup 60ml,Zinc Gluconate with prebiotic and probiotic for oral suspension,Medicine,,bottle,No,8,Bottle,,,,,,,,1
Arsol Syrup,Systemic alkaliser,Medicine,Arya Pharmaceutical,bottle,No,8,Bottle,,,,,,,,1
Normogel Suspension 170ml,Alumina and Magnesia oral suspension,Medicine,,bottle,No,8,Bottle,,,,,,,,1
Ulgel Suspension,Magaldrate + Simethicone oral suspension,Medicine,,bottle,No,8,Bottle,,,,,,,,1
Goran Syrup 100ml,Vitamin B-Complex with Zinc syrup,Medicine,,bottle,No,8,Bottle,,,,,,,,1
Histafen Suspension 100ml,Fexofenadine Hydrochloride suspension,Medicine,,bottle,No,8,Bottle,,,,,,,,1
Benakof-BM Syrup 100ml,Bromhexine Hydrochloride + Terbutaline Sulphate syrup,Medicine,Prime Pharmaceuticals,bottle,No,8,Bottle,,,,,,,,1
Regumens Syrup 450ml,"Ayurvedic uterine tonic, sugar free",Medicine,Fleur Himalayan,bottle,No,6,Bottle,,,,,,,,1
Dashmularishta 450ml,Ayurvedic uterine and postnatal tonic,Medicine,Fleur Himalayan,bottle,No,6,Bottle,,,,,,,,1
Ashokarista 450ml,Ayurvedic uterine tonic,Medicine,Fleur Himalayan,bottle,No,6,Bottle,,,,,,,,1
Janma Ghunti,Ayurvedic paediatric digestive tonic,Medicine,,bottle,No,8,Bottle,,,,,,,,1
Jaiphal Mixed Oil,Ayurvedic massage oil,Medicine,Pal Pal,bottle,No,8,Bottle,,,,,,,,1
Ruma Oil 60ml,Ayurvedic pain relief oil,Medicine,National Healthcare,bottle,No,12,Bottle,,,,,,,,1
Nivarak Lep Tel,Ayurvedic pain relief oil,Medicine,,bottle,No,8,Bottle,,,,,,,,1
Clove Oil 6ml,Clove Oil IP for toothache,Medicine,,bottle,No,12,Bottle,,,,,,,,1
Grace Gripe Water,Ayurvedic infant gripe water,Medicine,Grace,bottle,No,12,Bottle,,,,,,,,1
Enterogermina,Bacillus clausii oral suspension,Medicine,Sanofi,vial,No,40,Vial,,Packet,10,,,,,2
Peglec,Polyethylene Glycol bowel preparation,Medicine,Tablets India,sachet,No,12,Sachet,,,,,,,,1
Eva Tears 10ml,Carboxymethylcellulose Sodium eye drops,Medicine,,drops,No,6,Bottle,,,,,,,,1
Decolic Drops 30ml,Dicyclomine Hydrochloride + Simethicone suspension,Medicine,,drops,No,8,Bottle,,,,,,,,1
Nasivion S Nasal Spray,Saline nasal solution,Medicine,,drops,No,6,Bottle,,,,,,,,1
Nasivion Mini 0.01% Nasal Drops 10ml,Oxymetazoline Hydrochloride 0.01% nasal solution,Medicine,,drops,No,6,Bottle,,,,,,,,1
Niko Drops 15ml,Paracetamol paediatric oral drops,Medicine,,drops,No,8,Bottle,,,,,,,,1
Decon-S Nasal Drops,Saline nasal solution,Medicine,,drops,No,6,Bottle,,,,,,,,1
Neopeptine Drops,Digestive enzyme paediatric drops,Medicine,,drops,No,8,Bottle,,,,,,,,1
Cebay Oral Drops 10ml,Cefixime 25mg/ml for oral suspension,Medicine,Lomus,drops,No,8,Bottle,,,,,,,,1
Ferofolic Drops,Iron and Folic Acid paediatric drops,Medicine,,drops,No,8,Bottle,,,,,,,,1
Arbivit-3 Drops 15ml,Cholecalciferol drops,Medicine,,drops,No,8,Bottle,,,,,,,,1
Arbivit Forte Drops 15ml,Cholecalciferol drops,Medicine,,drops,No,8,Bottle,,,,,,,,1
Vit D 800 Drops 15ml,Cholecalciferol 800 IU drops,Medicine,,drops,No,8,Bottle,,,,,,,,1
Arhex Mouthwash 100ml,Chlorhexidine Gluconate mouthwash,Medicine,Arya Pharmaceutical,bottle,No,8,Bottle,,,,,,,,1
Dimple Injection 150mg,Medroxyprogesterone Acetate injectable suspension 150mg,Medicine,,vial,No,10,Vial,,,,,,,,1
Tiova Inhaler,Tiotropium Bromide inhaler,Medicine,Cipla,box,No,4,Inhaler,,,,,,,,1
Budecort Inhaler 200,Budesonide 200mcg per actuation,Medicine,Cipla,box,No,4,Inhaler,,,,,,,,1
Foracort Rotacaps 400,Budesonide 400mcg + Formoterol 6mcg rotacaps,Medicine,Cipla,capsule,No,60,Rotacap,,Packet,30,,,,,2
Ipravent Rotacaps,Ipratropium Bromide rotacaps,Medicine,Cipla,capsule,No,60,Rotacap,,Packet,30,,,,,2
Budecort Rotacaps 200,Budesonide 200mcg rotacaps,Medicine,Cipla,capsule,No,60,Rotacap,,Packet,30,,,,,2
Asthalin Rotacaps 200mcg,Salbutamol Sulphate 200mcg rotacaps,Medicine,Cipla,capsule,No,60,Rotacap,,Packet,30,,,,,2
Seroflo Rotacaps 250,Salmeterol 50mcg + Fluticasone Propionate 250mcg rotacaps,Medicine,Cipla,capsule,No,60,Rotacap,,Packet,30,,,,,2
Metaspray Nasal Spray,Mometasone Furoate nasal spray,Medicine,Cipla,bottle,No,6,Bottle,,,,,,,,1
Asthalin Respules 2.5mg,Salbutamol 2.5mg/2.5ml,Medicine,Cipla,vial,No,20,Respule,,,,,,,,1
Digirolfin 5% Nail Lacquer 2.5ml,Amorolfine 5% w/v medicated nail lacquer,Medicine,,bottle,No,6,Bottle,,,,,,,,1
Amorol Nail Lacquer 2.5ml,Amorolfine 5% w/v medicated nail lacquer,Medicine,,bottle,No,6,Bottle,,,,,,,,1
Permeth-D Lotion,Permethrin 5% lotion,Medicine,,bottle,No,8,Bottle,,,,,,,,1
Conaz Lotion,Ketoconazole 2% lotion,Medicine,,bottle,No,8,Bottle,,,,,,,,1
Ketoco-Z Shampoo 100ml,Ketoconazole + Zinc Pyrithione shampoo,Medicine,,bottle,No,8,Bottle,,,,,,,,1
Keto-Konaz Shampoo 100ml,Ketoconazole + Zinc Pyrithione shampoo,Medicine,,bottle,No,8,Bottle,,,,,,,,1
Candid TV Suspension,Ketoconazole + Selenium Sulphide suspension,Medicine,Glenmark,bottle,No,8,Bottle,,,,,,,,1
Selsun Shampoo 50ml,Selenium Sulfide 2.5% anti-dandruff shampoo,Medicine,,bottle,No,8,Bottle,,,,,,,,1
Hair Gain 5 Solution 60ml,Minoxidil 5% w/v topical solution,Medicine,,bottle,No,8,Bottle,,,,,,,,1
Flucort Forte Skin Lotion 30ml,Fluocinolone Acetonide 0.025% topical solution,Medicine,,bottle,No,8,Bottle,,,,,,,,1
Glyco 6 Cream,Glycolic Acid 6% cream,Medicine,,tube,No,10,Tube,,,,,,,,1
Ketocare Soap,Ketoconazole medicated soap,Medicine,,box,No,24,Piece,,,,,,,,1
Cetaphil Moisturising Cream 80g,Moisturising cream for dry to normal sensitive skin,Consumable,Galderma,tube,No,10,Tube,,,,,,,,1
Cetaphil Gentle Skin Cleanser 125ml,Gentle skin cleanser,Consumable,Galderma,bottle,No,8,Bottle,,,,,,,,1
72 Moist XS Cream 100g,Intensive moisturising cream,Consumable,,tube,No,10,Tube,,,,,,,,1
Dermacaloe Lotion 100ml,Soothing lotion for itchy irritated skin,Consumable,,bottle,No,8,Bottle,,,,,,,,1
Calcavit Lotion 100ml,"Calamine, Aloe Vera and Zinc Oxide lotion",Consumable,,bottle,No,8,Bottle,,,,,,,,1
FixDerma Multi-Active Moisturizing Lotion 150ml,Moisturising lotion,Consumable,FixDerma,bottle,No,8,Bottle,,,,,,,,1
FixDerma Moisturizing Cream 60g,Moisturising cream for dry skin,Consumable,FixDerma,tube,No,10,Tube,,,,,,,,1
Lumimoist Lotion 100ml,Ceramide and Hyaluronic Acid moisturising lotion,Consumable,Lumiderma,bottle,No,8,Bottle,,,,,,,,1
Humeda Rich Moisturising Creme,Rich moisturising creme,Consumable,Aarushree,tube,No,10,Tube,,,,,,,,1
Derma Moist Lotion 250ml,Aloe Vera and Wheat Germ Oil moisturising lotion,Consumable,Rupen Cosmetic,bottle,No,8,Bottle,,,,,,,,1
Pevore Lite Cream 150g,White Soft Paraffin and Liquid Paraffin cream,Consumable,,tube,No,10,Tube,,,,,,,,1
Moistcom Moisturising Cream Gel,Moisturiser for oily and acne prone skin,Consumable,,tube,No,10,Tube,,,,,,,,1
Mist Moisturising Cream Gel,"Moisturising gel with Vitamin C, Vitamin E and Aloe Vera",Consumable,,tube,No,10,Tube,,,,,,,,1
Atogla Lotion 200ml,Baby moisturising lotion with ceramides,Consumable,,bottle,No,12,Bottle,,,,,,,,1
Dermadew Baby Lotion,Baby moisturising lotion,Consumable,,bottle,No,12,Bottle,,,,,,,,1
Ceuticoz Baby Moisture Cream 100g,Baby moisturising cream with ceramides,Consumable,Ceuticoz,tube,No,10,Tube,,,,,,,,1
Glycerin 100ml,Glycerin IP,Consumable,,bottle,No,12,Bottle,,,,,,,,1
Acne Derma Gel 60g,Salicylic Acid and Allantoin gel,Other,,tube,No,10,Tube,,,,,,,,1
Acne Active Face Wash Gel 100g,Anti-acne face wash gel,Other,,tube,No,10,Tube,,,,,,,,1
AcneGuard Face Wash Gel 100g,Oil control face wash gel,Other,,tube,No,10,Tube,,,,,,,,1
Acneshield-S Face Wash 60ml,Face wash for acne and oily skin,Other,,tube,No,10,Tube,,,,,,,,1
Acne Mist Gel,Anti-acne moisturising gel,Other,,tube,No,10,Tube,,,,,,,,1
Pevore Acne Moisturizing Gel 50g,Anti-acne moisturising gel,Other,,tube,No,10,Tube,,,,,,,,1
Seb-Fix Anti Acne Moisturizing Gel 50g,Anti-acne moisturising gel,Other,Lumiderma,tube,No,10,Tube,,,,,,,,1
K-Lic Acne Foaming Face Wash 60ml,"Mandelic, Salicylic and Hyaluronic Acid face wash",Other,,bottle,No,10,Bottle,,,,,,,,1
Kleida Foaming Face Wash 100ml,Foaming face wash for acne prone skin,Other,Aarushree,bottle,No,10,Bottle,,,,,,,,1
Kleida Skin Lightening Moisturiser,Skin lightening moisturiser,Other,Aarushree,tube,No,10,Tube,,,,,,,,1
Kleida Age Erase Pro Serum 30ml,Anti-ageing face serum,Other,Aarushree,bottle,No,6,Bottle,,,,,,,,1
Kleida Sun Safe Invisible Sunscreen SPF 50,Invisible sunscreen SPF 50 PA++++,Other,Aarushree,tube,No,10,Tube,,,,,,,,1
Humeda Salicylic Acid Serum 30ml,Salicylic Acid face serum,Other,Aarushree,bottle,No,6,Bottle,,,,,,,,1
Derm Shine Anti Acne Face Wash 100ml,Salicylic Acid and Niacinamide face wash,Other,,bottle,No,10,Bottle,,,,,,,,1
Derm Shine Skin Brightening Facewash 100ml,Glutathione and Vitamin C face wash,Other,,bottle,No,10,Bottle,,,,,,,,1
Glutaday Face Wash 75ml,Skin brightening face wash,Other,Andosa,tube,No,10,Tube,,,,,,,,1
Glutacom Gentle Face Wash,Glutathione and Vitamin C face wash,Other,,tube,No,10,Tube,,,,,,,,1
Glutazol-C Cream 50g,Skin lightening and brightening cream,Other,,tube,No,10,Tube,,,,,,,,1
Tycore Whitening Face Wash 60g,Skin brightening face wash,Other,,tube,No,10,Tube,,,,,,,,1
Tycore-DP Facial Serum 30ml,"Tranexamic Acid, Niacinamide and Alpha Arbutin serum",Other,,bottle,No,6,Bottle,,,,,,,,1
Glisten Revive-C Face Serum 30ml,20% Vitamin C and E with Ferulic Acid serum,Other,Glisten,bottle,No,6,Bottle,,,,,,,,1
Derma Arth Calm Serum 30ml,Niacinamide peptide serum,Other,,bottle,No,6,Bottle,,,,,,,,1
The Derma Co 10% Vitamin C Face Serum 30ml,Vitamin C face serum,Other,The Derma Co,bottle,No,6,Bottle,,,,,,,,1
The Derma Co 10% Niacinamide Face Serum 30ml,Niacinamide face serum,Other,The Derma Co,bottle,No,6,Bottle,,,,,,,,1
The Derma Co 2% Cica-Glow Daily Face Wash 100ml,Cica and Tranexamic Acid face wash,Other,The Derma Co,tube,No,10,Tube,,,,,,,,1
The Derma Co 1% Hyaluronic Sunscreen Aqua Gel SPF 50,Hyaluronic Acid sunscreen aqua gel,Other,The Derma Co,tube,No,10,Tube,,,,,,,,1
Minimalist Salicylic Acid + LHA 2% Cleanser 100ml,Salicylic Acid and LHA cleanser,Other,Minimalist,bottle,No,10,Bottle,,,,,,,,1
Minimalist Niacinamide 10% Face Serum 30ml,Niacinamide face serum,Other,Minimalist,bottle,No,6,Bottle,,,,,,,,1
Minimalist SPF 50 Light Fluid Sunscreen 50ml,Broad spectrum sunscreen fluid,Other,Minimalist,tube,No,10,Tube,,,,,,,,1
Suncros Soft SPF 50 Sunscreen 50g,Matte finish universal sunscreen gel,Other,,tube,No,10,Tube,,,,,,,,1
Haore Sunscreen SPF 50 100g,Gel based mineral sunscreen with Hyaluronic Acid,Other,,tube,No,10,Tube,,,,,,,,1
Diamond Silicon Sunscreen Gel SPF 50,Silicone based broad spectrum sunscreen gel,Other,,tube,No,10,Tube,,,,,,,,1
UV Doux Silicone Sunscreen Gel SPF 50,Silicone based sunscreen gel,Other,Brinton,tube,No,10,Tube,,,,,,,,1
trueDerma Luxurious 50 SPF Gel,Broad spectrum sunscreen gel SPF 50 PA++++,Other,trueDerma,tube,No,10,Tube,,,,,,,,1
Alpha Derm Sunscreen Lotion SPF 50,Broad spectrum sunscreen lotion,Other,Alpha Derm,tube,No,10,Tube,,,,,,,,1
Ceuticoz Uvicoz IR Sunscreen Gel SPF 50+ 50g,UVA and infrared protection sunscreen gel,Other,Ceuticoz,tube,No,10,Tube,,,,,,,,1
Ceuticoz Clear Zinc Tinted Sunscreen Gel SPF 50+ 50g,Tinted mineral sunscreen gel,Other,Ceuticoz,tube,No,10,Tube,,,,,,,,1
Dot & Key Strawberry Dew Tinted Sunscreen SPF 50+ 50ml,Tinted sunscreen with Niacinamide,Other,Dot & Key,tube,No,10,Tube,,,,,,,,1
Mamaearth Rice Dewy Light Sunscreen SPF 50,Sunscreen with rice water and Niacinamide,Other,Mamaearth,tube,No,10,Tube,,,,,,,,1
Mamaearth Rice Water Dewy Face Toner 150ml,Rice water and Niacinamide toner,Other,Mamaearth,bottle,No,10,Bottle,,,,,,,,1
Mamaearth Rice Water Dewy Active Serum 30ml,Rice water and Niacinamide serum,Other,Mamaearth,bottle,No,6,Bottle,,,,,,,,1
Plum Rose Water and Niacinamide Toner,Face toner,Other,Plum,bottle,No,10,Bottle,,,,,,,,1
La Pura Gentle Cleanser 75ml,Niacinamide and Ceramide gentle cleanser,Other,,bottle,No,10,Bottle,,,,,,,,1
SensiWash Face Wash 100g,Face wash for sensitive skin,Other,,tube,No,10,Tube,,,,,,,,1
Royal Derma Foaming Face Wash,Foaming face wash,Other,Royal Derma,bottle,No,10,Bottle,,,,,,,,1
FixDerma Strawberry Face Wash 75g,Strawberry extract face wash,Other,FixDerma,tube,No,10,Tube,,,,,,,,1
Zuvimax Cream 20g,Anti-ageing cream,Other,Aesthetic Science,tube,No,10,Tube,,,,,,,,1
Chemist at Play 1% Salicylic Acid Body Wash 200ml,Salicylic Acid body wash for body acne,Other,Chemist at Play,bottle,No,10,Bottle,,,,,,,,1
Acnes Creamy Wash,"AHA, BHA and Zinc face wash",Other,Mentholatum,tube,No,10,Tube,,,,,,,,1
Acnes Oil Control Cleanser,"AHA, Zinc PCA and Niacinamide cleanser",Other,Mentholatum,tube,No,10,Tube,,,,,,,,1
Acnes Vitamin Cleanser,"Vitamin A, C, E and B-Complex cleanser",Other,Mentholatum,tube,No,10,Tube,,,,,,,,1
Everyuth Naturals Aloe Vera and Cucumber Gel,Nourishing skin gel,Other,Zydus Wellness,tube,No,10,Tube,,,,,,,,1
Everyuth Naturals Tan Removal Face Wash,Chocolate and cherry tan removal face wash,Other,Zydus Wellness,tube,No,10,Tube,,,,,,,,1
Bontress PRO+ Scalp Serum,Hair growth scalp serum,Other,Ethicare,bottle,No,6,Bottle,,,,,,,,1
Foliboost Hair Serum 100ml,Hair serum for healthy hair,Other,BioWallace,bottle,No,6,Bottle,,,,,,,,1
Mediker Anti-Lice Shampoo,Anti-lice shampoo,Other,Marico,bottle,No,10,Bottle,,,,,,,,1
VD-Wash 100ml,Intimate wash for feminine hygiene,Other,,bottle,No,10,Bottle,,,,,,,,1
Bio V-Wash,Intimate wash with Sea Buckthorn Oil,Other,,bottle,No,10,Bottle,,,,,,,,1
DewGarden Foaming Intimate Wash,Foaming intimate wash,Other,DewGarden,bottle,No,10,Bottle,,,,,,,,1
Assure Hand and Body Lotion,Moisturising hand and body lotion,Other,Assure,bottle,No,10,Bottle,,,,,,,,1
Assure Complexion Bar,Cleansing complexion bar,Other,Assure,box,No,24,Piece,,,,,,,,1
Tedibar Bathing Bar,Syndet bathing bar for sensitive skin,Other,Curatio,box,No,24,Piece,,,,,,,,1
Himalaya Kids Toothpaste 80g,Cool mint toothpaste for children,Other,Himalaya,tube,No,12,Tube,,,,,,,,1
Himalaya Baby Hair Oil 200ml,"Baby hair oil with Coconut, Amla and Methi",Other,Himalaya,bottle,No,12,Bottle,,,,,,,,1
Himalaya Baby Massage Oil 200ml,Baby massage oil with Olive Oil and Winter Cherry,Other,Himalaya,bottle,No,12,Bottle,,,,,,,,1
Himalaya Gentle Baby Cream 100ml,Moisturising baby cream,Other,Himalaya,tube,No,12,Tube,,,,,,,,1
Himalaya Diaper Rash Cream 20g,Diaper rash cream,Other,Himalaya,tube,No,12,Tube,,,,,,,,1
Johnson's Baby Soap 75g,"Baby soap with milk protein, turmeric and shea butter",Other,Johnson & Johnson,box,No,24,Piece,,,,,,,,1
Johnson's Baby Lotion 200ml,Baby moisturising lotion,Other,Johnson & Johnson,bottle,No,12,Bottle,,,,,,,,1
Johnson's Baby Face and Body Cream 100g,Baby cream with Aloe and Vitamin E,Other,Johnson & Johnson,tube,No,12,Tube,,,,,,,,1
Venusbaby Rub 25g,Baby chest rub,Other,,box,No,24,Jar,,,,,,,,1
Min-Ji Gummies,Multivitamin and multimineral gummies,Other,,box,No,12,Bottle,,,,,,,,1
Aiwibi Baby Diapers,Baby diaper pants,Other,Aiwibi,box,No,12,Packet,,,,,,,,1
Prestige Adult Diaper Medium,Disposable adult pull-up diaper pants,Consumable,Health and Hygiene Products,box,No,20,Packet,,,,,,,,1
Camera New-Safe Feeding Bottle,Feeding bottle with anti-colic air-valve teat,Other,Camera,box,No,12,Piece,,,,,,,,1
Camera New-Safe Smooth-Neck Feeder,Smooth-neck feeding bottle,Other,Camera,box,No,12,Piece,,,,,,,,1
Pretty Baby Feeding Bottle,BPA-free rotatable-handle feeding bottle,Other,Pretty Baby,box,No,12,Piece,,,,,,,,1
Smartbaby Manual Breast Pump,Portable manual breast pump,Other,,box,No,6,Piece,,,,,,,,1
Lactogen 3 Pro 400g,Follow-up formula,Other,Nestle,box,No,8,Tin,,,,,,,,1
Lactogen 4 Pro 400g,Growing-up milk powder,Other,Nestle,box,No,8,Tin,,,,,,,,1
Farex Gentle Infant Formula 400g,Infant formula from birth,Other,Nutricia,box,No,8,Tin,,,,,,,,1
Craft's Care Knee Support,Elastic knee support,Other,Craft's Care,box,No,10,Piece,,,,,,,,1
Craft's Care Exercising Gel Ball,Hand and finger exercise gel ball,Other,Craft's Care,box,No,10,Piece,,,,,,,,1
Mortein Smart Peaceful Nights Refill,Mosquito repellent liquid refill with chamomile and bergamot,Other,Reckitt,box,No,12,Piece,,,,,,,,1
Mortein Smart Comforting Nights Refill,Mosquito repellent liquid refill,Other,Reckitt,box,No,12,Piece,,,,,,,,1
Dr. Mos Mosquito Repellent,,Other,,box,No,12,Piece,,,,,,,,1
Velor Dotted Condom,Dotted latex condom,Consumable,,box,No,40,Packet,,,,,,,,1
Potassium Permanganate Crystals,Potassium Permanganate IP,Consumable,,box,No,10,Packet,,,,,,,,1
Zandu Ultra Power Balm,Ayurvedic pain relief balm,Other,Emami,box,No,24,Bottle,,,,,,,,1
Mith Plus,"Methylcobalamin, Pyridoxine Hydrochloride, Folic Acid and Zinc capsules",Medicine,,capsule,No,60,Capsule,,Strip,10,,Box,10,,2
Megawel DE Softgel,Omega-3 fatty acid softgel capsules,Medicine,,capsule,No,60,Capsule,,Box,60,,,,,2
Filistin-X Expectorant Syrup,Expectorant syrup,Medicine,,bottle,No,8,Bottle,,,,,,,,1
Kidpred Syrup 60ml,Prednisolone Sodium Phosphate syrup,Medicine,Abbott,bottle,No,8,Bottle,,,,,,,,1
Rhinex Syrup 60ml,Decongestant syrup,Medicine,,bottle,No,8,Bottle,,,,,,,,1
Nox Suspension,Norfloxacin suspension,Medicine,,bottle,No,8,Bottle,,,,,,,,1
Laclose Solution 200ml,Lactulose solution,Medicine,,bottle,No,8,Bottle,,,,,,,,1
Budecort Respules 1mg,Budesonide 1mg/2ml,Medicine,Cipla,vial,No,20,Respule,,,,,,,,1
Similac Advance 400g,Follow-up infant formula,Other,Abbott,box,No,8,Tin,,,,,,,,1
Farex Gentle 3 400g,Follow-up formula from twelve months,Other,Nutricia,box,No,8,Tin,,,,,,,,1
La Pura Hydrating Cleanser 100ml,Hydrating cleanser for all skin types,Other,,bottle,No,10,Bottle,,,,,,,,1
Ampicillin 500mg,Ampicillin 500mg,Medicine,,capsule,No,60,Capsule,,Strip,10,,Box,10,,2
Amoxicillin + Cloxacillin 500mg,Amoxicillin 250mg + Cloxacillin 250mg,Medicine,,capsule,No,60,Capsule,,Strip,10,,Box,10,,2
Cefpodoxime Proxetil 100mg,Cefpodoxime Proxetil 100mg,Medicine,,tablet,No,60,Tablet,,Strip,10,,Box,10,,2
Moxifloxacin 400mg,Moxifloxacin 400mg,Medicine,,tablet,No,40,Tablet,,Strip,10,,Box,10,,2
Nitazoxanide 500mg,Nitazoxanide 500mg,Medicine,,tablet,No,40,Tablet,,Strip,10,,Box,10,,2
Chloroquine Phosphate 250mg,Chloroquine Phosphate 250mg,Medicine,,tablet,No,40,Tablet,,Strip,10,,Box,10,,2
Griseofulvin 250mg,Griseofulvin 250mg,Medicine,,tablet,No,30,Tablet,,Strip,10,,Box,10,,2
Acyclovir 800mg,Acyclovir 800mg,Medicine,,tablet,No,40,Tablet,,Strip,10,,Box,10,,2
Oseltamivir 75mg,Oseltamivir 75mg,Medicine,,capsule,No,30,Capsule,,Strip,10,,Box,10,,2
Allopurinol 100mg,Allopurinol 100mg,Medicine,,tablet,No,60,Tablet,,Strip,10,,Box,10,,2
Febuxostat 40mg,Febuxostat 40mg,Medicine,,tablet,No,60,Tablet,,Strip,10,,Box,10,,2
Colchicine 0.5mg,Colchicine 0.5mg,Medicine,,tablet,No,40,Tablet,,Strip,10,,Box,10,,2
Sulfasalazine 500mg,Sulfasalazine 500mg,Medicine,,tablet,No,30,Tablet,,Strip,10,,Box,10,,2
Etodolac 400mg,Etodolac 400mg,Medicine,,tablet,No,40,Tablet,,Strip,10,,Box,10,,2
Naproxen 500mg,Naproxen 500mg,Medicine,,tablet,No,40,Tablet,,Strip,10,,Box,10,,2
Indomethacin 25mg,Indomethacin 25mg,Medicine,,capsule,No,40,Capsule,,Strip,10,,Box,10,,2
Trypsin + Chymotrypsin Tablet,Trypsin and Chymotrypsin enzyme tablet,Medicine,,tablet,No,40,Tablet,,Strip,10,,Box,10,,2
Warfarin 5mg,Warfarin 5mg,Medicine,,tablet,No,30,Tablet,,Strip,10,,Box,10,,2
Cilnidipine 10mg,Cilnidipine 10mg,Medicine,,tablet,No,60,Tablet,,Strip,10,,Box,10,,2
Methyldopa 250mg,Methyldopa 250mg,Medicine,,tablet,No,60,Tablet,,Strip,10,,Box,10,,2
Labetalol 100mg,Labetalol 100mg,Medicine,,tablet,No,40,Tablet,,Strip,10,,Box,10,,2
Trimetazidine 35mg,Trimetazidine 35mg modified release,Medicine,,tablet,No,40,Tablet,,Strip,10,,Box,10,,2
Pioglitazone 15mg,Pioglitazone 15mg,Medicine,,tablet,No,40,Tablet,,Strip,10,,Box,10,,2
Acarbose 50mg,Acarbose 50mg,Medicine,,tablet,No,40,Tablet,,Strip,10,,Box,10,,2
Empagliflozin 10mg,Empagliflozin 10mg,Medicine,,tablet,No,40,Tablet,,Strip,10,,Box,10,,2
Linagliptin 5mg,Linagliptin 5mg,Medicine,,tablet,No,40,Tablet,,Strip,10,,Box,10,,2
Levosulpiride 25mg,Levosulpiride 25mg,Medicine,,tablet,No,60,Tablet,,Strip,10,,Box,10,,2
Baclofen 10mg,Baclofen 10mg,Medicine,,tablet,No,40,Tablet,,Strip,10,,Box,10,,2
Topiramate 50mg,Topiramate 50mg,Medicine,,tablet,No,30,Tablet,,Strip,10,,Box,10,,2
Lamotrigine 50mg,Lamotrigine 50mg,Medicine,,tablet,No,30,Tablet,,Strip,10,,Box,10,,2
Oxcarbazepine 300mg,Oxcarbazepine 300mg,Medicine,,tablet,No,30,Tablet,,Strip,10,,Box,10,,2
Haloperidol 5mg,Haloperidol 5mg,Medicine,,tablet,No,30,Tablet,,Strip,10,,Box,10,,2
Trihexyphenidyl 2mg,Trihexyphenidyl 2mg,Medicine,,tablet,No,30,Tablet,,Strip,10,,Box,10,,2
Mirtazapine 15mg,Mirtazapine 15mg,Medicine,,tablet,No,30,Tablet,,Strip,10,,Box,10,,2
Duloxetine 30mg,Duloxetine 30mg,Medicine,,capsule,No,30,Capsule,,Strip,10,,Box,10,,2
Venlafaxine 75mg,Venlafaxine 75mg extended release,Medicine,,capsule,No,30,Capsule,,Strip,10,,Box,10,,2
Ambroxol 30mg,Ambroxol 30mg,Medicine,,tablet,No,60,Tablet,,Strip,10,,Box,10,,2
Acetylcysteine 600mg,Acetylcysteine 600mg effervescent,Medicine,,tablet,No,30,Tablet,,Strip,10,,Box,10,,2
Loratadine 10mg,Loratadine 10mg,Medicine,,tablet,No,60,Tablet,,Strip,10,,Box,10,,2
Desloratadine 5mg,Desloratadine 5mg,Medicine,,tablet,No,60,Tablet,,Strip,10,,Box,10,,2
Hydroxyzine 25mg,Hydroxyzine 25mg,Medicine,,tablet,No,40,Tablet,,Strip,10,,Box,10,,2
Ketotifen 1mg,Ketotifen 1mg,Medicine,,tablet,No,30,Tablet,,Strip,10,,Box,10,,2
Terbutaline 2.5mg,Terbutaline 2.5mg,Medicine,,tablet,No,40,Tablet,,Strip,10,,Box,10,,2
Deflazacort 6mg,Deflazacort 6mg,Medicine,,tablet,No,40,Tablet,,Strip,10,,Box,10,,2
Methylprednisolone 16mg,Methylprednisolone 16mg,Medicine,,tablet,No,40,Tablet,,Strip,10,,Box,10,,2
Dexamethasone 0.5mg,Dexamethasone 0.5mg,Medicine,,tablet,No,40,Tablet,,Strip,10,,Box,10,,2
Mesalamine 400mg,Mesalamine 400mg,Medicine,,tablet,No,30,Tablet,,Strip,10,,Box,10,,2
Silymarin 140mg,Silymarin 140mg,Medicine,,tablet,No,40,Tablet,,Strip,10,,Box,10,,2
Itopride 50mg,Itopride 50mg,Medicine,,tablet,No,60,Tablet,,Strip,10,,Box,10,,2
Racecadotril 100mg,Racecadotril 100mg,Medicine,,tablet,No,40,Tablet,,Strip,10,,Box,10,,2
L-Ornithine L-Aspartate Sachet,L-Ornithine L-Aspartate granules,Medicine,,sachet,No,30,Sachet,,,,,,,,1
Solifenacin 5mg,Solifenacin 5mg,Medicine,,tablet,No,30,Tablet,,Strip,10,,Box,10,,2
Dutasteride 0.5mg,Dutasteride 0.5mg,Medicine,,tablet,No,30,Tablet,,Strip,10,,Box,10,,2
Sildenafil 100mg,Sildenafil 100mg,Medicine,,tablet,No,30,Tablet,,Strip,10,,Box,10,,2
Tranexamic Acid 500mg,Tranexamic Acid 500mg,Medicine,,tablet,No,60,Tablet,,Strip,10,,Box,10,,2
Letrozole 2.5mg,Letrozole 2.5mg,Medicine,,tablet,No,30,Tablet,,Strip,10,,Box,10,,2
Misoprostol 200mcg,Misoprostol 200mcg,Medicine,,tablet,No,30,Tablet,,Strip,10,,Box,10,,2
Methylergometrine 0.125mg,Methylergometrine 0.125mg,Medicine,,tablet,No,40,Tablet,,Strip,10,,Box,10,,2
Pyridoxine 40mg,Pyridoxine 40mg,Medicine,,tablet,No,100,Tablet,,Strip,10,,Box,10,,2
Thiamine 100mg,Thiamine 100mg,Medicine,,tablet,No,100,Tablet,,Strip,10,,Box,10,,2
Ferrous Sulphate 200mg,Ferrous Sulphate 200mg,Medicine,,tablet,No,100,Tablet,,Strip,10,,Box,10,,2
Ferrous Fumarate + Folic Acid,Ferrous Fumarate 300mg + Folic Acid 1.5mg,Medicine,,tablet,No,100,Tablet,,Strip,10,,Box,10,,2
Potassium Chloride 600mg,Potassium Chloride 600mg sustained release,Medicine,,tablet,No,40,Tablet,,Strip,10,,Box,10,,2
Sodium Bicarbonate 500mg,Sodium Bicarbonate 500mg,Medicine,,tablet,No,40,Tablet,,Strip,10,,Box,10,,2
Alpha Lipoic Acid 100mg,Alpha Lipoic Acid 100mg,Medicine,,capsule,No,40,Capsule,,Strip,10,,Box,10,,2
Moxifloxacin Eye Drops 5ml,Moxifloxacin 0.5% eye drops,Medicine,,drops,No,6,Bottle,,,,,,,,1
Gatifloxacin Eye Drops 5ml,Gatifloxacin 0.3% eye drops,Medicine,,drops,No,6,Bottle,,,,,,,,1
Olopatadine Eye Drops 5ml,Olopatadine 0.1% eye drops,Medicine,,drops,No,6,Bottle,,,,,,,,1
Timolol Eye Drops 5ml,Timolol Maleate 0.5% eye drops,Medicine,,drops,No,6,Bottle,,,,,,,,1
Tropicamide Eye Drops 5ml,Tropicamide 1% eye drops,Medicine,,drops,No,6,Bottle,,,,,,,,1
Chloramphenicol Eye Ointment 5g,Chloramphenicol 1% eye ointment,Medicine,,tube,No,8,Tube,,,,,,,,1
Clotrimazole Ear Drops 10ml,Clotrimazole 1% ear drops,Medicine,,drops,No,6,Bottle,,,,,,,,1
Xylometazoline Nasal Drops 10ml,Xylometazoline 0.1% nasal drops,Medicine,,drops,No,6,Bottle,,,,,,,,1
Hydrocortisone Cream 15g,Hydrocortisone Acetate 1% cream,Medicine,,tube,No,10,Tube,,,,,,,,1
Zinc Oxide Ointment 20g,Zinc Oxide 20% ointment,Medicine,,tube,No,10,Tube,,,,,,,,1
Benzyl Benzoate Lotion 100ml,Benzyl Benzoate 25% lotion,Medicine,,bottle,No,8,Bottle,,,,,,,,1
Salicylic Acid Ointment 20g,Salicylic Acid 6% ointment,Medicine,,tube,No,10,Tube,,,,,,,,1
Ichthammol Glycerine 15g,Ichthammol with glycerine ointment,Medicine,,tube,No,8,Tube,,,,,,,,1
Magnesium Sulphate Paste 100g,Magnesium Sulphate drawing paste,Medicine,,box,No,8,Jar,,,,,,,,1
Glycerin Suppository Adult,Glycerin suppository,Medicine,,box,No,20,Suppository,,Box,10,,,,,2
Bisacodyl Suppository 10mg,Bisacodyl 10mg suppository,Medicine,,box,No,20,Suppository,,Box,10,,,,,2
Paracetamol Suppository 125mg,Paracetamol 125mg suppository,Medicine,,box,No,20,Suppository,,Box,10,,,,,2
Diclofenac Suppository 100mg,Diclofenac Sodium 100mg suppository,Medicine,,box,No,20,Suppository,,Box,10,,,,,2
Metronidazole Pessary 500mg,Metronidazole 500mg vaginal pessary,Medicine,,box,No,20,Pessary,,Box,10,,,,,2
Ceftriaxone 250mg Injection,Ceftriaxone Sodium 250mg,Medicine,,vial,No,20,Vial,,,,,,,,1
Cefotaxime 500mg Injection,Cefotaxime Sodium 500mg,Medicine,,vial,No,20,Vial,,,,,,,,1
Ampicillin 500mg Injection,Ampicillin Sodium 500mg,Medicine,,vial,No,20,Vial,,,,,,,,1
Cloxacillin 500mg Injection,Cloxacillin Sodium 500mg,Medicine,,vial,No,20,Vial,,,,,,,,1
Amoxicillin + Clavulanate 1.2g Injection,Amoxicillin 1g + Clavulanic Acid 200mg,Medicine,,vial,No,20,Vial,,,,,,,,1
Ranitidine Injection 2ml,Ranitidine 25mg/ml,Medicine,,vial,No,20,Vial,,,,,,,,1
Metoclopramide Injection 2ml,Metoclopramide 5mg/ml,Medicine,,vial,No,20,Vial,,,,,,,,1
Hyoscine Butylbromide Injection 1ml,Hyoscine Butylbromide 20mg/ml,Medicine,,vial,No,20,Vial,,,,,,,,1
Tranexamic Acid Injection 5ml,Tranexamic Acid 100mg/ml,Medicine,,vial,No,20,Vial,,,,,,,,1
Iron Sucrose Injection 5ml,Iron Sucrose 20mg/ml,Medicine,,vial,No,20,Vial,,,,,,,,1
Vitamin B Complex Injection 2ml,Vitamin B Complex injection,Medicine,,vial,No,20,Vial,,,,,,,,1
Phenytoin Injection 2ml,Phenytoin Sodium 50mg/ml,Medicine,,vial,No,20,Vial,,,,,,,,1
Heparin Injection 5ml,Heparin Sodium 5000 IU/ml,Medicine,,vial,No,20,Vial,,,,,,,,1
Sodium Bicarbonate Injection 10ml,Sodium Bicarbonate 7.5% injection,Medicine,,vial,No,20,Vial,,,,,,,,1
Potassium Chloride Injection 10ml,Potassium Chloride 15% injection,Medicine,,vial,No,20,Vial,,,,,,,,1
Anti-Rabies Vaccine 0.5ml,Purified vero cell rabies vaccine,Medicine,,vial,No,10,Vial,,,,,,,,1
Anti-Rabies Serum 5ml,Equine rabies immunoglobulin 1500 IU,Medicine,,vial,No,6,Vial,,,,,,,,1
Anti-Snake Venom 10ml,Polyvalent anti-snake venom serum,Medicine,,vial,No,10,Vial,,,,,,,,1
Hepatitis B Vaccine 0.5ml,Recombinant hepatitis B vaccine,Medicine,,vial,No,10,Vial,,,,,,,,1
Td Vaccine 0.5ml,Tetanus and diphtheria toxoid vaccine,Medicine,,vial,No,10,Vial,,,,,,,,1
Mannitol 20% 100ml,Mannitol 20% intravenous infusion,Medicine,,bottle,No,10,Bottle,,,,,,,,1
Normal Saline 0.9% 100ml,Sodium Chloride 0.9% intravenous infusion,Medicine,,bottle,No,24,Bottle,,,,,,,,1
Dextrose 10% 500ml,Dextrose 10% intravenous infusion,Medicine,,bottle,No,12,Bottle,,,,,,,,1
Umbilical Cord Clamp,Sterile disposable cord clamp,Consumable,,box,No,50,Piece,,Box,100,,,,,1
Three Way Stopcock,Three way stopcock for IV line,Consumable,,box,No,50,Piece,,Box,100,,,,,1
IV Extension Line,Intravenous extension tubing,Consumable,,box,No,50,Piece,,Box,100,,,,,1
Mucus Extractor,Neonatal mucus extractor,Consumable,,box,No,20,Piece,,Box,50,,,,,1
Disposable Gown,Non-woven disposable gown,Consumable,,box,No,50,Piece,,Box,50,,,,,1
Shoe Cover,Disposable non-woven shoe cover,Consumable,,box,No,100,Piece,,Box,100,,,,,1
Face Shield,Disposable protective face shield,Consumable,,box,No,20,Piece,,Box,50,,,,,1
Tourniquet,Latex free venipuncture tourniquet,Consumable,,box,No,10,Piece,,Box,25,,,,,1
Disposable Razor,Single use preoperative razor,Consumable,,box,No,25,Piece,,Box,50,,,,,1
Surgical Blade No. 22,Sterile carbon steel surgical blade,Consumable,,box,No,100,Piece,,Box,100,,,,,1
IV Cannula 18G,Intravenous cannula with injection port,Consumable,,box,No,50,Piece,,Box,50,,,,,1
Disposable Syringe 1ml,Sterile disposable tuberculin syringe,Consumable,,box,No,100,Piece,,Box,100,,,,,1
Disposable Syringe 20ml,Sterile disposable syringe with needle,Consumable,,box,No,50,Piece,,Box,50,,,,,1
Disposable Syringe 50ml,Sterile disposable syringe,Consumable,,box,No,20,Piece,,Box,25,,,,,1
Insulin Pen Needle,Disposable pen needle 31G,Consumable,,box,No,50,Piece,,Box,100,,,,,1
Blood Collection Needle 21G,Multi sample blood collection needle,Consumable,,box,No,100,Piece,,Box,100,,,,,1
Vacutainer EDTA Tube,EDTA anticoagulant blood collection tube,Consumable,,box,No,100,Piece,,Box,100,,,,,1
Vacutainer Plain Tube,Plain serum blood collection tube,Consumable,,box,No,100,Piece,,Box,100,,,,,1
Vacutainer Fluoride Tube,Sodium fluoride blood collection tube,Consumable,,box,No,50,Piece,,Box,100,,,,,1
ECG Electrodes,Disposable adhesive ECG electrode,Consumable,,box,No,100,Piece,,Box,50,,,,,1
Cotton Ball Sterile,Sterile absorbent cotton ball,Consumable,,box,No,100,Piece,,Box,100,,,,,1
Adhesive Dressing Pad 6x7cm,Sterile adhesive wound dressing,Consumable,,box,No,50,Piece,,Box,50,,,,,1
Transparent Film Dressing,Sterile transparent IV site dressing,Consumable,,box,No,50,Piece,,Box,50,,,,,1
Examination Gloves Small,Powder free latex examination glove,Consumable,,box,No,100,Piece,,Box,100,,,,,1
Examination Gloves Large,Powder free latex examination glove,Consumable,,box,No,100,Piece,,Box,100,,,,,1
Sterile Surgical Gloves 6.5,Sterile powder free surgical glove,Consumable,,box,No,40,Piece,,Box,50,,,,,1
Sterile Surgical Gloves 7.5,Sterile powder free surgical glove,Consumable,,box,No,40,Piece,,Box,50,,,,,1
Foley Catheter 14 Fr,Two way silicone coated foley catheter,Consumable,,box,No,20,Piece,,Box,10,,,,,1
Foley Catheter 18 Fr,Two way silicone coated foley catheter,Consumable,,box,No,20,Piece,,Box,10,,,,,1
Nasogastric Tube 12 Fr,Disposable nasogastric feeding tube,Consumable,,box,No,20,Piece,,Box,50,,,,,1
Oxygen Mask Paediatric,Paediatric oxygen mask with tubing,Consumable,,box,No,20,Piece,,Box,50,,,,,1
Sharps Disposal Container 2L,Puncture resistant sharps container,Consumable,,box,No,10,Piece,,,,,,,,1
Kidney Tray,Stainless steel kidney tray,Consumable,,box,No,10,Piece,,,,,,,,1
Bandage Scissors,Stainless steel bandage scissors,Consumable,,box,No,6,Piece,,,,,,,,1
Artery Forceps,Stainless steel artery forceps,Consumable,,box,No,6,Piece,,,,,,,,1
Dressing Forceps,Stainless steel dressing forceps,Consumable,,box,No,6,Piece,,,,,,,,1
Sponge Holding Forceps,Stainless steel sponge holding forceps,Consumable,,box,No,6,Piece,,,,,,,,1
Needle Holder,Stainless steel needle holder,Consumable,,box,No,6,Piece,,,,,,,,1
Scalpel Handle No. 4,Stainless steel scalpel handle,Consumable,,box,No,6,Piece,,,,,,,,1
Elastic Adhesive Bandage 10cm,Elastic adhesive compression bandage,Consumable,,box,No,20,Piece,,,,,,,,1
Abdominal Binder Large,Post operative abdominal support binder,Other,,box,No,8,Piece,,,,,,,,1
Arm Sling Medium,Shoulder immobilising arm sling,Other,,box,No,8,Piece,,,,,,,,1
Finger Splint,Aluminium finger immobilising splint,Other,,box,No,10,Piece,,,,,,,,1
Wrist Splint Medium,Elastic wrist support splint,Other,,box,No,8,Piece,,,,,,,,1
Ankle Binder Medium,Elastic ankle support binder,Other,,box,No,8,Piece,,,,,,,,1
Walking Stick,Adjustable aluminium walking stick,Other,,box,No,6,Piece,,,,,,,,1
Axillary Crutch Pair,Adjustable aluminium axillary crutches,Other,,box,No,4,Piece,,,,,,,,1
Air Cushion Ring,Inflatable rubber air cushion ring,Other,,box,No,6,Piece,,,,,,,,1
Bed Pan,Plastic hospital bed pan,Other,,box,No,6,Piece,,,,,,,,1
Male Urinal Pot,Plastic male urinal pot,Other,,box,No,6,Piece,,,,,,,,1
Steam Inhaler,Electric steam vaporiser inhaler,Other,,box,No,6,Piece,,,,,,,,1
Infrared Thermometer,Non contact infrared forehead thermometer,Consumable,,box,No,6,Piece,,,,,,,,1
Surgical Tape 2 inch,Micropore surgical adhesive tape,Consumable,,box,No,24,Roll,,Box,6,,,,,1
Ultrasound Gel 250ml,Aqueous ultrasound coupling gel,Consumable,,bottle,No,10,Bottle,,,,,,,,1
ECG Gel 250ml,Aqueous electrocardiogram contact gel,Consumable,,bottle,No,10,Bottle,,,,,,,,1
Malaria Rapid Test Kit,Malaria Pf/Pv antigen rapid test,Consumable,,box,No,25,Kit,,Box,25,,,,,1
Dengue NS1 Rapid Test Kit,Dengue NS1 antigen rapid test,Consumable,,box,No,25,Kit,,Box,25,,,,,1
Typhoid Rapid Test Kit,Salmonella typhi IgG and IgM rapid test,Consumable,,box,No,25,Kit,,Box,25,,,,,1
HIV Rapid Test Kit,HIV 1 and 2 antibody rapid test,Consumable,,box,No,25,Kit,,Box,25,,,,,1
HBsAg Rapid Test Kit,Hepatitis B surface antigen rapid test,Consumable,,box,No,25,Kit,,Box,25,,,,,1
HCV Rapid Test Kit,Hepatitis C virus antibody rapid test,Consumable,,box,No,25,Kit,,Box,25,,,,,1
Ovulation Test Kit,Luteinising hormone urine rapid test,Consumable,,box,No,20,Kit,,Box,25,,,,,1
Urine Albumin Sugar Strip,Urine albumin and glucose reagent strip,Consumable,,box,No,20,Kit,,Box,50,,,,,1
Uric Acid Test Strips,Uric acid meter test strip,Consumable,,box,No,20,Kit,,Box,25,,,,,1
Haemoglobin Test Strips,Haemoglobin meter test strip,Consumable,,box,No,20,Kit,,Box,25,,,,,1
Draksharishta 450ml,Classical ayurvedic fermented tonic,Medicine,,bottle,No,6,Bottle,,,,,,,,1
Arjunarishta 450ml,Classical ayurvedic cardiac tonic,Medicine,,bottle,No,6,Bottle,,,,,,,,1
Kumaryasava 450ml,Classical ayurvedic aloe based tonic,Medicine,,bottle,No,6,Bottle,,,,,,,,1
Saraswatarishta 450ml,Classical ayurvedic nervine tonic,Medicine,,bottle,No,6,Bottle,,,,,,,,1
Lauhasava 450ml,Classical ayurvedic iron tonic,Medicine,,bottle,No,6,Bottle,,,,,,,,1
Chandanasava 450ml,Classical ayurvedic urinary tonic,Medicine,,bottle,No,6,Bottle,,,,,,,,1
Mahanarayan Tel 100ml,Classical ayurvedic massage oil,Medicine,,bottle,No,8,Bottle,,,,,,,,1
Pinda Tel 100ml,Classical ayurvedic massage oil,Medicine,,bottle,No,8,Bottle,,,,,,,,1
Triphala Churna 100g,Classical ayurvedic digestive powder,Medicine,,box,No,8,Packet,,,,,,,,1
Sitopaladi Churna 50g,Classical ayurvedic cough powder,Medicine,,box,No,8,Packet,,,,,,,,1
Ashwagandha Churna 100g,Classical ayurvedic restorative powder,Medicine,,box,No,8,Packet,,,,,,,,1
Lavan Bhaskar Churna 50g,Classical ayurvedic digestive powder,Medicine,,box,No,8,Packet,,,,,,,,1
Hingwastak Churna 50g,Classical ayurvedic carminative powder,Medicine,,box,No,8,Packet,,,,,,,,1
Polybion,Vitamin B Complex Syrup,Medicine,,bottle,No,0,Bottle,,,,,,,,1
Acosart H,Acosart H,Medicine,,tablet,No,0,Tablet,,Strip,10,,Box,10,,1
Arsil Syrup,Arsil Syrup,Medicine,,bottle,No,0,Bottle,,,,,,,,1
Markuf Syrup,Dry Cough Syrup,Medicine,,bottle,No,0,Bottle,,,,,,,,1
Kaf D 100ml,,Medicine,,bottle,No,0,Bottle,,,,,,,,1
TusQ-Dx Syrup 100ml,For Dry Cough,Medicine,,bottle,No,0,Bottle,,,,,,,,1
Zenegra-50 50mg,Zenegra-50 50mg,Medicine,,tablet,No,0,Tablet,,Box,4,,,,,1
Amlong 5,Amlodipine 5mg,Medicine,Micro Labs,tablet,No,100,Tablet,,Strip,10,,Box,10,,2
Amlong 10,Amlodipine 10mg,Medicine,Micro Labs,tablet,No,100,Tablet,,Strip,10,,Box,10,,2
Amlokind 5,Amlodipine 5mg,Medicine,Mankind,tablet,No,100,Tablet,,Strip,10,,Box,10,,2
Amlokind-AT,Amlodipine 5mg + Atenolol 50mg,Medicine,Mankind,tablet,No,100,Tablet,,Strip,10,,Box,10,,2
Stamlo 5,Amlodipine 5mg,Medicine,Dr. Reddy's,tablet,No,100,Tablet,,Strip,10,,Box,10,,2
Stamlo Beta,Amlodipine 5mg + Atenolol 50mg,Medicine,Dr. Reddy's,tablet,No,100,Tablet,,Strip,10,,Box,10,,2
Amlovas 5,Amlodipine 5mg,Medicine,USV,tablet,No,100,Tablet,,Strip,10,,Box,10,,2
Amlodipine 2.5mg,Amlodipine 2.5mg,Medicine,,tablet,No,100,Tablet,,Strip,10,,Box,10,,2
Cilacar 10,Cilnidipine 10mg,Medicine,JB Chemicals,tablet,No,100,Tablet,,Strip,10,,Box,10,,2
Cilacar 20,Cilnidipine 20mg,Medicine,JB Chemicals,tablet,No,100,Tablet,,Strip,10,,Box,10,,2
Cilacar-T,Cilnidipine 10mg + Telmisartan 40mg,Medicine,JB Chemicals,tablet,No,100,Tablet,,Strip,10,,Box,10,,2
Nexovas 10,Cilnidipine 10mg,Medicine,Lupin,tablet,No,100,Tablet,,Strip,10,,Box,10,,2
Nifedipine 10mg,Nifedipine 10mg,Medicine,,tablet,No,100,Tablet,,Strip,10,,Box,10,,2
Depin Retard 20,Nifedipine 20mg,Medicine,Zydus,tablet,No,100,Tablet,,Strip,10,,Box,10,,2
Sun Diltiazem 30mg,Diltiazem 30mg,Medicine,Sun Pharma,tablet,No,100,Tablet,,Strip,10,,Box,10,,2
Dilzem 30,Diltiazem 30mg,Medicine,Torrent,tablet,No,100,Tablet,,Strip,10,,Box,10,,2
Telma-H,Telmisartan 40mg + Hydrochlorothiazide 12.5mg,Medicine,Glenmark,tablet,No,100,Tablet,,Strip,10,,Box,10,,2
Telsartan 40,Telmisartan 40mg,Medicine,Dr. Reddy's,tablet,No,100,Tablet,,Strip,10,,Box,10,,2
Telsartan-H,Telmisartan 40mg + Hydrochlorothiazide 12.5mg,Medicine,Dr. Reddy's,tablet,No,100,Tablet,,Strip,10,,Box,10,,2
Telmikind 40,Telmisartan 40mg,Medicine,Mankind,tablet,No,100,Tablet,,Strip,10,,Box,10,,2
Telvas 40,Telmisartan 40mg,Medicine,Aristo,tablet,No,100,Tablet,,Strip,10,,Box,10,,2
Cresar 40,Telmisartan 40mg,Medicine,Sun Pharma,tablet,No,100,Tablet,,Strip,10,,Box,10,,2
Losar 25,Losartan Potassium 25mg,Medicine,Unichem,tablet,No,100,Tablet,,Strip,10,,Box,10,,2
Losar-H,Losartan 50mg + Hydrochlorothiazide 12.5mg,Medicine,Unichem,tablet,No,100,Tablet,,Strip,10,,Box,10,,2
Repace 50,Losartan Potassium 50mg,Medicine,Sun Pharma,tablet,No,100,Tablet,,Strip,10,,Box,10,,2
Losacar 50,Losartan Potassium 50mg,Medicine,Zydus,tablet,No,100,Tablet,,Strip,10,,Box,10,,2
Olmat 20,Olmesartan 20mg,Medicine,Macleods,tablet,No,100,Tablet,,Strip,10,,Box,10,,2
Olmat 40,Olmesartan 40mg,Medicine,Macleods,tablet,No,100,Tablet,,Strip,10,,Box,10,,2
Olmat-H,Olmesartan 20mg + Hydrochlorothiazide 12.5mg,Medicine,Macleods,tablet,No,100,Tablet,,Strip,10,,Box,10,,2
Olmezest-AM,Olmesartan 20mg + Amlodipine 5mg,Medicine,Zydus,tablet,No,100,Tablet,,Strip,10,,Box,10,,2
Valsartan 80mg,Valsartan 80mg,Medicine,,tablet,No,100,Tablet,,Strip,10,,Box,10,,2
Diovan 80,Valsartan 80mg,Medicine,Novartis,tablet,No,100,Tablet,,Strip,10,,Box,10,,2
Cardace 2.5,Ramipril 2.5mg,Medicine,Sanofi,tablet,No,100,Tablet,,Strip,10,,Box,10,,2
Ramistar 5,Ramipril 5mg,Medicine,Lupin,tablet,No,100,Tablet,,Strip,10,,Box,10,,2
Enam 5,Enalapril 5mg,Medicine,Dr. Reddy's,tablet,No,100,Tablet,,Strip,10,,Box,10,,2
Listril 5,Lisinopril 5mg,Medicine,Torrent,tablet,No,100,Tablet,,Strip,10,,Box,10,,2
Perindopril 4mg,Perindopril 4mg,Medicine,,tablet,No,100,Tablet,,Strip,10,,Box,10,,2
Metolar 50,Metoprolol 50mg,Medicine,Cipla,tablet,No,100,Tablet,,Strip,10,,Box,10,,2
Metolar XR 25,Metoprolol Succinate ER 25mg,Medicine,Cipla,tablet,No,100,Tablet,,Strip,10,,Box,10,,2
Metpure XL 25,Metoprolol Succinate ER 25mg,Medicine,Emcure,tablet,No,100,Tablet,,Strip,10,,Box,10,,2
Metpure XL 50,Metoprolol Succinate ER 50mg,Medicine,Emcure,tablet,No,100,Tablet,,Strip,10,,Box,10,,2
Betaloc 25,Metoprolol 25mg,Medicine,AstraZeneca,tablet,No,100,Tablet,,Strip,10,,Box,10,,2
Aten 25,Atenolol 25mg,Medicine,Zydus,tablet,No,100,Tablet,,Strip,10,,Box,10,,2
Concor 2.5,Bisoprolol 2.5mg,Medicine,Merck,tablet,No,100,Tablet,,Strip,10,,Box,10,,2
Corbis 5,Bisoprolol 5mg,Medicine,Torrent,tablet,No,100,Tablet,,Strip,10,,Box,10,,2
Carca 3.125,Carvedilol 3.125mg,Medicine,Intas,tablet,No,100,Tablet,,Strip,10,,Box,10,,2
Carca 6.25,Carvedilol 6.25mg,Medicine,Intas,tablet,No,100,Tablet,,Strip,10,,Box,10,,2
Carloc 3.125,Carvedilol 3.125mg,Medicine,Sun Pharma,tablet,No,100,Tablet,,Strip,10,,Box,10,,2
Nebicard 2.5,Nebivolol 2.5mg,Medicine,Torrent,tablet,No,100,Tablet,,Strip,10,,Box,10,,2
Nebilong 5,Nebivolol 5mg,Medicine,Micro Labs,tablet,No,100,Tablet,,Strip,10,,Box,10,,2
Nebilong-AM,Nebivolol 5mg + Amlodipine 5mg,Medicine,Micro Labs,tablet,No,100,Tablet,,Strip,10,,Box,10,,2
Arkamin,Clonidine 100mcg,Medicine,Torrent,tablet,No,100,Tablet,,Strip,10,,Box,10,,2
Minipress XL 2.5,Prazosin 2.5mg,Medicine,Pfizer,tablet,No,100,Tablet,,Strip,10,,Box,10,,2
Ivabrad 5,Ivabradine 5mg,Medicine,Torrent,tablet,No,100,Tablet,,Strip,10,,Box,10,,2
Lanoxin 0.25mg,Digoxin 0.25mg,Medicine,GSK,tablet,No,100,Tablet,,Strip,10,,Box,10,,2
Flavedon MR,Trimetazidine 35mg,Medicine,Serdia,tablet,No,100,Tablet,,Strip,10,,Box,10,,2
Nitrocontin 2.6,Nitroglycerin 2.6mg,Medicine,Modi-Mundipharma,tablet,No,100,Tablet,,Strip,10,,Box,10,,2
Amiodarone 200mg,Amiodarone 200mg,Medicine,,tablet,No,100,Tablet,,Strip,10,,Box,10,,2
Cordarone 200,Amiodarone 200mg,Medicine,Sanofi,tablet,No,100,Tablet,,Strip,10,,Box,10,,2
Dytor Plus 10,Torsemide 10mg + Spironolactone 50mg,Medicine,Cipla,tablet,No,100,Tablet,,Strip,10,,Box,10,,2
Frusemide 40mg,Furosemide 40mg,Medicine,,tablet,No,100,Tablet,,Strip,10,,Box,10,,2
Furosemide Injection 2ml,Furosemide 20mg/2ml,Medicine,,vial,No,10,Ampoule,,,,,,,,1
Aldactone 50,Spironolactone 50mg,Medicine,RPG Life Sciences,tablet,No,100,Tablet,,Strip,10,,Box,10,,2
Lasilactone 50,Furosemide 20mg + Spironolactone 50mg,Medicine,Sanofi,tablet,No,100,Tablet,,Strip,10,,Box,10,,2
Indapamide 1.5mg,Indapamide SR 1.5mg,Medicine,,tablet,No,100,Tablet,,Strip,10,,Box,10,,2
Metolazone 2.5mg,Metolazone 2.5mg,Medicine,,tablet,No,100,Tablet,,Strip,10,,Box,10,,2
Ecosprin 150,Aspirin 150mg,Medicine,USV,tablet,No,100,Tablet,,Strip,10,,Box,10,,2
Ecosprin AV 75,Aspirin 75mg + Atorvastatin 20mg,Medicine,USV,capsule,No,100,Capsule,,Strip,10,,Box,10,,2
Clopilet A 75,Clopidogrel 75mg + Aspirin 75mg,Medicine,Sun Pharma,tablet,No,100,Tablet,,Strip,10,,Box,10,,2
Deplatt 75,Clopidogrel 75mg,Medicine,Torrent,tablet,No,100,Tablet,,Strip,10,,Box,10,,2
Deplatt-A 75,Clopidogrel 75mg + Aspirin 75mg,Medicine,Torrent,tablet,No,100,Tablet,,Strip,10,,Box,10,,2
Plavix 75,Clopidogrel 75mg,Medicine,Sanofi,tablet,No,100,Tablet,,Strip,10,,Box,10,,2
Prasugrel 10mg,Prasugrel 10mg,Medicine,,tablet,No,100,Tablet,,Strip,10,,Box,10,,2
Ticagrelor 90mg,Ticagrelor 90mg,Medicine,,tablet,No,100,Tablet,,Strip,10,,Box,10,,2
Brilinta 90,Ticagrelor 90mg,Medicine,AstraZeneca,tablet,No,100,Tablet,,Strip,10,,Box,10,,2
Warf 5,Warfarin 5mg,Medicine,Cipla,tablet,No,100,Tablet,,Strip,10,,Box,10,,2
Acitrom 2,Acenocoumarol 2mg,Medicine,Abbott,tablet,No,100,Tablet,,Strip,10,,Box,10,,2
Xarelto 10,Rivaroxaban 10mg,Medicine,Bayer,tablet,No,100,Tablet,,Strip,10,,Box,10,,2
Xarelto 20,Rivaroxaban 20mg,Medicine,Bayer,tablet,No,100,Tablet,,Strip,10,,Box,10,,2
Eliquis 5,Apixaban 5mg,Medicine,Pfizer,tablet,No,100,Tablet,,Strip,10,,Box,10,,2
Pradaxa 110,Dabigatran 110mg,Medicine,Boehringer Ingelheim,capsule,No,100,Capsule,,Strip,10,,Box,10,,2
Clexane 40mg,Enoxaparin 40mg/0.4ml,Medicine,Sanofi,vial,No,10,Vial,,,,,,,,1
Lomoh 40,Enoxaparin 40mg/0.4ml,Medicine,Zydus,vial,No,10,Vial,,,,,,,,1
Storvas 10,Atorvastatin 10mg,Medicine,Sun Pharma,tablet,No,100,Tablet,,Strip,10,,Box,10,,2
Storvas 20,Atorvastatin 20mg,Medicine,Sun Pharma,tablet,No,100,Tablet,,Strip,10,,Box,10,,2
Tonact 10,Atorvastatin 10mg,Medicine,Lupin,tablet,No,100,Tablet,,Strip,10,,Box,10,,2
Atocor 20,Atorvastatin 20mg,Medicine,Dr. Reddy's,tablet,No,100,Tablet,,Strip,10,,Box,10,,2
Lipvas 10,Atorvastatin 10mg,Medicine,Cipla,tablet,No,100,Tablet,,Strip,10,,Box,10,,2
Crestor 10,Rosuvastatin 10mg,Medicine,AstraZeneca,tablet,No,100,Tablet,,Strip,10,,Box,10,,2
Rozat 10,Rosuvastatin 10mg,Medicine,Lupin,tablet,No,100,Tablet,,Strip,10,,Box,10,,2
Rosulip 10,Rosuvastatin 10mg,Medicine,Cipla,tablet,No,100,Tablet,,Strip,10,,Box,10,,2
Rosuvastatin 5mg,Rosuvastatin 5mg,Medicine,,tablet,No,100,Tablet,,Strip,10,,Box,10,,2
Simvastatin 10mg,Simvastatin 10mg,Medicine,,tablet,No,100,Tablet,,Strip,10,,Box,10,,2
Fenolip 160,Fenofibrate 160mg,Medicine,Cipla,tablet,No,100,Tablet,,Strip,10,,Box,10,,2
Maxepa,Omega-3 Fatty Acids 500mg,Medicine,Merck,capsule,No,100,Capsule,,Strip,10,,Box,10,,2
Ezetimibe 10mg,Ezetimibe 10mg,Medicine,,tablet,No,100,Tablet,,Strip,10,,Box,10,,2
Glycomet 1000,Metformin 1000mg,Medicine,USV,tablet,No,100,Tablet,,Strip,10,,Box,10,,2
Glyciphage 500,Metformin 500mg,Medicine,Franco-Indian,tablet,No,100,Tablet,,Strip,10,,Box,10,,2
Okamet 500,Metformin 500mg,Medicine,Cipla,tablet,No,100,Tablet,,Strip,10,,Box,10,,2
Metformin 850mg,Metformin 850mg,Medicine,,tablet,No,100,Tablet,,Strip,10,,Box,10,,2
Amaryl M1,Glimepiride 1mg + Metformin 500mg,Medicine,Sanofi,tablet,No,100,Tablet,,Strip,10,,Box,10,,2
Amaryl M2,Glimepiride 2mg + Metformin 500mg,Medicine,Sanofi,tablet,No,100,Tablet,,Strip,10,,Box,10,,2
Glimisave 1,Glimepiride 1mg,Medicine,USV,tablet,No,100,Tablet,,Strip,10,,Box,10,,2
Glimisave 2,Glimepiride 2mg,Medicine,USV,tablet,No,100,Tablet,,Strip,10,,Box,10,,2
Zoryl 1,Glimepiride 1mg,Medicine,Intas,tablet,No,100,Tablet,,Strip,10,,Box,10,,2
Zoryl 2,Glimepiride 2mg,Medicine,Intas,tablet,No,100,Tablet,,Strip,10,,Box,10,,2
Glimestar 2,Glimepiride 2mg,Medicine,Mankind,tablet,No,100,Tablet,,Strip,10,,Box,10,,2
Reclide 80,Gliclazide 80mg,Medicine,Dr. Reddy's,tablet,No,100,Tablet,,Strip,10,,Box,10,,2
Glizid 80,Gliclazide 80mg,Medicine,Panacea Biotec,tablet,No,100,Tablet,,Strip,10,,Box,10,,2
Daonil 5,Glibenclamide 5mg,Medicine,Sanofi,tablet,No,100,Tablet,,Strip,10,,Box,10,,2
Pioz 15,Pioglitazone 15mg,Medicine,USV,tablet,No,100,Tablet,,Strip,10,,Box,10,,2
Volix 0.3,Voglibose 0.3mg,Medicine,Sun Pharma,tablet,No,100,Tablet,,Strip,10,,Box,10,,2
Zita 20,Teneligliptin 20mg,Medicine,Glenmark,tablet,No,100,Tablet,,Strip,10,,Box,10,,2
Zita-Met 20/500,Teneligliptin 20mg + Metformin 500mg,Medicine,Glenmark,tablet,No,100,Tablet,,Strip,10,,Box,10,,2
Istavel 100,Sitagliptin 100mg,Medicine,Sun Pharma,tablet,No,100,Tablet,,Strip,10,,Box,10,,2
Zituvia 100,Sitagliptin 100mg,Medicine,Zydus,tablet,No,100,Tablet,,Strip,10,,Box,10,,2
Galvus Met 50/500,Vildagliptin 50mg + Metformin 500mg,Medicine,Novartis,tablet,No,100,Tablet,,Strip,10,,Box,10,,2
Jalra 50,Vildagliptin 50mg,Medicine,USV,tablet,No,100,Tablet,,Strip,10,,Box,10,,2
Zomelis 50,Vildagliptin 50mg,Medicine,Torrent,tablet,No,100,Tablet,,Strip,10,,Box,10,,2
Trajenta 5,Linagliptin 5mg,Medicine,Boehringer Ingelheim,tablet,No,100,Tablet,,Strip,10,,Box,10,,2
Oxra 10,Dapagliflozin 10mg,Medicine,Sun Pharma,tablet,No,100,Tablet,,Strip,10,,Box,10,,2
Jardiance 10,Empagliflozin 10mg,Medicine,Boehringer Ingelheim,tablet,No,100,Tablet,,Strip,10,,Box,10,,2
Dapagliflozin 10mg,Dapagliflozin 10mg,Medicine,,tablet,No,100,Tablet,,Strip,10,,Box,10,,2
Mixtard 30/70 Penfill 3ml,Human Insulin 30/70 100 IU/ml,Medicine,Novo Nordisk,vial,No,10,Vial,,,,,,,,1
Mixtard 30/70 Vial 10ml,Human Insulin 30/70 40 IU/ml,Medicine,Novo Nordisk,vial,No,10,Vial,,,,,,,,1
Actrapid Penfill 3ml,Human Insulin Regular 100 IU/ml,Medicine,Novo Nordisk,vial,No,10,Vial,,,,,,,,1
Insulatard Penfill 3ml,Human Insulin Isophane 100 IU/ml,Medicine,Novo Nordisk,vial,No,10,Vial,,,,,,,,1
NovoMix 30 Penfill 3ml,Insulin Aspart 30/70 100 IU/ml,Medicine,Novo Nordisk,vial,No,10,Vial,,,,,,,,1
NovoRapid Penfill 3ml,Insulin Aspart 100 IU/ml,Medicine,Novo Nordisk,vial,No,10,Vial,,,,,,,,1
Ryzodeg Penfill 3ml,Insulin Degludec + Aspart 100 IU/ml,Medicine,Novo Nordisk,vial,No,10,Vial,,,,,,,,1
Tresiba Penfill 3ml,Insulin Degludec 100 IU/ml,Medicine,Novo Nordisk,vial,No,10,Vial,,,,,,,,1
Lantus Vial 10ml,Insulin Glargine 100 IU/ml,Medicine,Sanofi,vial,No,10,Vial,,,,,,,,1
Basalog One 3ml,Insulin Glargine 100 IU/ml,Medicine,Biocon,vial,No,10,Vial,,,,,,,,1
Huminsulin 30/70 Vial 10ml,Human Insulin 30/70 40 IU/ml,Medicine,Eli Lilly,vial,No,10,Vial,,,,,,,,1
Insugen-R Vial 10ml,Human Insulin Regular 40 IU/ml,Medicine,Biocon,vial,No,10,Vial,,,,,,,,1
Humalog Vial 10ml,Insulin Lispro 100 IU/ml,Medicine,Eli Lilly,vial,No,10,Vial,,,,,,,,1
Insulin Syringe 1ml 100 IU,Insulin syringe with needle,Consumable,,box,No,10,Piece,,,,,,,,1
Insulin Pen Needle 31G,Pen needle for insulin pens,Consumable,,box,No,10,Piece,,,,,,,,1
Glucometer Strips 25s,Blood glucose test strips,Consumable,,box,No,5,Box,,,,,,,,1
Glucometer Strips 50s,Blood glucose test strips,Consumable,,box,No,5,Box,,,,,,,,1
Accu-Chek Active Strips 50s,Blood glucose test strips,Consumable,Roche,box,No,5,Box,,,,,,,,1
OneTouch Select Plus Strips 50s,Blood glucose test strips,Consumable,LifeScan,box,No,5,Box,,,,,,,,1
Glucometer Lancets 25s,Lancets for blood glucose testing,Consumable,,box,No,10,Piece,,,,,,,,1
Telista 40,Telmisartan 40mg,Medicine,Lupin,tablet,No,100,Tablet,,Strip,10,,Box,10,,2
Eritel 40,Telmisartan 40mg,Medicine,Micro Labs,tablet,No,100,Tablet,,Strip,10,,Box,10,,2
Telpres 40,Telmisartan 40mg,Medicine,Cipla,tablet,No,100,Tablet,,Strip,10,,Box,10,,2
Olsar 20,Olmesartan 20mg,Medicine,Unichem,tablet,No,100,Tablet,,Strip,10,,Box,10,,2
Olmy 20,Olmesartan 20mg,Medicine,Micro Labs,tablet,No,100,Tablet,,Strip,10,,Box,10,,2
Prolomet XL 25,Metoprolol Succinate ER 25mg,Medicine,Sun Pharma,tablet,No,100,Tablet,,Strip,10,,Box,10,,2
Prolomet XL 50,Metoprolol Succinate ER 50mg,Medicine,Sun Pharma,tablet,No,100,Tablet,,Strip,10,,Box,10,,2
Seloken XL 25,Metoprolol Succinate ER 25mg,Medicine,AstraZeneca,tablet,No,100,Tablet,,Strip,10,,Box,10,,2
Revelol XL 25,Metoprolol Succinate ER 25mg,Medicine,Ipca,tablet,No,100,Tablet,,Strip,10,,Box,10,,2
Gemer 1,Glimepiride 1mg + Metformin 500mg,Medicine,USV,tablet,No,100,Tablet,,Strip,10,,Box,10,,2
Gemer 2,Glimepiride 2mg + Metformin 500mg,Medicine,USV,tablet,No,100,Tablet,,Strip,10,,Box,10,,2
Triglimisave 2,Glimepiride 2mg + Metformin + Pioglitazone,Medicine,USV,tablet,No,100,Tablet,,Strip,10,,Box,10,,2
Gluconorm-G1,Glimepiride 1mg + Metformin 500mg,Medicine,Lupin,tablet,No,100,Tablet,,Strip,10,,Box,10,,2
Glucored Forte,Glibenclamide 5mg + Metformin 500mg,Medicine,Sun Pharma,tablet,No,100,Tablet,,Strip,10,,Box,10,,2
Janumet 50/500,Sitagliptin 50mg + Metformin 500mg,Medicine,MSD,tablet,No,100,Tablet,,Strip,10,,Box,10,,2
Istamet 50/500,Sitagliptin 50mg + Metformin 500mg,Medicine,Sun Pharma,tablet,No,100,Tablet,,Strip,10,,Box,10,,2
Zoryl-M1,Glimepiride 1mg + Metformin 500mg,Medicine,Intas,tablet,No,100,Tablet,,Strip,10,,Box,10,,2
Ecosprin Gold 10,Aspirin + Clopidogrel + Atorvastatin,Medicine,USV,tablet,No,100,Tablet,,Strip,10,,Box,10,,2
Rosuvas-A 10,Rosuvastatin 10mg + Aspirin 75mg,Medicine,Sun Pharma,tablet,No,100,Tablet,,Strip,10,,Box,10,,2
Nicip Plus,Nimesulide 100mg + Paracetamol 325mg,Medicine,Cipla,tablet,No,100,Tablet,,Strip,10,,Box,10,,2
Sumo Tablet,Nimesulide 100mg + Paracetamol 325mg,Medicine,Alkem,tablet,No,100,Tablet,,Strip,10,,Box,10,,2
Sumo Suspension 60ml,Nimesulide + Paracetamol suspension,Medicine,Alkem,bottle,No,10,Bottle,,,,,,,,1
Flexon Tablet,Ibuprofen 400mg + Paracetamol 325mg,Medicine,Aristo,tablet,No,100,Tablet,,Strip,10,,Box,10,,2
Flexon Suspension 60ml,Ibuprofen + Paracetamol suspension,Medicine,Aristo,bottle,No,10,Bottle,,,,,,,,1
Mobizox Tablet,Chlorzoxazone + Diclofenac + Paracetamol,Medicine,Wockhardt,tablet,No,100,Tablet,,Strip,10,,Box,10,,2
Signoflam Tablet,Aceclofenac + Paracetamol + Serratiopeptidase,Medicine,Lupin,tablet,No,100,Tablet,,Strip,10,,Box,10,,2
Aceclo Plus,Aceclofenac 100mg + Paracetamol 325mg,Medicine,Aristo,tablet,No,100,Tablet,,Strip,10,,Box,10,,2
Aceclo SP,Aceclofenac + Paracetamol + Serratiopeptidase,Medicine,Aristo,tablet,No,100,Tablet,,Strip,10,,Box,10,,2
Dolo 500,Paracetamol 500mg,Medicine,Micro Labs,tablet,No,100,Tablet,,Strip,10,,Box,10,,2
Paracip 500,Paracetamol 500mg,Medicine,Cipla,tablet,No,100,Tablet,,Strip,10,,Box,10,,2
Diclomax Gel 30g,Diclofenac gel,Medicine,Torrent,tube,No,6,Tube,,,,,,,,1
Rantac 150,Ranitidine 150mg,Medicine,JB Chemicals,tablet,No,100,Tablet,,Strip,10,,Box,10,,2
Zinetac 150,Ranitidine 150mg,Medicine,GSK,tablet,No,100,Tablet,,Strip,10,,Box,10,,2
Aciloc 150,Ranitidine 150mg,Medicine,Cadila,tablet,No,100,Tablet,,Strip,10,,Box,10,,2
Cremalax Tablet,Bisacodyl 5mg,Medicine,Abbott,tablet,No,100,Tablet,,Strip,10,,Box,10,,2
Zomelis Met 50/500,Vildagliptin + Metformin,Medicine,Torrent,tablet,No,100,Tablet,,Strip,10,,Box,10,,2
Aristozyme Syrup 200ml,Digestive enzyme syrup,Medicine,Aristo,bottle,No,10,Bottle,,,,,,,,1
Digeplex Tablet,Digestive enzymes,Medicine,,tablet,No,100,Tablet,,Strip,10,,Box,10,,2
Zymnet Plus Drops 15ml,Digestive enzyme drops,Medicine,Zuventus,bottle,No,10,Bottle,,,,,,,,1
Gutclear Syrup 200ml,Lactulose solution,Medicine,,bottle,No,10,Bottle,,,,,,,,1
Normaxin Tablet,Chlordiazepoxide + Dicyclomine + Activated Dimethicone,Medicine,Systopic,tablet,Yes,100,Tablet,,Strip,10,,Box,10,,2
Librax Tablet,Chlordiazepoxide + Clidinium,Medicine,Abbott,tablet,Yes,100,Tablet,,Strip,10,,Box,10,,2
Spasmonil Plus,Dicyclomine + Paracetamol,Medicine,Kopran,capsule,No,100,Capsule,,Strip,10,,Box,10,,2
Xone 1g Injection,Ceftriaxone 1g,Medicine,Alkem,tablet,No,100,Tablet,,Strip,10,,Box,10,,2
Omnatax 1g Injection,Cefotaxime 1g,Medicine,Aristo,vial,No,10,Vial,,,,,,,,1
Magnex Forte 1.5g Injection,Cefoperazone + Sulbactam,Medicine,Pfizer,vial,No,10,Vial,,,,,,,,1
Tazact 4.5g Injection,Piperacillin + Tazobactam,Medicine,Cipla,vial,No,10,Vial,,,,,,,,1
Monocef-SB 1.5g Injection,Ceftriaxone + Sulbactam,Medicine,Aristo,vial,No,10,Vial,,,,,,,,1
Zifi-CV 200,Cefixime 200mg + Clavulanic Acid 125mg,Medicine,FDC,tablet,No,100,Tablet,,Strip,10,,Box,10,,2
Taxim-O CV 200,Cefixime 200mg + Clavulanic Acid 125mg,Medicine,Alkem,tablet,No,100,Tablet,,Strip,10,,Box,10,,2
Cepodem XP 325,Cefpodoxime + Clavulanic Acid,Medicine,Alkem,tablet,No,100,Tablet,,Strip,10,,Box,10,,2
Ornof Tablet,Ofloxacin + Ornidazole,Medicine,Aristo,tablet,No,100,Tablet,,Strip,10,,Box,10,,2
Ornof Suspension 30ml,Ofloxacin + Ornidazole suspension,Medicine,Aristo,bottle,No,10,Bottle,,,,,,,,1
Metrogyl-F Tablet,Metronidazole + Diloxanide Furoate,Medicine,JB Chemicals,tablet,No,100,Tablet,,Strip,10,,Box,10,,2
Metrogyl Plus Suspension 60ml,Metronidazole + Diloxanide suspension,Medicine,JB Chemicals,bottle,No,10,Bottle,,,,,,,,1
Entamizole Tablet,Metronidazole + Diloxanide Furoate,Medicine,Abbott,tablet,No,100,Tablet,,Strip,10,,Box,10,,2
Entamizole Suspension 60ml,Metronidazole + Diloxanide suspension,Medicine,Abbott,bottle,No,10,Bottle,,,,,,,,1
Maxtra Syrup 60ml,Phenylephrine + Chlorpheniramine,Medicine,Zuventus,bottle,No,10,Bottle,,,,,,,,1
Maxtra Drops 15ml,Phenylephrine + Chlorpheniramine drops,Medicine,Zuventus,drops,No,6,Bottle,,,,,,,,1
T-Minic Syrup 60ml,Phenylephrine + Chlorpheniramine,Medicine,Novartis,bottle,No,10,Bottle,,,,,,,,1
Solvin Cold Syrup 60ml,Cold and cough syrup for children,Medicine,Ipca,bottle,No,10,Bottle,,,,,,,,1
Wikoryl Syrup 60ml,Paracetamol + Phenylephrine + Chlorpheniramine,Medicine,Alembic,bottle,No,10,Bottle,,,,,,,,1
Sinarest Syrup 60ml,Paracetamol + Phenylephrine + Chlorpheniramine,Medicine,Centaur,bottle,No,10,Bottle,,,,,,,,1
Sinarest Drops 15ml,Paediatric cold drops,Medicine,Centaur,drops,No,6,Bottle,,,,,,,,1
Ascoril-D Plus Syrup 100ml,Dextromethorphan + Chlorpheniramine,Medicine,Glenmark,bottle,No,10,Bottle,,,,,,,,1
Ascoril Flu Syrup 60ml,Paracetamol cold and flu syrup,Medicine,Glenmark,bottle,No,10,Bottle,,,,,,,,1
Neopeptine Drops 15ml,Digestive enzyme drops for infants,Medicine,Raptakos,drops,No,6,Bottle,,,,,,,,1
Ossopan-D Drops 15ml,Calcium and vitamin D drops,Medicine,,drops,No,6,Bottle,,,,,,,,1
Vitamin A Drops 15ml,Vitamin A palmitate drops,Medicine,,drops,No,6,Bottle,,,,,,,,1
Cyprodine Syrup 200ml,Cyproheptadine appetite syrup,Medicine,,bottle,No,10,Bottle,,,,,,,,1
Practin Syrup 200ml,Cyproheptadine 2mg/5ml,Medicine,Merck,bottle,No,10,Bottle,,,,,,,,1
Practin 4mg,Cyproheptadine 4mg,Medicine,Merck,tablet,No,100,Tablet,,Strip,10,,Box,10,,2
Zinc Dispersible 20mg Sachet,Zinc Sulphate 20mg dispersible,Medicine,,sachet,No,30,Sachet,,Strip,10,,Box,10,,2
Paediatric Multivitamin Drops 15ml,Multivitamin drops for infants,Medicine,,bottle,No,10,Bottle,,,,,,,,1
Iron Drops 15ml,Iron drops for infants,Medicine,,bottle,No,10,Bottle,,,,,,,,1
Lobate-GM Cream 15g,Clobetasol + Gentamicin + Miconazole,Medicine,Indoco,tube,No,6,Tube,,,,,,,,1
Surfaz-SN Cream 15g,Clotrimazole + Neomycin + Beclomethasone,Medicine,Indoco,tube,No,6,Tube,,,,,,,,1
Eumosone-M Cream 15g,Clobetasol + Miconazole,Medicine,GSK,tube,No,6,Tube,,,,,,,,1
Halovate-S Cream 15g,Halobetasol + Salicylic Acid,Medicine,Indoco,tube,No,6,Tube,,,,,,,,1
Nadoxin Cream 20g,Nadifloxacin 1% cream,Medicine,Wockhardt,tube,No,6,Tube,,,,,,,,1
Fourderm Cream 15g,Clotrimazole + Beclomethasone + Neomycin + Chlorocresol,Medicine,Sun Pharma,tube,No,6,Tube,,,,,,,,1
Salicylic Acid + Lactic Acid Paint 15ml,Wart paint,Medicine,,tube,No,6,Tube,,,,,,,,1
Zole-F Cream 15g,Clotrimazole with fluocinolone,Medicine,,tube,No,6,Tube,,,,,,,,1
Permite Lotion 60ml,Permethrin 5% lotion,Medicine,Sun Pharma,bottle,No,10,Bottle,,,,,,,,1
Lubrex Eye Drops 10ml,Lubricant eye drops,Medicine,,drops,No,6,Bottle,,,,,,,,1
Iotim Eye Drops 5ml,Timolol 0.5% eye drops,Medicine,FDC,drops,No,6,Bottle,,,,,,,,1
Optive Eye Drops 10ml,Carboxymethylcellulose + Glycerin,Medicine,Allergan,drops,No,6,Bottle,,,,,,,,1
Podophyllin Paint 15ml,Podophyllin 20% paint,Medicine,,tube,No,6,Tube,,,,,,,,1
Moxigram Eye Drops 5ml,Moxifloxacin eye drops,Medicine,,drops,No,6,Bottle,,,,,,,,1
Ciprofloxacin Eye Ointment 5g,Ciprofloxacin eye ointment,Medicine,,tube,No,6,Tube,,,,,,,,1
Dexamethasone Eye Drops 5ml,Dexamethasone 0.1% eye drops,Medicine,,drops,No,6,Bottle,,,,,,,,1
Zevit Capsule,Vitamin B complex with zinc,Medicine,GSK,tablet,No,100,Tablet,,Strip,10,,Box,10,,2
Cobadex CZS Capsule,Multivitamin with zinc and selenium,Medicine,Zydus,capsule,No,100,Capsule,,Strip,10,,Box,10,,2
Beplex Forte Syrup 200ml,Vitamin B complex syrup,Medicine,,bottle,No,10,Bottle,,,,,,,,1
Beplex Forte Tablet,Vitamin B complex,Medicine,,tablet,No,100,Tablet,,Strip,10,,Box,10,,2
Shelcal-XT,Calcium Citrate with Vitamin D3 and minerals,Medicine,Torrent,tablet,No,100,Tablet,,Strip,10,,Box,10,,2
Calcium Citrate Malate Tablet,Calcium Citrate Malate with Vitamin D3,Medicine,,tablet,No,100,Tablet,,Strip,10,,Box,10,,2
Vitamin B Complex Tablet,Vitamin B complex,Medicine,,tablet,No,100,Tablet,,Strip,10,,Box,10,,2
Alfacalcidol 0.25mcg,Alfacalcidol 0.25mcg,Medicine,,capsule,No,100,Capsule,,Strip,10,,Box,10,,2
Antioxidant Capsule,Multivitamin antioxidant capsule,Medicine,,capsule,No,100,Capsule,,Strip,10,,Box,10,,2
Whey Protein Powder Sachet,Protein supplement,Other,,sachet,No,30,Sachet,,Strip,10,,Box,10,,2
Nicotine Patch 21mg,Transdermal nicotine patch,Other,,box,No,10,Piece,,,,,,,,1
Nicotine Gum 2mg,Nicotine polacrilex 2mg,Other,,tablet,No,100,Tablet,,Strip,10,,Box,10,,2
Potassium Chloride SR 600mg,Potassium Chloride SR 600mg,Medicine,,tablet,No,100,Tablet,,Strip,10,,Box,10,,2
Activated Charcoal 250mg,Activated Charcoal 250mg,Medicine,,tablet,No,100,Tablet,,Strip,10,,Box,10,,2
Vitamin D3 60000 IU Capsule,"Cholecalciferol 60,000 IU",Medicine,,capsule,No,100,Capsule,,Strip,10,,Box,10,,2
Levocarnitine 500mg,Levocarnitine 500mg,Medicine,,tablet,No,100,Tablet,,Strip,10,,Box,10,,2
Ursodeoxycholic Acid 300mg,Ursodeoxycholic Acid 300mg,Medicine,,tablet,No,100,Tablet,,Strip,10,,Box,10,,2
Sildenafil 20mg,Sildenafil 20mg,Medicine,,tablet,No,100,Tablet,,Strip,10,,Box,10,,2
Domperidone 10mg + Paracetamol 500mg,Domperidone + Paracetamol,Medicine,,tablet,No,100,Tablet,,Strip,10,,Box,10,,2
Mox 250,Amoxicillin 250mg,Medicine,Sun Pharma,capsule,No,100,Capsule,,Strip,10,,Box,10,,2
Mox 500,Amoxicillin 500mg,Medicine,Sun Pharma,capsule,No,100,Capsule,,Strip,10,,Box,10,,2
Moxikind-CV 625,Amoxicillin 500mg + Clavulanic Acid 125mg,Medicine,Mankind,tablet,No,100,Tablet,,Strip,10,,Box,10,,2
Advent 625,Amoxicillin 500mg + Clavulanic Acid 125mg,Medicine,Cipla,tablet,No,100,Tablet,,Strip,10,,Box,10,,2
Moxikind-CV Dry Syrup 30ml,Amoxicillin 200mg + Clavulanate 28.5mg per 5ml,Medicine,Mankind,bottle,No,10,Bottle,,,,,,,,1
Augmentin 1g,Amoxicillin 875mg + Clavulanic Acid 125mg,Medicine,GSK,tablet,No,100,Tablet,,Strip,10,,Box,10,,2
Advent Dry Syrup 30ml,Amoxicillin 200mg + Clavulanate 28.5mg per 5ml,Medicine,Cipla,bottle,No,10,Bottle,,,,,,,,1
Augmentin 1.2g Injection,Amoxicillin 1g + Clavulanic Acid 200mg,Medicine,GSK,vial,No,10,Vial,,,,,,,,1
Ampicillin 250mg,Ampicillin 250mg,Medicine,,capsule,No,100,Capsule,,Strip,10,,Box,10,,2
Crystalline Penicillin 10 Lakh,"Benzylpenicillin 10,00,000 IU",Medicine,,vial,No,10,Vial,,,,,,,,1
Benzathine Penicillin 12 Lakh,"Benzathine Penicillin 12,00,000 IU",Medicine,,vial,No,10,Vial,,,,,,,,1
Phexin 500,Cephalexin 500mg,Medicine,GSK,capsule,No,100,Capsule,,Strip,10,,Box,10,,2
Cloxacillin 500mg,Cloxacillin 500mg,Medicine,,capsule,No,100,Capsule,,Strip,10,,Box,10,,2
Phexin Redisyp 30ml,Cephalexin 125mg/5ml,Medicine,GSK,bottle,No,10,Bottle,,,,,,,,1
Taxim-O 100,Cefixime 100mg,Medicine,Alkem,tablet,No,100,Tablet,,Strip,10,,Box,10,,2
Mahacef 200,Cefixime 200mg,Medicine,Mankind,tablet,No,100,Tablet,,Strip,10,,Box,10,,2
Mahacef Plus,Cefixime 200mg + Ofloxacin 200mg,Medicine,Mankind,tablet,No,100,Tablet,,Strip,10,,Box,10,,2
Cefixime 200mg,Cefixime 200mg,Medicine,,tablet,No,100,Tablet,,Strip,10,,Box,10,,2
Cepodem Dry Syrup 30ml,Cefpodoxime 50mg/5ml,Medicine,Alkem,bottle,No,10,Bottle,,,,,,,,1
Monocef-O 200,Cefpodoxime 200mg,Medicine,Aristo,tablet,No,100,Tablet,,Strip,10,,Box,10,,2
Cefpodoxime 100mg,Cefpodoxime 100mg,Medicine,,tablet,No,100,Tablet,,Strip,10,,Box,10,,2
Altacef 500,Cefuroxime 500mg,Medicine,Glenmark,tablet,No,100,Tablet,,Strip,10,,Box,10,,2
Ceftum 250,Cefuroxime 250mg,Medicine,GSK,tablet,No,100,Tablet,,Strip,10,,Box,10,,2
Oframax 1g Injection,Ceftriaxone 1g,Medicine,Sun Pharma,vial,No,10,Vial,,,,,,,,1
Ceftriaxone + Sulbactam 1.5g Injection,Ceftriaxone 1g + Sulbactam 500mg,Medicine,,vial,No,10,Vial,,,,,,,,1
Fortum 1g Injection,Ceftazidime 1g,Medicine,GSK,vial,No,10,Vial,,,,,,,,1
Cefepime 1g Injection,Cefepime 1g,Medicine,,vial,No,10,Vial,,,,,,,,1
Cefoperazone + Sulbactam 1.5g Injection,Cefoperazone 1g + Sulbactam 500mg,Medicine,,vial,No,10,Vial,,,,,,,,1
Azee 500,Azithromycin 500mg,Medicine,Cipla,tablet,No,100,Tablet,,Strip,10,,Box,10,,2
Azee 250,Azithromycin 250mg,Medicine,Cipla,tablet,No,100,Tablet,,Strip,10,,Box,10,,2
Azee Dry Syrup 15ml,Azithromycin 200mg/5ml,Medicine,Cipla,bottle,No,10,Bottle,,,,,,,,1
Azicip 500,Azithromycin 500mg,Medicine,Cipla,tablet,No,100,Tablet,,Strip,10,,Box,10,,2
Zithrox 500,Azithromycin 500mg,Medicine,FDC,tablet,No,100,Tablet,,Strip,10,,Box,10,,2
Azithromycin 250mg,Azithromycin 250mg,Medicine,,tablet,No,100,Tablet,,Strip,10,,Box,10,,2
Clarithromycin 250mg,Clarithromycin 250mg,Medicine,,tablet,No,100,Tablet,,Strip,10,,Box,10,,2
Claribid 500,Clarithromycin 500mg,Medicine,Pfizer,tablet,No,100,Tablet,,Strip,10,,Box,10,,2
Althrocin 500,Erythromycin 500mg,Medicine,Alembic,tablet,No,100,Tablet,,Strip,10,,Box,10,,2
Levoflox 750,Levofloxacin 750mg,Medicine,Cipla,tablet,No,100,Tablet,,Strip,10,,Box,10,,2
Levotas 500,Levofloxacin 500mg,Medicine,Intas,tablet,No,100,Tablet,,Strip,10,,Box,10,,2
Althrocin Suspension 60ml,Erythromycin 125mg/5ml,Medicine,Alembic,bottle,No,10,Bottle,,,,,,,,1
Glevo 500,Levofloxacin 500mg,Medicine,Glenmark,tablet,No,100,Tablet,,Strip,10,,Box,10,,2
Loxof 500,Levofloxacin 500mg,Medicine,Zydus,tablet,No,100,Tablet,,Strip,10,,Box,10,,2
Levofloxacin Infusion 100ml,Levofloxacin 500mg/100ml,Medicine,,vial,No,10,Vial,,,,,,,,1
Ciplox 250,Ciprofloxacin 250mg,Medicine,Cipla,tablet,No,100,Tablet,,Strip,10,,Box,10,,2
Ciprofloxacin Infusion 100ml,Ciprofloxacin 200mg/100ml,Medicine,,vial,No,10,Vial,,,,,,,,1
Cifran 500,Ciprofloxacin 500mg,Medicine,Sun Pharma,tablet,No,100,Tablet,,Strip,10,,Box,10,,2
Oflox 200,Ofloxacin 200mg,Medicine,Cipla,tablet,No,100,Tablet,,Strip,10,,Box,10,,2
O2 Tablet,Ofloxacin 200mg + Ornidazole 500mg,Medicine,FDC,tablet,No,100,Tablet,,Strip,10,,Box,10,,2
Moxicip 400,Moxifloxacin 400mg,Medicine,Cipla,tablet,No,100,Tablet,,Strip,10,,Box,10,,2
O2 Suspension 30ml,Ofloxacin + Ornidazole suspension,Medicine,FDC,bottle,No,10,Bottle,,,,,,,,1
Oflomac-OZ,Ofloxacin 200mg + Ornidazole 500mg,Medicine,Macleods,tablet,No,100,Tablet,,Strip,10,,Box,10,,2
Doxt 100,Doxycycline 100mg,Medicine,Ajanta,capsule,No,100,Capsule,,Strip,10,,Box,10,,2
Cynomycin 100,Minocycline 100mg,Medicine,Wockhardt,capsule,No,100,Capsule,,Strip,10,,Box,10,,2
Doxy-1 L-Forte,Doxycycline 100mg + Lactobacillus,Medicine,USV,capsule,No,100,Capsule,,Strip,10,,Box,10,,2
Septran Suspension 60ml,Sulfamethoxazole + Trimethoprim suspension,Medicine,GSK,bottle,No,10,Bottle,,,,,,,,1
Cotrimoxazole 480mg,Sulfamethoxazole 400mg + Trimethoprim 80mg,Medicine,,tablet,No,100,Tablet,,Strip,10,,Box,10,,2
Lizolid 600,Linezolid 600mg,Medicine,Glenmark,tablet,No,100,Tablet,,Strip,10,,Box,10,,2
Linezolid Infusion 300ml,Linezolid 600mg/300ml,Medicine,,vial,No,10,Vial,,,,,,,,1
Vancomycin 500mg Injection,Vancomycin 500mg,Medicine,,vial,No,10,Vial,,,,,,,,1
Clindamycin Injection 4ml,Clindamycin 600mg/4ml,Medicine,,vial,No,10,Vial,,,,,,,,1
Meropenem 1g Injection,Meropenem 1g,Medicine,,vial,No,10,Vial,,,,,,,,1
Meronem 1g Injection,Meropenem 1g,Medicine,Pfizer,vial,No,10,Vial,,,,,,,,1
Mikacin 500mg Injection,Amikacin 500mg,Medicine,Aristo,vial,No,10,Vial,,,,,,,,1
Amikacin 500mg Injection,Amikacin 500mg,Medicine,,vial,No,10,Vial,,,,,,,,1
Nitrofurantoin 100mg,Nitrofurantoin 100mg,Medicine,,tablet,No,100,Tablet,,Strip,10,,Box,10,,2
Gentamicin 80mg Injection,Gentamicin 80mg/2ml,Medicine,,vial,No,10,Vial,,,,,,,,1
Piperacillin + Tazobactam 4.5g Injection,Piperacillin 4g + Tazobactam 500mg,Medicine,,vial,No,10,Vial,,,,,,,,1
Rifagut 400,Rifaximin 400mg,Medicine,Sun Pharma,tablet,No,100,Tablet,,Strip,10,,Box,10,,2
Metrogyl 400,Metronidazole 400mg,Medicine,JB Chemicals,tablet,No,100,Tablet,,Strip,10,,Box,10,,2
Faropenem 200mg,Faropenem 200mg,Medicine,,tablet,No,100,Tablet,,Strip,10,,Box,10,,2
Dazolic 500,Ornidazole 500mg,Medicine,Sun Pharma,tablet,No,100,Tablet,,Strip,10,,Box,10,,2
Metrogyl 200,Metronidazole 200mg,Medicine,JB Chemicals,tablet,No,100,Tablet,,Strip,10,,Box,10,,2
Metrogyl Infusion 100ml,Metronidazole 500mg/100ml,Medicine,JB Chemicals,vial,No,10,Vial,,,,,,,,1
Tinidazole 500mg,Tinidazole 500mg,Medicine,,tablet,No,100,Tablet,,Strip,10,,Box,10,,2
Zocon 150,Fluconazole 150mg,Medicine,FDC,tablet,No,100,Tablet,,Strip,10,,Box,10,,2
Candiforce 100,Itraconazole 100mg,Medicine,Mankind,capsule,No,100,Capsule,,Strip,10,,Box,10,,2
Fluconazole 150mg,Fluconazole 150mg,Medicine,,tablet,No,100,Tablet,,Strip,10,,Box,10,,2
Itraconazole 100mg,Itraconazole 100mg,Medicine,,capsule,No,100,Capsule,,Strip,10,,Box,10,,2
Candiforce 200,Itraconazole 200mg,Medicine,Mankind,capsule,No,100,Capsule,,Strip,10,,Box,10,,2
Lamisil 250,Terbinafine 250mg,Medicine,Novartis,tablet,No,100,Tablet,,Strip,10,,Box,10,,2
Terbicip 250,Terbinafine 250mg,Medicine,Cipla,tablet,No,100,Tablet,,Strip,10,,Box,10,,2
Sporanox 100,Itraconazole 100mg,Medicine,Janssen,capsule,No,100,Capsule,,Strip,10,,Box,10,,2
Terbicip Cream 10g,Terbinafine 1% cream,Medicine,Cipla,tube,No,6,Tube,,,,,,,,1
Sebifin 250,Terbinafine 250mg,Medicine,Sun Pharma,tablet,No,100,Tablet,,Strip,10,,Box,10,,2
Grisovin FP 250,Griseofulvin 250mg,Medicine,GSK,tablet,No,100,Tablet,,Strip,10,,Box,10,,2
Candid Powder 100g,Clotrimazole 1% dusting powder,Medicine,Glenmark,bottle,No,10,Bottle,,,,,,,,1
Candid Mouth Paint 15ml,Clotrimazole 1% mouth paint,Medicine,Glenmark,bottle,No,10,Bottle,,,,,,,,1
Candid Cream 20g,Clotrimazole 1% cream,Medicine,Glenmark,tube,No,6,Tube,,,,,,,,1
Nystatin Oral Drops 30ml,"Nystatin 1,00,000 IU/ml",Medicine,,drops,No,6,Bottle,,,,,,,,1
Canesten Cream 20g,Clotrimazole 1% cream,Medicine,Bayer,tube,No,6,Tube,,,,,,,,1
Onabet Cream 15g,Sertaconazole 2% cream,Medicine,Glenmark,tube,No,6,Tube,,,,,,,,1
Amphotericin B 50mg Injection,Amphotericin B 50mg,Medicine,,vial,No,10,Vial,,,,,,,,1
Luliconazole Cream 10g,Luliconazole 1% cream,Medicine,,tube,No,6,Tube,,,,,,,,1
Ketoconazole Cream 15g,Ketoconazole 2% cream,Medicine,,tube,No,6,Tube,,,,,,,,1
Zovirax 400,Acyclovir 400mg,Medicine,GSK,tablet,No,100,Tablet,,Strip,10,,Box,10,,2
Valcivir 1000,Valacyclovir 1000mg,Medicine,Cipla,tablet,No,100,Tablet,,Strip,10,,Box,10,,2
Fluvir 75,Oseltamivir 75mg,Medicine,Hetero,capsule,No,100,Capsule,,Strip,10,,Box,10,,2
Tamiflu 75,Oseltamivir 75mg,Medicine,Roche,capsule,No,100,Capsule,,Strip,10,,Box,10,,2
Albendazole 400mg,Albendazole 400mg,Medicine,,tablet,No,100,Tablet,,Strip,10,,Box,10,,2
Tenvir 300,Tenofovir Disoproxil 300mg,Medicine,Cipla,tablet,No,100,Tablet,,Strip,10,,Box,10,,2
Entavir 0.5,Entecavir 0.5mg,Medicine,Cipla,tablet,No,100,Tablet,,Strip,10,,Box,10,,2
Ivermectin 6mg,Ivermectin 6mg,Medicine,,tablet,No,100,Tablet,,Strip,10,,Box,10,,2
HCQS 400,Hydroxychloroquine 400mg,Medicine,Ipca,tablet,No,100,Tablet,,Strip,10,,Box,10,,2
Mebex Suspension 30ml,Mebendazole 100mg/5ml,Medicine,Cipla,bottle,No,10,Bottle,,,,,,,,1
Primaquine 7.5mg,Primaquine 7.5mg,Medicine,,tablet,No,100,Tablet,,Strip,10,,Box,10,,2
Chloroquine 250mg,Chloroquine Phosphate 250mg,Medicine,,tablet,No,100,Tablet,,Strip,10,,Box,10,,2
Lariago 250,Chloroquine 250mg,Medicine,Ipca,tablet,No,100,Tablet,,Strip,10,,Box,10,,2
AKT-4,Rifampicin + Isoniazid + Pyrazinamide + Ethambutol,Medicine,Lupin,tablet,No,100,Tablet,,Strip,10,,Box,10,,2
Artesunate 60mg Injection,Artesunate 60mg,Medicine,,vial,No,10,Vial,,,,,,,,1
Coartem 20/120,Artemether 20mg + Lumefantrine 120mg,Medicine,Novartis,tablet,No,100,Tablet,,Strip,10,,Box,10,,2
R-Cin 600,Rifampicin 600mg,Medicine,Lupin,capsule,No,100,Capsule,,Strip,10,,Box,10,,2
R-Cin 450,Rifampicin 450mg,Medicine,Lupin,capsule,No,100,Capsule,,Strip,10,,Box,10,,2
Isoniazid 300mg,Isoniazid 300mg,Medicine,,tablet,No,100,Tablet,,Strip,10,,Box,10,,2
Pyrazinamide 750mg,Pyrazinamide 750mg,Medicine,,tablet,No,100,Tablet,,Strip,10,,Box,10,,2
Ethambutol 800mg,Ethambutol 800mg,Medicine,,tablet,No,100,Tablet,,Strip,10,,Box,10,,2
Akurit-4,Rifampicin + Isoniazid + Pyrazinamide + Ethambutol,Medicine,Lupin,tablet,No,100,Tablet,,Strip,10,,Box,10,,2
Pan 40,Pantoprazole 40mg,Medicine,Alkem,tablet,No,100,Tablet,,Strip,10,,Box,10,,2
Pan 20,Pantoprazole 20mg,Medicine,Alkem,tablet,No,100,Tablet,,Strip,10,,Box,10,,2
Pantocid 40,Pantoprazole 40mg,Medicine,Sun Pharma,tablet,No,100,Tablet,,Strip,10,,Box,10,,2
Pan 40 Injection,Pantoprazole 40mg,Medicine,Alkem,vial,No,10,Vial,,,,,,,,1
Pantoprazole 40mg,Pantoprazole 40mg,Medicine,,tablet,No,100,Tablet,,Strip,10,,Box,10,,2
Pantocid-DSR,Pantoprazole 40mg + Domperidone SR 30mg,Medicine,Sun Pharma,tablet,No,100,Tablet,,Strip,10,,Box,10,,2
Rabium DSR,Rabeprazole 20mg + Domperidone SR 30mg,Medicine,Intas,tablet,No,100,Tablet,,Strip,10,,Box,10,,2
Rabium 20,Rabeprazole 20mg,Medicine,Intas,tablet,No,100,Tablet,,Strip,10,,Box,10,,2
Rabeprazole 20mg,Rabeprazole 20mg,Medicine,,tablet,No,100,Tablet,,Strip,10,,Box,10,,2
Omez-D,Omeprazole 20mg + Domperidone 10mg,Medicine,Dr. Reddy's,capsule,No,100,Capsule,,Strip,10,,Box,10,,2
Ocid 20,Omeprazole 20mg,Medicine,Zydus,capsule,No,100,Capsule,,Strip,10,,Box,10,,2
Omeprazole 20mg,Omeprazole 20mg,Medicine,,capsule,No,100,Capsule,,Strip,10,,Box,10,,2
Esoz 40,Esomeprazole 40mg,Medicine,Sun Pharma,tablet,No,100,Tablet,,Strip,10,,Box,10,,2
Nexpro 40,Esomeprazole 40mg,Medicine,Torrent,tablet,No,100,Tablet,,Strip,10,,Box,10,,2
Sompraz 40,Esomeprazole 40mg,Medicine,Sun Pharma,tablet,No,100,Tablet,,Strip,10,,Box,10,,2
Famocid 20,Famotidine 20mg,Medicine,Sun Pharma,tablet,No,100,Tablet,,Strip,10,,Box,10,,2
Digene Gel 200ml,Antacid with Simethicone,Medicine,Abbott,bottle,No,10,Bottle,,,,,,,,1
Famotidine 40mg,Famotidine 40mg,Medicine,,tablet,No,100,Tablet,,Strip,10,,Box,10,,2
Gelusil MPS 200ml,Antacid with Simethicone,Medicine,Pfizer,bottle,No,10,Bottle,,,,,,,,1
Sucralfate 1g,Sucralfate 1g,Medicine,,tablet,No,100,Tablet,,Strip,10,,Box,10,,2
Mucaine Gel 200ml,Oxetacaine with Antacid,Medicine,Pfizer,bottle,No,10,Bottle,,,,,,,,1
Vomistop 10,Domperidone 10mg,Medicine,Cipla,tablet,No,100,Tablet,,Strip,10,,Box,10,,2
Mesacol 400,Mesalamine 400mg,Medicine,Sun Pharma,tablet,No,100,Tablet,,Strip,10,,Box,10,,2
Emeset 8,Ondansetron 8mg,Medicine,Cipla,tablet,No,100,Tablet,,Strip,10,,Box,10,,2
Ondem Syrup 30ml,Ondansetron 2mg/5ml,Medicine,Alkem,bottle,No,10,Bottle,,,,,,,,1
Ondem 4,Ondansetron 4mg,Medicine,Alkem,tablet,No,100,Tablet,,Strip,10,,Box,10,,2
Zofer 4,Ondansetron 4mg,Medicine,Sun Pharma,tablet,No,100,Tablet,,Strip,10,,Box,10,,2
Vomikind 4,Ondansetron 4mg,Medicine,Mankind,tablet,No,100,Tablet,,Strip,10,,Box,10,,2
Doxinate,Doxylamine 10mg + Pyridoxine 10mg,Medicine,Mankind,tablet,No,100,Tablet,,Strip,10,,Box,10,,2
Buscopan Injection 1ml,Hyoscine Butylbromide 20mg/ml,Medicine,Sanofi,vial,No,10,Ampoule,,,,,,,,1
Buscopan 10,Hyoscine Butylbromide 10mg,Medicine,Sanofi,tablet,No,100,Tablet,,Strip,10,,Box,10,,2
Cyclopam,Dicyclomine 20mg + Paracetamol 500mg,Medicine,Indoco,tablet,No,100,Tablet,,Strip,10,,Box,10,,2
Cyclopam Suspension 30ml,Dicyclomine + Simethicone suspension,Medicine,Indoco,bottle,No,10,Bottle,,,,,,,,1
Drotin-M,Drotaverine 80mg + Mefenamic Acid 250mg,Medicine,Walter Bushnell,tablet,No,100,Tablet,,Strip,10,,Box,10,,2
Cyclopam Injection 2ml,Dicyclomine 20mg/2ml,Medicine,Indoco,vial,No,10,Ampoule,,,,,,,,1
Colimex,Dicyclomine 10mg + Paracetamol 500mg,Medicine,Torrent,tablet,No,100,Tablet,,Strip,10,,Box,10,,2
Loperamide 2mg,Loperamide 2mg,Medicine,,tablet,No,100,Tablet,,Strip,10,,Box,10,,2
Eldoper 2mg,Loperamide 2mg,Medicine,Micro Labs,capsule,No,100,Capsule,,Strip,10,,Box,10,,2
Darolac Sachet,Probiotic sachet,Medicine,Aristo,sachet,No,30,Sachet,,Strip,10,,Box,10,,2
Vibact DS,Probiotic capsules,Medicine,USV,capsule,No,100,Capsule,,Strip,10,,Box,10,,2
Racecadotril 100mg Sachet,Racecadotril 100mg,Medicine,,sachet,No,30,Sachet,,Strip,10,,Box,10,,2
Enterogermina 5ml,Bacillus clausii 2 billion spores,Medicine,Sanofi,bottle,No,10,Bottle,,,,,,,,1
Sporlac DS Sachet,Lactic acid bacillus,Medicine,Sanzyme,sachet,No,30,Sachet,,Strip,10,,Box,10,,2
Looz Syrup 200ml,Lactulose 10g/15ml,Medicine,Intas,bottle,No,10,Bottle,,,,,,,,1
ORS Orange Sachet 21.8g,Oral Rehydration Salts WHO formula,Medicine,,sachet,No,30,Sachet,,Strip,10,,Box,10,,2
Cremaffin Plus 200ml,Liquid Paraffin + Milk of Magnesia + Sodium Picosulfate,Medicine,Abbott,bottle,No,10,Bottle,,,,,,,,1
Sat-Isabgol 100g,Psyllium husk,Medicine,Sidpra,box,No,5,Box,,,,,,,,1
Lactihep Syrup 200ml,Lactitol monohydrate,Medicine,Zydus,bottle,No,10,Bottle,,,,,,,,1
Softovac SF 100g,Isabgol husk with senna,Medicine,Dabur,box,No,5,Box,,,,,,,,1
Prolyte Ready to Drink 200ml,Oral Rehydration Solution,Medicine,Cipla,bottle,No,10,Bottle,,,,,,,,1
Electral Ready to Drink 200ml,Oral Rehydration Solution,Medicine,FDC,bottle,No,10,Bottle,,,,,,,,1
Unienzyme,Digestive enzymes with charcoal,Medicine,Unichem,tablet,No,100,Tablet,,Strip,10,,Box,10,,2
Liv 52 DS Tablet,Ayurvedic liver tonic,Medicine,Himalaya,tablet,No,100,Tablet,,Strip,10,,Box,10,,2
Silybon 140,Silymarin 140mg,Medicine,Micro Labs,tablet,No,100,Tablet,,Strip,10,,Box,10,,2
Levolin Inhaler 200 MD,Levosalbutamol 50mcg/dose,Medicine,Cipla,box,No,5,Inhaler,,,,,,,,1
Asthalin HFA Inhaler 200 MD,Salbutamol 100mcg/dose,Medicine,Cipla,box,No,5,Inhaler,,,,,,,,1
Levolin Respules 2.5ml,Levosalbutamol 1.25mg/2.5ml,Medicine,Cipla,vial,No,10,Vial,,,,,,,,1
Budecort Respules 2ml,Budesonide 0.5mg/2ml,Medicine,Cipla,vial,No,10,Vial,,,,,,,,1
Levolin Syrup 100ml,Levosalbutamol 1mg/5ml,Medicine,Cipla,bottle,No,10,Bottle,,,,,,,,1
Foracort Rotacaps 200,Formoterol 6mcg + Budesonide 200mcg,Medicine,Cipla,box,No,5,Inhaler,,,,,,,,1
Budecort 200 Inhaler,Budesonide 200mcg/dose,Medicine,Cipla,box,No,5,Inhaler,,,,,,,,1
Ventorlin Inhaler 200 MD,Salbutamol 100mcg/dose,Medicine,GSK,box,No,5,Inhaler,,,,,,,,1
Rotahaler,Device for rotacaps,Consumable,Cipla,box,No,10,Piece,,,,,,,,1
Zerostat VT Spacer,Inhaler spacer,Consumable,Cipla,box,No,10,Piece,,,,,,,,1
Duolin Inhaler 200 MD,Levosalbutamol + Ipratropium,Medicine,Cipla,box,No,5,Inhaler,,,,,,,,1
Seretide 250 Accuhaler,Salmeterol + Fluticasone,Medicine,GSK,box,No,5,Inhaler,,,,,,,,1
Symbicort 200 Turbuhaler,Formoterol + Budesonide,Medicine,AstraZeneca,box,No,5,Inhaler,,,,,,,,1
Tiova Rotacaps 18mcg,Tiotropium 18mcg,Medicine,Cipla,box,No,5,Inhaler,,,,,,,,1
Montek 10,Montelukast 10mg,Medicine,Sun Pharma,tablet,No,100,Tablet,,Strip,10,,Box,10,,2
Montair Kid 5,Montelukast 5mg,Medicine,Cipla,tablet,No,100,Tablet,,Strip,10,,Box,10,,2
Doxofylline 400mg,Doxofylline 400mg,Medicine,,tablet,No,100,Tablet,,Strip,10,,Box,10,,2
Montek-LC,Montelukast 10mg + Levocetirizine 5mg,Medicine,Sun Pharma,tablet,No,100,Tablet,,Strip,10,,Box,10,,2
Montelukast 10mg,Montelukast 10mg,Medicine,,tablet,No,100,Tablet,,Strip,10,,Box,10,,2
Benadryl Cough Formula 100ml,Diphenhydramine + Ammonium Chloride,Medicine,Johnson & Johnson,bottle,No,10,Bottle,,,,,,,,1
Alex Cough Syrup 100ml,Cough syrup,Medicine,Glenmark,bottle,No,10,Bottle,,,,,,,,1
Acebrophylline 100mg,Acebrophylline 100mg,Medicine,,tablet,No,100,Tablet,,Strip,10,,Box,10,,2
Torex Cough Syrup 100ml,Cough syrup,Medicine,Torque,bottle,No,10,Bottle,,,,,,,,1
Chericof Syrup 100ml,Cough syrup,Medicine,Cipla,bottle,No,10,Bottle,,,,,,,,1
Ambrodil-S Syrup 100ml,Ambroxol + Salbutamol,Medicine,Aristo,bottle,No,10,Bottle,,,,,,,,1
Zeet Expectorant 100ml,Cough expectorant,Medicine,Alkem,bottle,No,10,Bottle,,,,,,,,1
Mucomix Solution 30ml,Acetylcysteine 200mg/ml,Medicine,Cipla,bottle,No,10,Bottle,,,,,,,,1
Cheston Cold,Paracetamol + Cetirizine + Phenylephrine,Medicine,Cipla,tablet,No,100,Tablet,,Strip,10,,Box,10,,2
Sinarest Tablet,Paracetamol + Chlorpheniramine + Phenylephrine,Medicine,Centaur,tablet,No,100,Tablet,,Strip,10,,Box,10,,2
Okacold,Paracetamol + Chlorpheniramine + Phenylephrine,Medicine,Cipla,tablet,No,100,Tablet,,Strip,10,,Box,10,,2
Cofsils Lozenges,Throat lozenges,Medicine,Cipla,box,No,5,Box,,,,,,,,1
Otrivin Nasal Spray 10ml,Xylometazoline 0.1%,Medicine,Haleon,drops,No,6,Bottle,,,,,,,,1
Strepsils Lozenges,Throat lozenges,Medicine,Haleon,box,No,5,Box,,,,,,,,1
Nasonex Nasal Spray 10ml,Mometasone nasal spray,Medicine,MSD,drops,No,6,Bottle,,,,,,,,1
Betadine Mouth Gargle 100ml,Povidone Iodine 2% gargle,Medicine,Win-Medicare,bottle,No,10,Bottle,,,,,,,,1
Alerid 10,Cetirizine 10mg,Medicine,Cipla,tablet,No,100,Tablet,,Strip,10,,Box,10,,2
Nasoclear Saline Spray 15ml,Sodium Chloride 0.65% nasal spray,Medicine,Cipla,drops,No,6,Bottle,,,,,,,,1
Flomist Nasal Spray 10ml,Fluticasone Furoate nasal spray,Medicine,Cipla,drops,No,6,Bottle,,,,,,,,1
Nasivion Nasal Drops 10ml,Oxymetazoline 0.05%,Medicine,Merck,drops,No,6,Bottle,,,,,,,,1
Okacet 10,Cetirizine 10mg,Medicine,Cipla,tablet,No,100,Tablet,,Strip,10,,Box,10,,2
Alerid Syrup 60ml,Cetirizine 5mg/5ml,Medicine,Cipla,bottle,No,10,Bottle,,,,,,,,1
Cetirizine 10mg,Cetirizine 10mg,Medicine,,tablet,No,100,Tablet,,Strip,10,,Box,10,,2
Vozet 5,Levocetirizine 5mg,Medicine,Lupin,tablet,No,100,Tablet,,Strip,10,,Box,10,,2
Xyzal 5,Levocetirizine 5mg,Medicine,UCB,tablet,No,100,Tablet,,Strip,10,,Box,10,,2
Teczine Syrup 30ml,Levocetirizine 2.5mg/5ml,Medicine,Alkem,bottle,No,10,Bottle,,,,,,,,1
Teczine 5,Levocetirizine 5mg,Medicine,Alkem,tablet,No,100,Tablet,,Strip,10,,Box,10,,2
Allegra 180,Fexofenadine 180mg,Medicine,Sanofi,tablet,No,100,Tablet,,Strip,10,,Box,10,,2
Levocetirizine 5mg,Levocetirizine 5mg,Medicine,,tablet,No,100,Tablet,,Strip,10,,Box,10,,2
Fexova 120,Fexofenadine 120mg,Medicine,Ajanta,tablet,No,100,Tablet,,Strip,10,,Box,10,,2
Histafree 120,Fexofenadine 120mg,Medicine,Mankind,tablet,No,100,Tablet,,Strip,10,,Box,10,,2
Lorfast 10,Loratadine 10mg,Medicine,Torrent,tablet,No,100,Tablet,,Strip,10,,Box,10,,2
Dazit 5,Desloratadine 5mg,Medicine,Ajanta,tablet,No,100,Tablet,,Strip,10,,Box,10,,2
Atarax 25,Hydroxyzine 25mg,Medicine,Dr. Reddy's,tablet,No,100,Tablet,,Strip,10,,Box,10,,2
Chlorpheniramine 4mg,Chlorpheniramine Maleate 4mg,Medicine,,tablet,No,100,Tablet,,Strip,10,,Box,10,,2
Avil Injection 10ml,Pheniramine Maleate 22.75mg/ml,Medicine,Sanofi,vial,No,10,Ampoule,,,,,,,,1
Ebastine 10mg,Ebastine 10mg,Medicine,,tablet,No,100,Tablet,,Strip,10,,Box,10,,2
Wysolone 20,Prednisolone 20mg,Medicine,Pfizer,tablet,No,100,Tablet,,Strip,10,,Box,10,,2
Wysolone 5,Prednisolone 5mg,Medicine,Pfizer,tablet,No,100,Tablet,,Strip,10,,Box,10,,2
Omnacortil 10,Prednisolone 10mg,Medicine,Macleods,tablet,No,100,Tablet,,Strip,10,,Box,10,,2
Medrol 4mg,Methylprednisolone 4mg,Medicine,Pfizer,tablet,No,100,Tablet,,Strip,10,,Box,10,,2
Omnacortil Syrup 30ml,Prednisolone 5mg/5ml,Medicine,Macleods,bottle,No,10,Bottle,,,,,,,,1
Medrol 16mg,Methylprednisolone 16mg,Medicine,Pfizer,tablet,No,100,Tablet,,Strip,10,,Box,10,,2
Betnesol Injection 1ml,Betamethasone 4mg/ml,Medicine,GSK,vial,No,10,Ampoule,,,,,,,,1
Betnesol 0.5mg,Betamethasone 0.5mg,Medicine,GSK,tablet,No,100,Tablet,,Strip,10,,Box,10,,2
Methylprednisolone 500mg Injection,Methylprednisolone 500mg,Medicine,,vial,No,10,Vial,,,,,,,,1
Defcort 6,Deflazacort 6mg,Medicine,Macleods,tablet,No,100,Tablet,,Strip,10,,Box,10,,2
Calpol 250 Suspension 60ml,Paracetamol 250mg/5ml,Medicine,GSK,bottle,No,10,Bottle,,,,,,,,1
Calpol Paediatric Drops 15ml,Paracetamol 100mg/ml,Medicine,GSK,drops,No,6,Bottle,,,,,,,,1
Depo-Medrol 40mg Injection,Methylprednisolone Acetate 40mg,Medicine,Pfizer,vial,No,10,Ampoule,,,,,,,,1
Hydrocortisone 100mg Injection,Hydrocortisone Sodium Succinate 100mg,Medicine,,vial,No,10,Vial,,,,,,,,1
Crocin Advance 500,Paracetamol 500mg,Medicine,GSK,tablet,No,100,Tablet,,Strip,10,,Box,10,,2
Pacimol 500,Paracetamol 500mg,Medicine,Ipca,tablet,No,100,Tablet,,Strip,10,,Box,10,,2
Crocin Pain Relief,Paracetamol 650mg,Medicine,GSK,tablet,No,100,Tablet,,Strip,10,,Box,10,,2
Paracetamol Infusion 100ml,Paracetamol 1g/100ml,Medicine,,vial,No,10,Vial,,,,,,,,1
Zerodol-TH 4,Aceclofenac 100mg + Thiocolchicoside 4mg,Medicine,Ipca,tablet,No,100,Tablet,,Strip,10,,Box,10,,2
Pacimol Syrup 60ml,Paracetamol 125mg/5ml,Medicine,Ipca,bottle,No,10,Bottle,,,,,,,,1
Zerodol 100,Aceclofenac 100mg,Medicine,Ipca,tablet,No,100,Tablet,,Strip,10,,Box,10,,2
Acenac-P,Aceclofenac 100mg + Paracetamol 325mg,Medicine,Medley,tablet,No,100,Tablet,,Strip,10,,Box,10,,2
Hifenac-P,Aceclofenac 100mg + Paracetamol 325mg,Medicine,Intas,tablet,No,100,Tablet,,Strip,10,,Box,10,,2
Hifenac-D,Aceclofenac 100mg + Serratiopeptidase 15mg,Medicine,Intas,tablet,No,100,Tablet,,Strip,10,,Box,10,,2
Voveran Injection 3ml,Diclofenac 75mg/3ml,Medicine,Novartis,vial,No,10,Ampoule,,,,,,,,1
Dicloran Plus,Diclofenac + Paracetamol,Medicine,Unique,tablet,No,100,Tablet,,Strip,10,,Box,10,,2
Volini Spray 55g,Pain relief spray,Medicine,Sun Pharma,bottle,No,10,Bottle,,,,,,,,1
Moov Cream 30g,Pain relief cream,Medicine,Reckitt,tube,No,6,Tube,,,,,,,,1
Ibugesic Plus Suspension 60ml,Ibuprofen + Paracetamol suspension,Medicine,Cipla,bottle,No,10,Bottle,,,,,,,,1
Meftal 500,Mefenamic Acid 500mg,Medicine,Blue Cross,tablet,No,100,Tablet,,Strip,10,,Box,10,,2
Brufen Suspension 100ml,Ibuprofen 100mg/5ml,Medicine,Abbott,bottle,No,10,Bottle,,,,,,,,1
Nise 100,Nimesulide 100mg,Medicine,Dr. Reddy's,tablet,No,100,Tablet,,Strip,10,,Box,10,,2
Meftal-P Suspension 60ml,Mefenamic Acid 100mg/5ml,Medicine,Blue Cross,bottle,No,10,Bottle,,,,,,,,1
Etoshine 90,Etoricoxib 90mg,Medicine,Sun Pharma,tablet,No,100,Tablet,,Strip,10,,Box,10,,2
Etova 90,Etoricoxib 90mg,Medicine,Zydus,tablet,No,100,Tablet,,Strip,10,,Box,10,,2
Etoricoxib 60mg,Etoricoxib 60mg,Medicine,,tablet,No,100,Tablet,,Strip,10,,Box,10,,2
Tramazac 50,Tramadol 50mg,Medicine,Zydus,capsule,Yes,100,Capsule,,Strip,10,,Box,10,,2
Piroxicam 20mg,Piroxicam 20mg,Medicine,,tablet,No,100,Tablet,,Strip,10,,Box,10,,2
Tizanidine 2mg,Tizanidine 2mg,Medicine,,tablet,No,100,Tablet,,Strip,10,,Box,10,,2
Chlorzoxazone 250mg,Chlorzoxazone 250mg,Medicine,,tablet,No,100,Tablet,,Strip,10,,Box,10,,2
Zycolchin 0.5,Colchicine 0.5mg,Medicine,Zydus,tablet,No,100,Tablet,,Strip,10,,Box,10,,2
Febutaz 40,Febuxostat 40mg,Medicine,Torrent,tablet,No,100,Tablet,,Strip,10,,Box,10,,2
Feburic 40,Febuxostat 40mg,Medicine,Ipca,tablet,No,100,Tablet,,Strip,10,,Box,10,,2
Zurig 40,Febuxostat 40mg,Medicine,Zydus,tablet,No,100,Tablet,,Strip,10,,Box,10,,2
Allopurinol 300mg,Allopurinol 300mg,Medicine,,tablet,No,100,Tablet,,Strip,10,,Box,10,,2
Gabapin NT,Gabapentin 400mg + Nortriptyline 10mg,Medicine,Intas,tablet,No,100,Tablet,,Strip,10,,Box,10,,2
Gabantin 300,Gabapentin 300mg,Medicine,Sun Pharma,capsule,No,100,Capsule,,Strip,10,,Box,10,,2
Pregabid 75,Pregabalin 75mg,Medicine,Intas,capsule,No,100,Capsule,,Strip,10,,Box,10,,2
Pregabid M 75,Pregabalin 75mg + Methylcobalamin 750mcg,Medicine,Intas,capsule,No,100,Capsule,,Strip,10,,Box,10,,2
Maxgalin 75,Pregabalin 75mg,Medicine,Sun Pharma,capsule,No,100,Capsule,,Strip,10,,Box,10,,2
Lyrica 75,Pregabalin 75mg,Medicine,Pfizer,capsule,No,100,Capsule,,Strip,10,,Box,10,,2
Pregabalin 75mg,Pregabalin 75mg,Medicine,,capsule,No,100,Capsule,,Strip,10,,Box,10,,2
Nurokind-LC,Methylcobalamin + Levocarnitine,Medicine,Mankind,tablet,No,100,Tablet,,Strip,10,,Box,10,,2
Nurokind Injection 1ml,Methylcobalamin 1000mcg,Medicine,Mankind,vial,No,10,Ampoule,,,,,,,,1
Neurobion Injection 3ml,Vitamin B1 + B6 + B12,Medicine,Merck,vial,No,10,Ampoule,,,,,,,,1
Methylcobalamin 1500mcg,Methylcobalamin 1500mcg,Medicine,,tablet,No,100,Tablet,,Strip,10,,Box,10,,2
Eptoin Suspension 200ml,Phenytoin 30mg/5ml,Medicine,Abbott,bottle,No,10,Bottle,,,,,,,,1
Levipil 500,Levetiracetam 500mg,Medicine,Intas,tablet,No,100,Tablet,,Strip,10,,Box,10,,2
Levetiracetam Injection 5ml,Levetiracetam 500mg/5ml,Medicine,,vial,No,10,Vial,,,,,,,,1
Levipil 250,Levetiracetam 250mg,Medicine,Intas,tablet,No,100,Tablet,,Strip,10,,Box,10,,2
Valparin Chrono 500,Sodium Valproate 500mg,Medicine,Sanofi,tablet,No,100,Tablet,,Strip,10,,Box,10,,2
Levipil Syrup 60ml,Levetiracetam 100mg/ml,Medicine,Intas,bottle,No,10,Bottle,,,,,,,,1
Encorate Chrono 500,Sodium Valproate 500mg,Medicine,Sun Pharma,tablet,No,100,Tablet,,Strip,10,,Box,10,,2
Valparin Syrup 100ml,Sodium Valproate 200mg/5ml,Medicine,Sanofi,bottle,No,10,Bottle,,,,,,,,1
Tegretol CR 200,Carbamazepine 200mg,Medicine,Novartis,tablet,No,100,Tablet,,Strip,10,,Box,10,,2
Oxetol 300,Oxcarbazepine 300mg,Medicine,Sun Pharma,tablet,No,100,Tablet,,Strip,10,,Box,10,,2
Lamitor 50,Lamotrigine 50mg,Medicine,Torrent,tablet,No,100,Tablet,,Strip,10,,Box,10,,2
Mazetol SR 200,Carbamazepine 200mg,Medicine,Sun Pharma,tablet,No,100,Tablet,,Strip,10,,Box,10,,2
Gardenal 60,Phenobarbitone 60mg,Medicine,Abbott,tablet,Yes,100,Tablet,,Strip,10,,Box,10,,2
Clobazam 10mg,Clobazam 10mg,Medicine,,tablet,No,100,Tablet,,Strip,10,,Box,10,,2
Clonotril 0.5,Clonazepam 0.5mg,Medicine,Torrent,tablet,Yes,100,Tablet,,Strip,10,,Box,10,,2
Alprax 0.5,Alprazolam 0.5mg,Medicine,Torrent,tablet,Yes,100,Tablet,,Strip,10,,Box,10,,2
Restyl 0.5,Alprazolam 0.5mg,Medicine,Sun Pharma,tablet,Yes,100,Tablet,,Strip,10,,Box,10,,2
Ativan 1mg,Lorazepam 1mg,Medicine,Pfizer,tablet,Yes,100,Tablet,,Strip,10,,Box,10,,2
Diazepam Injection 2ml,Diazepam 10mg/2ml,Medicine,,vial,Yes,10,Ampoule,,,,,,,,1
Rivotril 0.5,Clonazepam 0.5mg,Medicine,Roche,tablet,Yes,100,Tablet,,Strip,10,,Box,10,,2
Melatonin 3mg,Melatonin 3mg,Medicine,,tablet,No,100,Tablet,,Strip,10,,Box,10,,2
Nitrest 5,Zolpidem 5mg,Medicine,Sun Pharma,tablet,Yes,100,Tablet,,Strip,10,,Box,10,,2
Zolfresh 5,Zolpidem 5mg,Medicine,Abbott,tablet,Yes,100,Tablet,,Strip,10,,Box,10,,2
Nexito Plus,Escitalopram 5mg + Clonazepam 0.5mg,Medicine,Sun Pharma,tablet,Yes,100,Tablet,,Strip,10,,Box,10,,2
Nexito 5,Escitalopram 5mg,Medicine,Sun Pharma,tablet,No,100,Tablet,,Strip,10,,Box,10,,2
Escitalopram 10mg,Escitalopram 10mg,Medicine,,tablet,No,100,Tablet,,Strip,10,,Box,10,,2
Sertraline 50mg,Sertraline 50mg,Medicine,,tablet,No,100,Tablet,,Strip,10,,Box,10,,2
Daxid 50,Sertraline 50mg,Medicine,Sun Pharma,tablet,No,100,Tablet,,Strip,10,,Box,10,,2
Paxidep CR 12.5,Paroxetine CR 12.5mg,Medicine,Intas,tablet,No,100,Tablet,,Strip,10,,Box,10,,2
Duzela 20,Duloxetine 20mg,Medicine,Sun Pharma,capsule,No,100,Capsule,,Strip,10,,Box,10,,2
Dulane 20,Duloxetine 20mg,Medicine,Intas,capsule,No,100,Capsule,,Strip,10,,Box,10,,2
Mirtaz 15,Mirtazapine 15mg,Medicine,Sun Pharma,tablet,No,100,Tablet,,Strip,10,,Box,10,,2
Venlor XR 75,Venlafaxine XR 75mg,Medicine,Intas,capsule,No,100,Capsule,,Strip,10,,Box,10,,2
Tryptomer 10,Amitriptyline 10mg,Medicine,Wockhardt,tablet,No,100,Tablet,,Strip,10,,Box,10,,2
Nortriptyline 25mg,Nortriptyline 25mg,Medicine,,tablet,No,100,Tablet,,Strip,10,,Box,10,,2
Amitone 10,Amitriptyline 10mg,Medicine,Intas,tablet,No,100,Tablet,,Strip,10,,Box,10,,2
Oleanz 10,Olanzapine 10mg,Medicine,Sun Pharma,tablet,No,100,Tablet,,Strip,10,,Box,10,,2
Sizodon 2,Risperidone 2mg,Medicine,Sun Pharma,tablet,No,100,Tablet,,Strip,10,,Box,10,,2
Haloperidol Injection 1ml,Haloperidol 5mg/ml,Medicine,,vial,No,10,Ampoule,,,,,,,,1
Serenace 5,Haloperidol 5mg,Medicine,RPG Life Sciences,tablet,No,100,Tablet,,Strip,10,,Box,10,,2
Licab 300,Lithium Carbonate 300mg,Medicine,Torrent,tablet,No,100,Tablet,,Strip,10,,Box,10,,2
Arip MT 10,Aripiprazole 10mg,Medicine,Intas,tablet,No,100,Tablet,,Strip,10,,Box,10,,2
Stugeron 25,Cinnarizine 25mg,Medicine,Janssen,tablet,No,100,Tablet,,Strip,10,,Box,10,,2
Betahistine 16mg,Betahistine 16mg,Medicine,,tablet,No,100,Tablet,,Strip,10,,Box,10,,2
Rizact 5,Rizatriptan 5mg,Medicine,Sun Pharma,tablet,No,100,Tablet,,Strip,10,,Box,10,,2
Meclizine 25mg,Meclizine 25mg,Medicine,,tablet,No,100,Tablet,,Strip,10,,Box,10,,2
Vasograin,Ergotamine + Caffeine + Paracetamol,Medicine,Cadila,tablet,No,100,Tablet,,Strip,10,,Box,10,,2
Ciplar 10,Propranolol 10mg,Medicine,Cipla,tablet,No,100,Tablet,,Strip,10,,Box,10,,2
Ciplar LA 40,Propranolol LA 40mg,Medicine,Cipla,tablet,No,100,Tablet,,Strip,10,,Box,10,,2
Syndopa 110,Levodopa 100mg + Carbidopa 10mg,Medicine,Sun Pharma,tablet,No,100,Tablet,,Strip,10,,Box,10,,2
Syndopa Plus,Levodopa + Carbidopa,Medicine,Sun Pharma,tablet,No,100,Tablet,,Strip,10,,Box,10,,2
Pramipexole 0.25mg,Pramipexole 0.25mg,Medicine,,tablet,No,100,Tablet,,Strip,10,,Box,10,,2
Pacitane 2,Trihexyphenidyl 2mg,Medicine,Wyeth,tablet,No,100,Tablet,,Strip,10,,Box,10,,2
Citicoline 500mg,Citicoline 500mg,Medicine,,capsule,No,100,Capsule,,Strip,10,,Box,10,,2
Admenta 5,Memantine 5mg,Medicine,Sun Pharma,tablet,No,100,Tablet,,Strip,10,,Box,10,,2
Calcirol Sachet 60K,"Cholecalciferol 60,000 IU",Medicine,Cadila,sachet,No,30,Sachet,,Strip,10,,Box,10,,2
Ostocalcium B12 Tablet,Calcium + Vitamin B12,Medicine,GSK,tablet,No,100,Tablet,,Strip,10,,Box,10,,2
Calcimax Forte,Calcium + Vitamin D3 + minerals,Medicine,Meyer,tablet,No,100,Tablet,,Strip,10,,Box,10,,2
Ostocalcium Syrup 200ml,Calcium with Vitamin D3,Medicine,GSK,bottle,No,10,Bottle,,,,,,,,1
Uprise D3 60K Sachet,"Cholecalciferol 60,000 IU",Medicine,Alkem,sachet,No,30,Sachet,,Strip,10,,Box,10,,2
Tayo 60K Sachet,"Cholecalciferol 60,000 IU",Medicine,Mankind,sachet,No,30,Sachet,,Strip,10,,Box,10,,2
D-Rise Oral Solution 5ml,"Cholecalciferol 60,000 IU",Medicine,USV,bottle,No,10,Bottle,,,,,,,,1
D-Rise 60K Sachet,"Cholecalciferol 60,000 IU",Medicine,USV,sachet,No,30,Sachet,,Strip,10,,Box,10,,2
Cholecalciferol 1000 IU,Cholecalciferol 1000 IU,Medicine,,tablet,No,100,Tablet,,Strip,10,,Box,10,,2
Vitamin D3 Drops 15ml,Cholecalciferol 400 IU/ml,Medicine,,drops,No,6,Bottle,,,,,,,,1
Orofer XT Syrup 150ml,Ferrous Ascorbate + Folic Acid,Medicine,Emcure,bottle,No,10,Bottle,,,,,,,,1
Orofer XT,Ferrous Ascorbate 100mg + Folic Acid 1.5mg,Medicine,Emcure,tablet,No,100,Tablet,,Strip,10,,Box,10,,2
Fefol-Z Capsule,Ferrous Sulphate + Folic Acid + Zinc,Medicine,Abbott,tablet,No,100,Tablet,,Strip,10,,Box,10,,2
Dexorange Syrup 200ml,Iron + Vitamin B12 + Folic Acid,Medicine,Franco-Indian,bottle,No,10,Bottle,,,,,,,,1
Orofer S Injection 5ml,Iron Sucrose 100mg/5ml,Medicine,Emcure,vial,No,10,Vial,,,,,,,,1
Livogen Captab,Ferrous Fumarate + Folic Acid,Medicine,Merck,tablet,No,100,Tablet,,Strip,10,,Box,10,,2
A to Z NS Tablet,Multivitamin multimineral,Medicine,Alkem,tablet,No,100,Tablet,,Strip,10,,Box,10,,2
Dexorange Capsule,Iron + Vitamin B12 + Folic Acid,Medicine,Franco-Indian,capsule,No,100,Capsule,,Strip,10,,Box,10,,2
Vitamin B12 Injection 1ml,Cyanocobalamin 1000mcg,Medicine,,vial,No,10,Vial,,,,,,,,1
Ferium XT Syrup 200ml,Iron with Folic Acid,Medicine,Emcure,bottle,No,10,Bottle,,,,,,,,1
Revital H Capsule,Multivitamin with Ginseng,Medicine,Sun Pharma,capsule,No,100,Capsule,,Strip,10,,Box,10,,2
Polybion LC Syrup 200ml,Vitamin B Complex with Lysine,Medicine,Merck,bottle,No,10,Bottle,,,,,,,,1
Supradyn Tablet,Multivitamin multimineral,Medicine,Bayer,tablet,No,100,Tablet,,Strip,10,,Box,10,,2
Celin 500,Vitamin C 500mg,Medicine,GSK,tablet,No,100,Tablet,,Strip,10,,Box,10,,2
Omega-3 1000mg Capsule,Omega-3 Fatty Acids 1000mg,Medicine,,capsule,No,100,Capsule,,Strip,10,,Box,10,,2
Evion LC,Vitamin E with Levocarnitine,Medicine,Merck,capsule,No,100,Capsule,,Strip,10,,Box,10,,2
Zinc Syrup 60ml,Zinc Sulphate 20mg/5ml,Medicine,,bottle,No,10,Bottle,,,,,,,,1
Glucosamine 750mg,Glucosamine Sulphate 750mg,Medicine,,tablet,No,100,Tablet,,Strip,10,,Box,10,,2
Ensure Vanilla 400g,Adult nutrition powder,Medicine,Abbott,box,No,5,Box,,,,,,,,1
Pediasure Vanilla 400g,Children's nutrition powder,Medicine,Abbott,box,No,5,Box,,,,,,,,1
Horlicks 500g,Malted nutrition drink,Medicine,Haleon,box,No,5,Box,,,,,,,,1
Zincovit-CL Syrup 200ml,Multivitamin with carnitine,Medicine,Apex Laboratories,bottle,No,10,Bottle,,,,,,,,1
Glucon-D 400g,Glucose powder with vitamin C,Medicine,Zydus,box,No,5,Box,,,,,,,,1
Thyronorm 75mcg,Levothyroxine 75mcg,Medicine,Abbott,tablet,No,100,Tablet,,Strip,10,,Box,10,,2
Thyrox 50mcg,Levothyroxine 50mcg,Medicine,Macleods,tablet,No,100,Tablet,,Strip,10,,Box,10,,2
Eltroxin 100mcg,Levothyroxine 100mcg,Medicine,GSK,tablet,No,100,Tablet,,Strip,10,,Box,10,,2
Propylthiouracil 50mg,Propylthiouracil 50mg,Medicine,,tablet,No,100,Tablet,,Strip,10,,Box,10,,2
Levothyroxine 25mcg,Levothyroxine 25mcg,Medicine,,tablet,No,100,Tablet,,Strip,10,,Box,10,,2
Methimazole 5mg,Methimazole 5mg,Medicine,,tablet,No,100,Tablet,,Strip,10,,Box,10,,2
Bromocriptine 2.5mg,Bromocriptine 2.5mg,Medicine,,tablet,No,100,Tablet,,Strip,10,,Box,10,,2
Cabergoline 0.5mg,Cabergoline 0.5mg,Medicine,,tablet,No,100,Tablet,,Strip,10,,Box,10,,2
Urimax-D,Tamsulosin 0.4mg + Dutasteride 0.5mg,Medicine,Cipla,tablet,No,100,Tablet,,Strip,10,,Box,10,,2
Urimax-F,Tamsulosin 0.4mg + Finasteride 5mg,Medicine,Cipla,tablet,No,100,Tablet,,Strip,10,,Box,10,,2
Veltam 0.4,Tamsulosin 0.4mg,Medicine,Intas,tablet,No,100,Tablet,,Strip,10,,Box,10,,2
Contiflo OD 0.4,Tamsulosin 0.4mg,Medicine,Sun Pharma,capsule,No,100,Capsule,,Strip,10,,Box,10,,2
Fincar 5,Finasteride 5mg,Medicine,Cipla,tablet,No,100,Tablet,,Strip,10,,Box,10,,2
Veltam Plus,Tamsulosin 0.4mg + Dutasteride 0.5mg,Medicine,Intas,tablet,No,100,Tablet,,Strip,10,,Box,10,,2
Oxybutynin 5mg,Oxybutynin 5mg,Medicine,,tablet,No,100,Tablet,,Strip,10,,Box,10,,2
Finasteride 1mg,Finasteride 1mg,Medicine,,tablet,No,100,Tablet,,Strip,10,,Box,10,,2
Duprost 0.5,Dutasteride 0.5mg,Medicine,Cipla,capsule,No,100,Capsule,,Strip,10,,Box,10,,2
Darifenacin 7.5mg,Darifenacin 7.5mg,Medicine,,tablet,No,100,Tablet,,Strip,10,,Box,10,,2
Potassium Citrate 1g,Potassium Citrate 1g,Medicine,,tablet,No,100,Tablet,,Strip,10,,Box,10,,2
Citralka Syrup 200ml,Disodium Hydrogen Citrate,Medicine,Dr. Reddy's,bottle,No,10,Bottle,,,,,,,,1
Phenazopyridine 100mg,Phenazopyridine 100mg,Medicine,,tablet,No,100,Tablet,,Strip,10,,Box,10,,2
Megalis 10,Tadalafil 10mg,Medicine,Macleods,tablet,No,100,Tablet,,Strip,10,,Box,10,,2
Penegra 50,Sildenafil 50mg,Medicine,Zydus,tablet,No,100,Tablet,,Strip,10,,Box,10,,2
Susten Injection 2ml,Progesterone 100mg/2ml,Medicine,Sun Pharma,vial,No,10,Vial,,,,,,,,1
Tadalafil 20mg,Tadalafil 20mg,Medicine,,tablet,No,100,Tablet,,Strip,10,,Box,10,,2
Duphaston 10,Dydrogesterone 10mg,Medicine,Abbott,tablet,No,100,Tablet,,Strip,10,,Box,10,,2
Letroz 2.5,Letrozole 2.5mg,Medicine,Sun Pharma,tablet,No,100,Tablet,,Strip,10,,Box,10,,2
Meprate 10,Medroxyprogesterone 10mg,Medicine,Serum Institute,tablet,No,100,Tablet,,Strip,10,,Box,10,,2
Clomiphene Citrate 50mg,Clomiphene Citrate 50mg,Medicine,,tablet,No,100,Tablet,,Strip,10,,Box,10,,2
Novelon,Desogestrel + Ethinylestradiol,Medicine,Organon,tablet,No,100,Tablet,,Strip,10,,Box,10,,2
Unwanted 72,Levonorgestrel 1.5mg,Medicine,Mankind,tablet,No,100,Tablet,,Strip,10,,Box,10,,2
i-Pill,Levonorgestrel 1.5mg,Medicine,Piramal,tablet,No,100,Tablet,,Strip,10,,Box,10,,2
Yasmin,Drospirenone + Ethinylestradiol,Medicine,Bayer,tablet,No,100,Tablet,,Strip,10,,Box,10,,2
Ovral-L,Levonorgestrel + Ethinylestradiol,Medicine,Wyeth,tablet,No,100,Tablet,,Strip,10,,Box,10,,2
Misoprost 200,Misoprostol 200mcg,Medicine,Cipla,tablet,No,100,Tablet,,Strip,10,,Box,10,,2
Mala-D,Levonorgestrel + Ethinylestradiol,Medicine,Nepal CRS Company,tablet,No,100,Tablet,,Strip,10,,Box,10,,2
Mifepristone 200mg,Mifepristone 200mg,Medicine,,tablet,No,100,Tablet,,Strip,10,,Box,10,,2
Candid-V6 Vaginal Tablet,Clotrimazole 100mg vaginal tablet,Medicine,Glenmark,box,No,10,Piece,,,,,,,,1
Syntocinon Injection 1ml,Oxytocin 5 IU/ml,Medicine,Novartis,vial,No,10,Ampoule,,,,,,,,1
Candid-V Gel 30g,Clotrimazole vaginal gel,Medicine,Glenmark,tube,No,6,Tube,,,,,,,,1
Methergin Injection 1ml,Methylergometrine 0.2mg/ml,Medicine,Novartis,vial,No,10,Ampoule,,,,,,,,1
Calcium + Vitamin D3 Chewable,Calcium Carbonate with Vitamin D3,Medicine,,tablet,No,100,Tablet,,Strip,10,,Box,10,,2
Clingen Vaginal Suppository,Clindamycin + Clotrimazole,Medicine,Abbott,box,No,10,Piece,,,,,,,,1
Bonnisan Liquid 120ml,Ayurvedic digestive for infants,Medicine,Himalaya,bottle,No,10,Bottle,,,,,,,,1
Folic Acid 400mcg,Folic Acid 400mcg,Medicine,,tablet,No,100,Tablet,,Strip,10,,Box,10,,2
Moxicip Eye Drops 5ml,Moxifloxacin 0.5% eye drops,Medicine,Cipla,drops,No,6,Bottle,,,,,,,,1
Vigamox Eye Drops 5ml,Moxifloxacin 0.5% eye drops,Medicine,Novartis,drops,No,6,Bottle,,,,,,,,1
Ciplox Eye Drops 10ml,Ciprofloxacin 0.3% eye drops,Medicine,Cipla,drops,No,6,Bottle,,,,,,,,1
Zoxan Eye Drops 5ml,Ciprofloxacin 0.3% eye drops,Medicine,FDC,drops,No,6,Bottle,,,,,,,,1
Tobracort Eye Drops 5ml,Tobramycin + Dexamethasone eye drops,Medicine,Sun Pharma,drops,No,6,Bottle,,,,,,,,1
Flucort Eye Drops 5ml,Fluorometholone eye drops,Medicine,Sun Pharma,drops,No,6,Bottle,,,,,,,,1
Gatilox Eye Drops 5ml,Gatifloxacin 0.3% eye drops,Medicine,Cipla,drops,No,6,Bottle,,,,,,,,1
Chloramphenicol Eye Drops 10ml,Chloramphenicol 0.5% eye drops,Medicine,,drops,No,6,Bottle,,,,,,,,1
Nepaflam Eye Drops 5ml,Nepafenac 0.1% eye drops,Medicine,Sun Pharma,drops,No,6,Bottle,,,,,,,,1
Flur Eye Drops 5ml,Flurbiprofen eye drops,Medicine,Cipla,drops,No,6,Bottle,,,,,,,,1
Refresh Liquigel 10ml,Carboxymethylcellulose 1% eye drops,Medicine,Allergan,drops,No,6,Bottle,,,,,,,,1
Loteflam Eye Drops 5ml,Loteprednol 0.5% eye drops,Medicine,Sun Pharma,drops,No,6,Bottle,,,,,,,,1
Tear Drops 10ml,Hydroxypropyl Methylcellulose eye drops,Medicine,,drops,No,6,Bottle,,,,,,,,1
Genteal Gel 10g,Hypromellose eye gel,Medicine,Novartis,drops,No,6,Bottle,,,,,,,,1
Olopat Eye Drops 5ml,Olopatadine 0.1% eye drops,Medicine,Sun Pharma,drops,No,6,Bottle,,,,,,,,1
Patanol Eye Drops 5ml,Olopatadine 0.1% eye drops,Medicine,Novartis,drops,No,6,Bottle,,,,,,,,1
Systane Ultra 10ml,Lubricant eye drops,Medicine,Novartis,drops,No,6,Bottle,,,,,,,,1
Timolol 0.5% Eye Drops 5ml,Timolol Maleate 0.5% eye drops,Medicine,,drops,No,6,Bottle,,,,,,,,1
Careprost 3ml,Bimatoprost 0.03% eye drops,Medicine,Sun Pharma,drops,No,6,Bottle,,,,,,,,1
Timolet Eye Drops 5ml,Timolol 0.5% eye drops,Medicine,Sun Pharma,drops,No,6,Bottle,,,,,,,,1
Lumigan Eye Drops 3ml,Bimatoprost 0.03% eye drops,Medicine,Allergan,drops,No,6,Bottle,,,,,,,,1
Alaway Eye Drops 5ml,Ketotifen eye drops,Medicine,,drops,No,6,Bottle,,,,,,,,1
Latoprost Eye Drops 2.5ml,Latanoprost 0.005% eye drops,Medicine,Sun Pharma,drops,No,6,Bottle,,,,,,,,1
Acetazolamide 250mg,Acetazolamide 250mg,Medicine,,tablet,No,100,Tablet,,Strip,10,,Box,10,,2
Brimodin Eye Drops 5ml,Brimonidine 0.2% eye drops,Medicine,Cipla,drops,No,6,Bottle,,,,,,,,1
Dorzox-T Eye Drops 5ml,Dorzolamide + Timolol eye drops,Medicine,Cipla,drops,No,6,Bottle,,,,,,,,1
Otek-AC Ear Drops 5ml,Antibiotic ear drops,Medicine,Cipla,drops,No,6,Bottle,,,,,,,,1
Candibiotic Plus Ear Drops 5ml,Clotrimazole + Beclomethasone + Lidocaine,Medicine,Glenmark,drops,No,6,Bottle,,,,,,,,1
Homide Eye Drops 5ml,Homatropine eye drops,Medicine,Indoco,drops,No,6,Bottle,,,,,,,,1
Tropicacyl Eye Drops 5ml,Tropicamide 1% eye drops,Medicine,Sunways,drops,No,6,Bottle,,,,,,,,1
Waxolve Ear Drops 10ml,Ear wax softening drops,Medicine,,drops,No,6,Bottle,,,,,,,,1
Ofloxacin Ear Drops 5ml,Ofloxacin 0.3% ear drops,Medicine,,drops,No,6,Bottle,,,,,,,,1
Mupirocin Ointment 5g,Mupirocin 2% ointment,Medicine,,tube,No,6,Tube,,,,,,,,1
Fusiderm Cream 15g,Fusidic Acid 2% cream,Medicine,Sun Pharma,tube,No,6,Tube,,,,,,,,1
Soframycin Cream 30g,Framycetin 1% cream,Medicine,Sanofi,tube,No,6,Tube,,,,,,,,1
Ciplox-D Ear Drops 5ml,Ciprofloxacin + Dexamethasone ear drops,Medicine,Cipla,drops,No,6,Bottle,,,,,,,,1
Silver Sulphadiazine Cream 25g,Silver Sulphadiazine 1% cream,Medicine,,tube,No,6,Tube,,,,,,,,1
Itch Guard Plus Cream 20g,Antifungal cream,Medicine,Kemp,tube,No,6,Tube,,,,,,,,1
Ring Guard Cream 20g,Antifungal cream,Medicine,Kemp,tube,No,6,Tube,,,,,,,,1
Quadriderm RF Cream 15g,Beclomethasone + Neomycin + Clotrimazole,Medicine,Merck,tube,No,6,Tube,,,,,,,,1
Scabper Lotion 60ml,Permethrin 5% lotion,Medicine,Ranbaxy,bottle,No,10,Bottle,,,,,,,,1
Permethrin Lotion 60ml,Permethrin 5% lotion,Medicine,,bottle,No,10,Bottle,,,,,,,,1
Betnovate-N Cream 15g,Betamethasone + Neomycin cream,Medicine,GSK,tube,No,6,Tube,,,,,,,,1
Gamma Benzene Hexachloride Lotion 100ml,Lindane 1% lotion,Medicine,,bottle,No,10,Bottle,,,,,,,,1
Whitfield Ointment 15g,Benzoic Acid + Salicylic Acid ointment,Medicine,,tube,No,6,Tube,,,,,,,,1
Momate Cream 15g,Mometasone 0.1% cream,Medicine,Glenmark,tube,No,6,Tube,,,,,,,,1
Momate-S Ointment 15g,Mometasone + Salicylic Acid,Medicine,Glenmark,tube,No,6,Tube,,,,,,,,1
Betnovate-GM Cream 15g,Betamethasone + Gentamicin + Miconazole,Medicine,GSK,tube,No,6,Tube,,,,,,,,1
Dermi-5 Cream 15g,Multi-ingredient skin cream,Medicine,Torrent,tube,No,6,Tube,,,,,,,,1
Clobetasol Cream 15g,Clobetasol Propionate 0.05% cream,Medicine,,tube,No,6,Tube,,,,,,,,1
Tenovate Cream 15g,Clobetasol Propionate 0.05% cream,Medicine,GSK,tube,No,6,Tube,,,,,,,,1
Topicort Cream 15g,Desoximetasone cream,Medicine,Sun Pharma,tube,No,6,Tube,,,,,,,,1
Tacrolimus Ointment 10g,Tacrolimus 0.1% ointment,Medicine,,tube,No,6,Tube,,,,,,,,1
Elidel Cream 15g,Pimecrolimus 1% cream,Medicine,Novartis,tube,No,6,Tube,,,,,,,,1
Caladryl Lotion 100ml,Calamine with Diphenhydramine lotion,Medicine,Pfizer,tube,No,6,Tube,,,,,,,,1
Tacroz Forte Ointment 10g,Tacrolimus 0.1% ointment,Medicine,Glenmark,tube,No,6,Tube,,,,,,,,1
Deriva BPO Gel 15g,Adapalene + Benzoyl Peroxide gel,Medicine,Glenmark,tube,No,6,Tube,,,,,,,,1
Retino-A Cream 20g,Tretinoin 0.025% cream,Medicine,Johnson & Johnson,tube,No,6,Tube,,,,,,,,1
Persol AC Gel 20g,Benzoyl Peroxide gel,Medicine,Galderma,tube,No,6,Tube,,,,,,,,1
Azelaic Acid Cream 15g,Azelaic Acid 20% cream,Medicine,,tube,No,6,Tube,,,,,,,,1
Deriva CMS Gel 15g,Adapalene + Clindamycin gel,Medicine,Glenmark,tube,No,6,Tube,,,,,,,,1
Melalite Forte Cream 30g,Hydroquinone 4% cream,Medicine,Torrent,tube,No,6,Tube,,,,,,,,1
Sotret 20,Isotretinoin 20mg,Medicine,Ranbaxy,capsule,No,100,Capsule,,Strip,10,,Box,10,,2
Isotretinoin 20mg,Isotretinoin 20mg,Medicine,,tablet,No,100,Tablet,,Strip,10,,Box,10,,2
Kojivit Gel 30g,Kojic Acid + Arbutin gel,Medicine,Micro Labs,tube,No,6,Tube,,,,,,,,1
Calcipotriol Ointment 15g,Calcipotriol 0.005% ointment,Medicine,,tube,No,6,Tube,,,,,,,,1
Salicylic Acid Ointment 15g,Salicylic Acid 6% ointment,Medicine,,tube,No,6,Tube,,,,,,,,1
Methotrexate 2.5mg,Methotrexate 2.5mg,Medicine,,tablet,No,100,Tablet,,Strip,10,,Box,10,,2
Coal Tar Shampoo 100ml,Coal Tar shampoo,Medicine,,bottle,No,10,Bottle,,,,,,,,1
Cetaphil Moisturising Cream 100g,Moisturising cream,Medicine,Galderma,tube,No,6,Tube,,,,,,,,1
Moisturex Soft Cream 75g,Urea based moisturiser,Medicine,Abbott,tube,No,6,Tube,,,,,,,,1
Venusia Max Cream 150g,Moisturising cream,Medicine,Dr. Reddy's,tube,No,6,Tube,,,,,,,,1
Megaheal Gel 15g,Wound healing gel,Medicine,Wockhardt,tube,No,6,Tube,,,,,,,,1
Urea Cream 20% 30g,Urea 20% cream,Medicine,,tube,No,6,Tube,,,,,,,,1
Spirit Surgical 100ml,Denatured spirit,Medicine,,bottle,No,10,Bottle,,,,,,,,1
Thrombophob Ointment 20g,Heparin + Benzyl Nicotinate ointment,Medicine,Bayer,tube,No,6,Tube,,,,,,,,1
Lidocaine Jelly 30g,Lignocaine 2% jelly,Medicine,,tube,No,6,Tube,,,,,,,,1
Povidone Iodine Solution 500ml,Povidone Iodine 5% solution,Medicine,,bottle,No,10,Bottle,,,,,,,,1
Hydrogen Peroxide Solution 100ml,Hydrogen Peroxide 6%,Medicine,,bottle,No,10,Bottle,,,,,,,,1
Clobenate-GM Cream 15g,Clobetasol + Gentamicin + Miconazole,Medicine,,tube,No,6,Tube,,,,,,,,1
Mintop Forte 5% Solution 60ml,Minoxidil 5% topical solution,Medicine,Dr. Reddy's,bottle,No,10,Bottle,,,,,,,,1
Prilox Cream 30g,Lignocaine + Prilocaine cream,Medicine,Neon,tube,No,6,Tube,,,,,,,,1
Selsun Suspension 60ml,Selenium Sulphide 2.5%,Medicine,Abbott,bottle,No,10,Bottle,,,,,,,,1
Ketoconazole Shampoo 100ml,Ketoconazole 2% shampoo,Medicine,,bottle,No,10,Bottle,,,,,,,,1
Minoxidil 5% Solution 60ml,Minoxidil 5% topical solution,Medicine,,bottle,No,10,Bottle,,,,,,,,1
Metronidazole Infusion 100ml,Metronidazole 500mg/100ml,Medicine,,bottle,No,10,Bottle,,,,,,,,1
Isolyte-M 500ml,Multiple electrolyte IV fluid,Medicine,Baxter,bottle,No,10,Bottle,,,,,,,,1
Isolyte-P 500ml,Multiple electrolyte IV fluid,Medicine,Baxter,bottle,No,10,Bottle,,,,,,,,1
Dextrose Normal Saline 500ml,Dextrose 5% with Sodium Chloride 0.9%,Medicine,,bottle,No,10,Bottle,,,,,,,,1
Savlon Antiseptic Liquid 200ml,Cetrimide + Chlorhexidine antiseptic,Medicine,ITC,bottle,No,10,Bottle,,,,,,,,1
Blood Transfusion Set,Blood administration set,Consumable,,box,No,10,Piece,,,,,,,,1
IV Set,Intravenous infusion set,Consumable,,box,No,10,Piece,,,,,,,,1
Extension Line 100cm,IV extension line,Consumable,,box,No,10,Piece,,,,,,,,1
Atropine Sulphate Injection 1ml,Atropine 0.6mg/ml,Medicine,,vial,No,10,Ampoule,,,,,,,,1
Sterile Water for Injection 10ml,Water for injection,Medicine,,bottle,No,10,Bottle,,,,,,,,1
Drotaverine Injection 2ml,Drotaverine 40mg/2ml,Medicine,,vial,No,10,Ampoule,,,,,,,,1
Adrenaline Injection 1ml 1:1000,Adrenaline 1mg/ml,Medicine,,vial,No,10,Ampoule,,,,,,,,1
Pheniramine Injection 2ml,Pheniramine Maleate 22.75mg/ml,Medicine,,vial,No,10,Ampoule,,,,,,,,1
Diclofenac Injection 3ml,Diclofenac Sodium 75mg/3ml,Medicine,,vial,No,10,Ampoule,,,,,,,,1
Hydrocortisone 200mg Injection,Hydrocortisone Sodium Succinate 200mg,Medicine,,vial,No,10,Ampoule,,,,,,,,1
Magnesium Sulphate Injection 2ml,Magnesium Sulphate 50%,Medicine,,vial,No,10,Ampoule,,,,,,,,1
Xylocaine 2% Injection 30ml,Lignocaine Hydrochloride 2%,Medicine,AstraZeneca,vial,No,10,Ampoule,,,,,,,,1
Bupivacaine 0.5% Injection 20ml,Bupivacaine 0.5%,Medicine,,vial,No,10,Ampoule,,,,,,,,1
Promethazine Injection 2ml,Promethazine 25mg/ml,Medicine,,vial,No,10,Ampoule,,,,,,,,1
Hepatitis B Vaccine 1ml,Hepatitis B vaccine adult dose,Medicine,,vial,No,10,Vial,,,,,,,,1
Midazolam Injection 1ml,Midazolam 5mg/ml,Medicine,,vial,Yes,10,Ampoule,,,,,,,,1
Rabies Immunoglobulin 300 IU,Human Rabies Immunoglobulin,Medicine,,vial,No,10,Vial,,,,,,,,1
Pethidine Injection 2ml,Pethidine 50mg/ml,Medicine,,vial,Yes,10,Ampoule,,,,,,,,1
Tetanus Toxoid 0.5ml,Tetanus Toxoid vaccine,Medicine,,vial,No,10,Vial,,,,,,,,1
Syringe 5ml with Needle,Disposable syringe 5ml,Consumable,,box,No,10,Piece,,,,,,,,1
Typhoid Vaccine 0.5ml,Typhoid Vi polysaccharide vaccine,Medicine,,vial,No,10,Vial,,,,,,,,1
Syringe 10ml with Needle,Disposable syringe 10ml,Consumable,,box,No,10,Piece,,,,,,,,1
Syringe 2ml with Needle,Disposable syringe 2ml,Consumable,,box,No,10,Piece,,,,,,,,1
Influenza Vaccine 0.5ml,Seasonal influenza vaccine,Medicine,,vial,No,10,Vial,,,,,,,,1
HPV Vaccine 0.5ml,Human Papillomavirus vaccine,Medicine,,vial,No,10,Vial,,,,,,,,1
Gauze Roll 10cm,Absorbent gauze roll,Consumable,,box,No,5,Box,,,,,,,,1
Syringe 20ml with Needle,Disposable syringe 20ml,Consumable,,box,No,10,Piece,,,,,,,,1
Needle 26G,Hypodermic needle 26G,Consumable,,box,No,10,Piece,,,,,,,,1
Needle 24G,Hypodermic needle 24G,Consumable,,box,No,10,Piece,,,,,,,,1
Syringe 50ml Catheter Tip,Disposable syringe 50ml,Consumable,,box,No,10,Piece,,,,,,,,1
Roller Bandage 10cm,Cotton roller bandage,Consumable,,box,No,5,Box,,,,,,,,1
Gauze Piece 4x4 inch,Sterile gauze pieces,Consumable,,box,No,5,Box,,,,,,,,1
Micropore Tape 1 inch,Surgical paper tape,Consumable,3M,box,No,5,Box,,,,,,,,1
Dynaplast 3 inch,Adhesive plaster,Consumable,,box,No,5,Box,,,,,,,,1
Sterile Dressing Pad Large,Sterile wound dressing pad,Consumable,,box,No,10,Piece,,,,,,,,1
Transpore Tape 1 inch,Surgical plastic tape,Consumable,3M,box,No,5,Box,,,,,,,,1
Elastic Adhesive Bandage 8cm,Elastic adhesive bandage,Consumable,,box,No,10,Piece,,,,,,,,1
Cotton Bandage 15cm,Cotton bandage,Consumable,,box,No,5,Box,,,,,,,,1
Plaster of Paris Bandage 15cm,POP bandage,Consumable,,box,No,5,Box,,,,,,,,1
Surgical Gloves 7.0 Sterile,Sterile latex surgical gloves,Consumable,,box,No,5,Box,,,,,,,,1
Examination Gloves Large 100s,Non-sterile examination gloves,Consumable,,box,No,5,Box,,,,,,,,1
Surgical Mask 3 Ply 50s,Three ply surgical face mask,Consumable,,box,No,5,Box,,,,,,,,1
N95 Mask,N95 respirator mask,Consumable,,box,No,10,Piece,,,,,,,,1
Examination Gloves Medium 100s,Non-sterile examination gloves,Consumable,,box,No,5,Box,,,,,,,,1
Surgical Gloves 7.5 Sterile,Sterile latex surgical gloves,Consumable,,box,No,5,Box,,,,,,,,1
Urine Bag 2000ml,Urine collection bag,Consumable,,box,No,10,Piece,,,,,,,,1
PPE Kit,Personal protective equipment kit,Consumable,,box,No,10,Piece,,,,,,,,1
Shoe Cover Pair,Disposable shoe cover,Consumable,,box,No,10,Piece,,,,,,,,1
Surgical Cap,Disposable surgical cap,Consumable,,box,No,10,Piece,,,,,,,,1
Urine Pot,Urine collection container,Consumable,,box,No,10,Piece,,,,,,,,1
Vacutainer EDTA 100s,EDTA blood collection tube,Consumable,,box,No,5,Box,,,,,,,,1
Disposable Delivery Kit,Clean delivery kit,Consumable,,box,No,10,Piece,,,,,,,,1
Nasal Oxygen Cannula Adult,Nasal oxygen cannula,Consumable,,box,No,10,Piece,,,,,,,,1
Vacutainer Plain 100s,Plain blood collection tube,Consumable,,box,No,5,Box,,,,,,,,1
Nebuliser Mask Child,Nebuliser mask kit,Consumable,,box,No,10,Piece,,,,,,,,1
Vacutainer Citrate 100s,Sodium citrate blood tube,Consumable,,box,No,5,Box,,,,,,,,1
Sample Container 30ml,Universal sample container,Consumable,,box,No,10,Piece,,,,,,,,1
Glass Slides 50s,Microscope glass slides,Consumable,,box,No,5,Box,,,,,,,,1
Vacutainer Needle 22G,Blood collection needle,Consumable,,box,No,10,Piece,,,,,,,,1
Vacutainer Fluoride 100s,Sodium fluoride blood tube,Consumable,,box,No,5,Box,,,,,,,,1
Pregnancy Test Card,hCG urine pregnancy test,Consumable,,box,No,10,Piece,,,,,,,,1
Stool Container,Stool sample container,Consumable,,box,No,10,Piece,,,,,,,,1
Urine Strips 10 Parameter 100s,Urine analysis strips,Consumable,,box,No,5,Box,,,,,,,,1
COVID-19 Antigen Test Kit,SARS-CoV-2 antigen rapid test,Consumable,,box,No,10,Piece,,,,,,,,1
Glucometer,Blood glucose meter,Other,,box,No,10,Piece,,,,,,,,1
Aneroid BP Apparatus,Manual sphygmomanometer,Other,,box,No,10,Piece,,,,,,,,1
Digital BP Monitor,Automatic blood pressure monitor,Other,,box,No,10,Piece,,,,,,,,1
Stethoscope,Dual head stethoscope,Other,,box,No,10,Piece,,,,,,,,1
Knee Cap Large,Elastic knee support,Other,,box,No,10,Piece,,,,,,,,1
Weighing Scale Adult,Personal weighing scale,Other,,box,No,10,Piece,,,,,,,,1
Lumbar Support Belt Medium,Lumbosacral support belt,Other,,box,No,10,Piece,,,,,,,,1
Cervical Collar Soft Medium,Soft cervical collar,Other,,box,No,10,Piece,,,,,,,,1
Wheelchair Folding,Folding wheelchair,Other,,box,No,10,Piece,,,,,,,,1
Varicose Vein Stocking Medium,Compression stocking,Other,,box,No,10,Piece,,,,,,,,1
Adult Diaper Medium 10s,Adult diapers,Other,,box,No,5,Box,,,,,,,,1
Walker Adjustable,Folding walker frame,Other,,box,No,10,Piece,,,,,,,,1
Commode Chair,Bedside commode chair,Other,,box,No,10,Piece,,,,,,,,1
Sanitary Pads 8s,Sanitary napkins,Other,,box,No,5,Box,,,,,,,,1
Condom 3s,Male latex condoms,Other,,box,No,5,Box,,,,,,,,1
Baby Diaper Medium 20s,Baby diapers,Other,,box,No,5,Box,,,,,,,,1
Amlodipine 10mg,Amlodipine 10mg,Medicine,,tablet,No,100,Tablet,,Strip,10,,Box,10,,2
Telmisartan 20mg,Telmisartan 20mg,Medicine,,tablet,No,100,Tablet,,Strip,10,,Box,10,,2
Breast Pump Manual,Manual breast pump,Other,,box,No,10,Piece,,,,,,,,1
Cotton Buds 100s,Cotton tipped applicators,Other,,box,No,5,Box,,,,,,,,1
Telmisartan 40mg,Telmisartan 40mg,Medicine,,tablet,No,100,Tablet,,Strip,10,,Box,10,,2
Telmisartan 40mg + Amlodipine 5mg,Telmisartan 40mg + Amlodipine 5mg,Medicine,,tablet,No,100,Tablet,,Strip,10,,Box,10,,2
Telmisartan 80mg,Telmisartan 80mg,Medicine,,tablet,No,100,Tablet,,Strip,10,,Box,10,,2
Telmisartan 40mg + Hydrochlorothiazide 12.5mg,Telmisartan + Hydrochlorothiazide,Medicine,,tablet,No,100,Tablet,,Strip,10,,Box,10,,2
Losartan 50mg,Losartan Potassium 50mg,Medicine,,tablet,No,100,Tablet,,Strip,10,,Box,10,,2
Olmesartan 20mg,Olmesartan 20mg,Medicine,,tablet,No,100,Tablet,,Strip,10,,Box,10,,2
Enalapril 10mg,Enalapril 10mg,Medicine,,tablet,No,100,Tablet,,Strip,10,,Box,10,,2
Ramipril 5mg,Ramipril 5mg,Medicine,,tablet,No,100,Tablet,,Strip,10,,Box,10,,2
Metoprolol 50mg,Metoprolol Tartrate 50mg,Medicine,,tablet,No,100,Tablet,,Strip,10,,Box,10,,2
Metoprolol Succinate ER 50mg,Metoprolol Succinate ER 50mg,Medicine,,tablet,No,100,Tablet,,Strip,10,,Box,10,,2
Bisoprolol 5mg,Bisoprolol 5mg,Medicine,,tablet,No,100,Tablet,,Strip,10,,Box,10,,2
Nebivolol 5mg,Nebivolol 5mg,Medicine,,tablet,No,100,Tablet,,Strip,10,,Box,10,,2
Propranolol 40mg,Propranolol 40mg,Medicine,,tablet,No,100,Tablet,,Strip,10,,Box,10,,2
Atenolol 50mg,Atenolol 50mg,Medicine,,tablet,No,100,Tablet,,Strip,10,,Box,10,,2
Clonidine 100mcg,Clonidine 100mcg,Medicine,,tablet,No,100,Tablet,,Strip,10,,Box,10,,2
Torsemide 10mg,Torsemide 10mg,Medicine,,tablet,No,100,Tablet,,Strip,10,,Box,10,,2
Spironolactone 25mg,Spironolactone 25mg,Medicine,,tablet,No,100,Tablet,,Strip,10,,Box,10,,2
Atorvastatin 10mg,Atorvastatin 10mg,Medicine,,tablet,No,100,Tablet,,Strip,10,,Box,10,,2
Atorvastatin 40mg,Atorvastatin 40mg,Medicine,,tablet,No,100,Tablet,,Strip,10,,Box,10,,2
Rosuvastatin 10mg,Rosuvastatin 10mg,Medicine,,tablet,No,100,Tablet,,Strip,10,,Box,10,,2
Rosuvastatin 20mg,Rosuvastatin 20mg,Medicine,,tablet,No,100,Tablet,,Strip,10,,Box,10,,2
Fenofibrate 160mg,Fenofibrate 160mg,Medicine,,tablet,No,100,Tablet,,Strip,10,,Box,10,,2
Clopidogrel 75mg + Aspirin 75mg,Clopidogrel + Aspirin,Medicine,,tablet,No,100,Tablet,,Strip,10,,Box,10,,2
Clopidogrel 75mg,Clopidogrel 75mg,Medicine,,tablet,No,100,Tablet,,Strip,10,,Box,10,,2
Aspirin 75mg,Aspirin 75mg,Medicine,,tablet,No,100,Tablet,,Strip,10,,Box,10,,2
Isosorbide Mononitrate 20mg,Isosorbide Mononitrate 20mg,Medicine,,tablet,No,100,Tablet,,Strip,10,,Box,10,,2
Aspirin 150mg,Aspirin 150mg,Medicine,,tablet,No,100,Tablet,,Strip,10,,Box,10,,2
Digoxin 0.25mg,Digoxin 0.25mg,Medicine,,tablet,No,100,Tablet,,Strip,10,,Box,10,,2
Ivabradine 5mg,Ivabradine 5mg,Medicine,,tablet,No,100,Tablet,,Strip,10,,Box,10,,2
Metformin 1000mg,Metformin 1000mg,Medicine,,tablet,No,100,Tablet,,Strip,10,,Box,10,,2
Metformin 500mg SR,Metformin SR 500mg,Medicine,,tablet,No,100,Tablet,,Strip,10,,Box,10,,2
Glimepiride 1mg,Glimepiride 1mg,Medicine,,tablet,No,100,Tablet,,Strip,10,,Box,10,,2
Glimepiride 2mg,Glimepiride 2mg,Medicine,,tablet,No,100,Tablet,,Strip,10,,Box,10,,2
Glimepiride 1mg + Metformin 500mg,Glimepiride + Metformin,Medicine,,tablet,No,100,Tablet,,Strip,10,,Box,10,,2
Glimepiride 2mg + Metformin 500mg,Glimepiride + Metformin,Medicine,,tablet,No,100,Tablet,,Strip,10,,Box,10,,2
Gliclazide MR 60mg,Gliclazide MR 60mg,Medicine,,tablet,No,100,Tablet,,Strip,10,,Box,10,,2
Sitagliptin 50mg + Metformin 500mg,Sitagliptin + Metformin,Medicine,,tablet,No,100,Tablet,,Strip,10,,Box,10,,2
Sitagliptin 100mg,Sitagliptin 100mg,Medicine,,tablet,No,100,Tablet,,Strip,10,,Box,10,,2
Vildagliptin 50mg + Metformin 500mg,Vildagliptin + Metformin,Medicine,,tablet,No,100,Tablet,,Strip,10,,Box,10,,2
Vildagliptin 50mg,Vildagliptin 50mg,Medicine,,tablet,No,100,Tablet,,Strip,10,,Box,10,,2
Voglibose 0.2mg,Voglibose 0.2mg,Medicine,,tablet,No,100,Tablet,,Strip,10,,Box,10,,2
Levothyroxine 100mcg,Levothyroxine 100mcg,Medicine,,tablet,No,100,Tablet,,Strip,10,,Box,10,,2
Levothyroxine 50mcg,Levothyroxine 50mcg,Medicine,,tablet,No,100,Tablet,,Strip,10,,Box,10,,2
Amoxicillin 500mg + Clavulanic Acid 125mg,Amoxicillin + Clavulanic Acid,Medicine,,tablet,No,100,Tablet,,Strip,10,,Box,10,,2
Amoxicillin 500mg,Amoxicillin 500mg,Medicine,,capsule,No,100,Capsule,,Strip,10,,Box,10,,2
Carbimazole 5mg,Carbimazole 5mg,Medicine,,tablet,No,100,Tablet,,Strip,10,,Box,10,,2
Amoxicillin + Clavulanate Dry Syrup 30ml,Amoxicillin 200mg + Clavulanate 28.5mg per 5ml,Medicine,,bottle,No,10,Bottle,,,,,,,,1
Cefuroxime 500mg,Cefuroxime Axetil 500mg,Medicine,,tablet,No,100,Tablet,,Strip,10,,Box,10,,2
Cefixime 200mg + Ofloxacin 200mg,Cefixime + Ofloxacin,Medicine,,tablet,No,100,Tablet,,Strip,10,,Box,10,,2
Cephalexin 500mg,Cephalexin 500mg,Medicine,,capsule,No,100,Capsule,,Strip,10,,Box,10,,2
Cefixime Dry Syrup 30ml,Cefixime 50mg/5ml,Medicine,,bottle,No,10,Bottle,,,,,,,,1
Azithromycin Dry Syrup 15ml,Azithromycin 200mg/5ml,Medicine,,bottle,No,10,Bottle,,,,,,,,1
Azithromycin 500mg,Azithromycin 500mg,Medicine,,tablet,No,100,Tablet,,Strip,10,,Box,10,,2
Clarithromycin 500mg,Clarithromycin 500mg,Medicine,,tablet,No,100,Tablet,,Strip,10,,Box,10,,2
Levofloxacin 500mg,Levofloxacin 500mg,Medicine,,tablet,No,100,Tablet,,Strip,10,,Box,10,,2
Ofloxacin 200mg,Ofloxacin 200mg,Medicine,,tablet,No,100,Tablet,,Strip,10,,Box,10,,2
Ciprofloxacin 500mg,Ciprofloxacin 500mg,Medicine,,tablet,No,100,Tablet,,Strip,10,,Box,10,,2
Ofloxacin + Ornidazole Suspension 30ml,Ofloxacin + Ornidazole suspension,Medicine,,bottle,No,10,Bottle,,,,,,,,1
Ofloxacin 200mg + Ornidazole 500mg,Ofloxacin + Ornidazole,Medicine,,tablet,No,100,Tablet,,Strip,10,,Box,10,,2
Norfloxacin 400mg + Tinidazole 600mg,Norfloxacin + Tinidazole,Medicine,,tablet,No,100,Tablet,,Strip,10,,Box,10,,2
Metronidazole 400mg,Metronidazole 400mg,Medicine,,tablet,No,100,Tablet,,Strip,10,,Box,10,,2
Metronidazole Suspension 60ml,Metronidazole 100mg/5ml,Medicine,,bottle,No,10,Bottle,,,,,,,,1
Linezolid 600mg,Linezolid 600mg,Medicine,,tablet,No,100,Tablet,,Strip,10,,Box,10,,2
Clindamycin 300mg,Clindamycin 300mg,Medicine,,capsule,No,100,Capsule,,Strip,10,,Box,10,,2
Ceftriaxone 1g Injection,Ceftriaxone 1g,Medicine,,vial,No,10,Vial,,,,,,,,1
Cefotaxime 1g Injection,Cefotaxime 1g,Medicine,,vial,No,10,Vial,,,,,,,,1
Amoxicillin + Clavulanate 600mg Injection,Amoxicillin 500mg + Clavulanate 100mg,Medicine,,vial,No,10,Vial,,,,,,,,1
Fluconazole 200mg,Fluconazole 200mg,Medicine,,tablet,No,100,Tablet,,Strip,10,,Box,10,,2
Terbinafine 250mg,Terbinafine 250mg,Medicine,,tablet,No,100,Tablet,,Strip,10,,Box,10,,2
Acyclovir 400mg,Acyclovir 400mg,Medicine,,tablet,No,100,Tablet,,Strip,10,,Box,10,,2
Valacyclovir 500mg,Valacyclovir 500mg,Medicine,,tablet,No,100,Tablet,,Strip,10,,Box,10,,2
Albendazole Suspension 10ml,Albendazole 200mg/5ml,Medicine,,bottle,No,10,Bottle,,,,,,,,1
Ivermectin 12mg,Ivermectin 12mg,Medicine,,tablet,No,100,Tablet,,Strip,10,,Box,10,,2
Rabeprazole 20mg + Domperidone SR 30mg,Rabeprazole + Domperidone SR,Medicine,,tablet,No,100,Tablet,,Strip,10,,Box,10,,2
Esomeprazole 40mg,Esomeprazole 40mg,Medicine,,tablet,No,100,Tablet,,Strip,10,,Box,10,,2
Pantoprazole 40mg + Domperidone SR 30mg,Pantoprazole + Domperidone SR,Medicine,,tablet,No,100,Tablet,,Strip,10,,Box,10,,2
Domperidone 10mg,Domperidone 10mg,Medicine,,tablet,No,100,Tablet,,Strip,10,,Box,10,,2
Pantoprazole 40mg Injection,Pantoprazole 40mg,Medicine,,vial,No,10,Vial,,,,,,,,1
Ondansetron 4mg,Ondansetron 4mg,Medicine,,tablet,No,100,Tablet,,Strip,10,,Box,10,,2
Dicyclomine 20mg + Mefenamic Acid 250mg,Dicyclomine + Mefenamic Acid,Medicine,,tablet,No,100,Tablet,,Strip,10,,Box,10,,2
Ondansetron Syrup 30ml,Ondansetron 2mg/5ml,Medicine,,bottle,No,10,Bottle,,,,,,,,1
Levocetirizine 5mg + Montelukast 10mg,Levocetirizine + Montelukast,Medicine,,tablet,No,100,Tablet,,Strip,10,,Box,10,,2
Drotaverine 80mg,Drotaverine 80mg,Medicine,,tablet,No,100,Tablet,,Strip,10,,Box,10,,2
Lactulose Syrup 200ml,Lactulose 10g/15ml,Medicine,,bottle,No,10,Bottle,,,,,,,,1
Fexofenadine 180mg,Fexofenadine 180mg,Medicine,,tablet,No,100,Tablet,,Strip,10,,Box,10,,2
Montelukast 5mg,Montelukast 5mg chewable,Medicine,,tablet,No,100,Tablet,,Strip,10,,Box,10,,2
Levocetirizine + Montelukast Syrup 60ml,Levocetirizine + Montelukast suspension,Medicine,,bottle,No,10,Bottle,,,,,,,,1
Salbutamol Syrup 100ml,Salbutamol 2mg/5ml,Medicine,,bottle,No,10,Bottle,,,,,,,,1
Budesonide Respules 2ml,Budesonide 0.5mg/2ml,Medicine,,vial,No,10,Vial,,,,,,,,1
Prednisolone 10mg,Prednisolone 10mg,Medicine,,tablet,No,100,Tablet,,Strip,10,,Box,10,,2
Salbutamol Respules 2.5ml,Salbutamol 2.5mg/2.5ml,Medicine,,vial,No,10,Vial,,,,,,,,1
Methylprednisolone 8mg,Methylprednisolone 8mg,Medicine,,tablet,No,100,Tablet,,Strip,10,,Box,10,,2
Prednisolone 20mg,Prednisolone 20mg,Medicine,,tablet,No,100,Tablet,,Strip,10,,Box,10,,2
Deflazacort 30mg,Deflazacort 30mg,Medicine,,tablet,No,100,Tablet,,Strip,10,,Box,10,,2
Paracetamol Syrup 60ml,Paracetamol 125mg/5ml,Medicine,,bottle,No,10,Bottle,,,,,,,,1
Paracetamol Drops 15ml,Paracetamol 100mg/ml,Medicine,,drops,No,6,Bottle,,,,,,,,1
Paracetamol 650mg,Paracetamol 650mg,Medicine,,tablet,No,100,Tablet,,Strip,10,,Box,10,,2
Diclofenac 50mg,Diclofenac Sodium 50mg,Medicine,,tablet,No,100,Tablet,,Strip,10,,Box,10,,2
Aceclofenac 100mg + Paracetamol 325mg,Aceclofenac + Paracetamol,Medicine,,tablet,No,100,Tablet,,Strip,10,,Box,10,,2
Aceclofenac + Paracetamol + Serratiopeptidase,Aceclofenac + Paracetamol + Serratiopeptidase,Medicine,,tablet,No,100,Tablet,,Strip,10,,Box,10,,2
Mefenamic Acid 250mg,Mefenamic Acid 250mg,Medicine,,tablet,No,100,Tablet,,Strip,10,,Box,10,,2
Diclofenac Gel 30g,Diclofenac Diethylamine 1.16% gel,Medicine,,tube,No,6,Tube,,,,,,,,1
Ibuprofen 400mg + Paracetamol 325mg,Ibuprofen + Paracetamol,Medicine,,tablet,No,100,Tablet,,Strip,10,,Box,10,,2
Ibuprofen Suspension 60ml,Ibuprofen 100mg/5ml,Medicine,,bottle,No,10,Bottle,,,,,,,,1
Thiocolchicoside 4mg,Thiocolchicoside 4mg,Medicine,,tablet,No,100,Tablet,,Strip,10,,Box,10,,2
Etoricoxib 120mg,Etoricoxib 120mg,Medicine,,tablet,No,100,Tablet,,Strip,10,,Box,10,,2
Tramadol 50mg + Paracetamol 325mg,Tramadol + Paracetamol,Medicine,,tablet,Yes,100,Tablet,,Strip,10,,Box,10,,2
Aceclofenac 100mg + Thiocolchicoside 4mg,Aceclofenac + Thiocolchicoside,Medicine,,tablet,No,100,Tablet,,Strip,10,,Box,10,,2
Gabapentin 300mg,Gabapentin 300mg,Medicine,,capsule,No,100,Capsule,,Strip,10,,Box,10,,2
Escitalopram 5mg,Escitalopram 5mg,Medicine,,tablet,No,100,Tablet,,Strip,10,,Box,10,,2
Pregabalin 75mg + Methylcobalamin 750mcg,Pregabalin + Methylcobalamin,Medicine,,capsule,No,100,Capsule,,Strip,10,,Box,10,,2
Amitriptyline 25mg,Amitriptyline 25mg,Medicine,,tablet,No,100,Tablet,,Strip,10,,Box,10,,2
Olanzapine 5mg,Olanzapine 5mg,Medicine,,tablet,No,100,Tablet,,Strip,10,,Box,10,,2
Risperidone 2mg,Risperidone 2mg,Medicine,,tablet,No,100,Tablet,,Strip,10,,Box,10,,2
Sertraline 25mg,Sertraline 25mg,Medicine,,tablet,No,100,Tablet,,Strip,10,,Box,10,,2
Clonazepam 0.5mg,Clonazepam 0.5mg,Medicine,,tablet,Yes,100,Tablet,,Strip,10,,Box,10,,2
Quetiapine 100mg,Quetiapine 100mg,Medicine,,tablet,No,100,Tablet,,Strip,10,,Box,10,,2
Levetiracetam 500mg,Levetiracetam 500mg,Medicine,,tablet,No,100,Tablet,,Strip,10,,Box,10,,2
Alprazolam 0.25mg,Alprazolam 0.25mg,Medicine,,tablet,Yes,100,Tablet,,Strip,10,,Box,10,,2
Zolpidem 10mg,Zolpidem 10mg,Medicine,,tablet,Yes,100,Tablet,,Strip,10,,Box,10,,2
Phenytoin Sodium 100mg,Phenytoin Sodium 100mg,Medicine,,tablet,No,100,Tablet,,Strip,10,,Box,10,,2
Sodium Valproate 500mg,Sodium Valproate CR 500mg,Medicine,,tablet,No,100,Tablet,,Strip,10,,Box,10,,2
Carbamazepine 200mg,Carbamazepine CR 200mg,Medicine,,tablet,No,100,Tablet,,Strip,10,,Box,10,,2
Sumatriptan 50mg,Sumatriptan 50mg,Medicine,,tablet,No,100,Tablet,,Strip,10,,Box,10,,2
Flunarizine 10mg,Flunarizine 10mg,Medicine,,tablet,No,100,Tablet,,Strip,10,,Box,10,,2
Levodopa 100mg + Carbidopa 25mg,Levodopa + Carbidopa,Medicine,,tablet,No,100,Tablet,,Strip,10,,Box,10,,2
Prochlorperazine 5mg,Prochlorperazine 5mg,Medicine,,tablet,No,100,Tablet,,Strip,10,,Box,10,,2
Cinnarizine 25mg,Cinnarizine 25mg,Medicine,,tablet,No,100,Tablet,,Strip,10,,Box,10,,2
Donepezil 5mg,Donepezil 5mg,Medicine,,tablet,No,100,Tablet,,Strip,10,,Box,10,,2
Tamsulosin 0.4mg,Tamsulosin 0.4mg,Medicine,,tablet,No,100,Tablet,,Strip,10,,Box,10,,2
Finasteride 5mg,Finasteride 5mg,Medicine,,tablet,No,100,Tablet,,Strip,10,,Box,10,,2
Tamsulosin 0.4mg + Dutasteride 0.5mg,Tamsulosin + Dutasteride,Medicine,,tablet,No,100,Tablet,,Strip,10,,Box,10,,2
Sildenafil 50mg,Sildenafil 50mg,Medicine,,tablet,No,100,Tablet,,Strip,10,,Box,10,,2
Progesterone 200mg,Natural Micronised Progesterone 200mg,Medicine,,capsule,No,100,Capsule,,Strip,10,,Box,10,,2
Dydrogesterone 10mg,Dydrogesterone 10mg,Medicine,,tablet,No,100,Tablet,,Strip,10,,Box,10,,2
Medroxyprogesterone 10mg,Medroxyprogesterone 10mg,Medicine,,tablet,No,100,Tablet,,Strip,10,,Box,10,,2
Levonorgestrel 1.5mg,Levonorgestrel 1.5mg,Medicine,,tablet,No,100,Tablet,,Strip,10,,Box,10,,2
Ferrous Ascorbate 100mg + Folic Acid,Ferrous Ascorbate + Folic Acid,Medicine,,tablet,No,100,Tablet,,Strip,10,,Box,10,,2
Calcium Carbonate 500mg + Vitamin D3,Calcium with Vitamin D3,Medicine,,tablet,No,100,Tablet,,Strip,10,,Box,10,,2
Iron Syrup 200ml,Iron with folic acid syrup,Medicine,,bottle,No,10,Bottle,,,,,,,,1
Vitamin E 400mg,Vitamin E 400mg,Medicine,,capsule,No,100,Capsule,,Strip,10,,Box,10,,2
Multivitamin with Zinc Tablet,Multivitamin multimineral,Medicine,,tablet,No,100,Tablet,,Strip,10,,Box,10,,2
Zinc 50mg,Zinc Sulphate 50mg,Medicine,,tablet,No,100,Tablet,,Strip,10,,Box,10,,2
Vitamin C 500mg,Ascorbic Acid 500mg,Medicine,,tablet,No,100,Tablet,,Strip,10,,Box,10,,2
Febuxostat 80mg,Febuxostat 80mg,Medicine,,tablet,No,100,Tablet,,Strip,10,,Box,10,,2
Hydroxychloroquine 200mg,Hydroxychloroquine 200mg,Medicine,,tablet,No,100,Tablet,,Strip,10,,Box,10,,2
Azathioprine 50mg,Azathioprine 50mg,Medicine,,tablet,No,100,Tablet,,Strip,10,,Box,10,,2
Methotrexate 7.5mg,Methotrexate 7.5mg,Medicine,,tablet,No,100,Tablet,,Strip,10,,Box,10,,2
Tamoxifen 20mg,Tamoxifen 20mg,Medicine,,tablet,No,100,Tablet,,Strip,10,,Box,10,,2
Betahistine 24mg,Betahistine 24mg,Medicine,,tablet,No,100,Tablet,,Strip,10,,Box,10,,2
Ranitidine 150mg,Ranitidine 150mg,Medicine,,tablet,No,100,Tablet,,Strip,10,,Box,10,,2
Serratiopeptidase 10mg,Serratiopeptidase 10mg,Medicine,,tablet,No,100,Tablet,,Strip,10,,Box,10,,2
Himalaya Liv 52 HB Tablet,Ayurvedic liver support,Other,Himalaya,tablet,No,100,Tablet,,Strip,10,,Box,10,,2
Himalaya Septilin Tablet,Ayurvedic immune support,Other,Himalaya,tablet,No,100,Tablet,,Strip,10,,Box,10,,2
Himalaya Cystone Tablet,Ayurvedic for urinary stones,Other,Himalaya,tablet,No,100,Tablet,,Strip,10,,Box,10,,2
Himalaya Septilin Syrup 200ml,Ayurvedic immune support,Other,Himalaya,bottle,No,10,Bottle,,,,,,,,1
Himalaya Gasex Tablet,Ayurvedic digestive,Other,Himalaya,tablet,No,100,Tablet,,Strip,10,,Box,10,,2
Himalaya Rumalaya Gel 30g,Ayurvedic pain relief gel,Other,Himalaya,tube,No,6,Tube,,,,,,,,1
Himalaya Rumalaya Forte Tablet,Ayurvedic joint support,Other,Himalaya,tablet,No,100,Tablet,,Strip,10,,Box,10,,2
Himalaya Ashwagandha Tablet,Ashwagandha extract,Other,Himalaya,tablet,No,100,Tablet,,Strip,10,,Box,10,,2
Himalaya Shatavari Tablet,Shatavari extract,Other,Himalaya,tablet,No,100,Tablet,,Strip,10,,Box,10,,2
Himalaya Speman Tablet,Ayurvedic men's health,Other,Himalaya,tablet,No,100,Tablet,,Strip,10,,Box,10,,2
Himalaya Diabecon Tablet,Ayurvedic blood sugar support,Other,Himalaya,tablet,No,100,Tablet,,Strip,10,,Box,10,,2
Himalaya Menosan Tablet,Ayurvedic menopause support,Other,Himalaya,tablet,No,100,Tablet,,Strip,10,,Box,10,,2
Himalaya Lip Balm 10g,Lip care balm,Other,Himalaya,tube,No,6,Tube,,,,,,,,1
Dabur Pudin Hara Liquid 30ml,Ayurvedic digestive drops,Other,Dabur,bottle,No,10,Bottle,,,,,,,,1
Himalaya Koflet Syrup 100ml,Ayurvedic cough syrup,Other,Himalaya,bottle,No,10,Bottle,,,,,,,,1
Dabur Pudin Hara Pearls,Ayurvedic digestive capsules,Other,Dabur,box,No,10,Piece,,,,,,,,1
Dabur Honey 250g,Pure honey,Other,Dabur,bottle,No,10,Bottle,,,,,,,,1
Dabur Gripe Water 130ml,Ayurvedic gripe water,Other,Dabur,bottle,No,10,Bottle,,,,,,,,1
Dabur Amla Hair Oil 200ml,Amla hair oil,Other,Dabur,bottle,No,10,Bottle,,,,,,,,1
Zandu Pancharishta 450ml,Ayurvedic digestive tonic,Other,Zandu,bottle,No,10,Bottle,,,,,,,,1
Dabur Lal Tail 100ml,Ayurvedic baby massage oil,Other,Dabur,bottle,No,10,Bottle,,,,,,,,1
Dabur Hajmola Tablet,Ayurvedic digestive tablets,Other,Dabur,bottle,No,10,Bottle,,,,,,,,1
Baidyanath Dashmularishta 450ml,Ayurvedic tonic,Other,Baidyanath,bottle,No,10,Bottle,,,,,,,,1
Baidyanath Chandraprabha Vati,Ayurvedic urinary support,Other,Baidyanath,bottle,No,10,Bottle,,,,,,,,1
Baidyanath Triphala Tablet,Triphala tablets,Other,Baidyanath,tablet,No,100,Tablet,,Strip,10,,Box,10,,2
Isabgol Husk 200g,Psyllium husk,Other,,box,No,5,Box,,,,,,,,1
Patanjali Aloe Vera Juice 1L,Aloe vera juice,Other,Patanjali,bottle,No,10,Bottle,,,,,,,,1
Patanjali Amla Juice 1L,Amla juice,Other,Patanjali,bottle,No,10,Bottle,,,,,,,,1
Kumari Asava 450ml,Ayurvedic tonic,Other,,bottle,No,10,Bottle,,,,,,,,1
Drakshasava 450ml,Ayurvedic tonic,Other,,bottle,No,10,Bottle,,,,,,,,1
Patanjali Divya Dant Manjan 100g,Ayurvedic tooth powder,Other,Patanjali,box,No,5,Box,,,,,,,,1
Vicks Cough Drops,Menthol cough drops,Other,Procter & Gamble,box,No,5,Box,,,,,,,,1
Tiger Balm 10g,Pain relief balm,Other,Haw Par,tube,No,6,Tube,,,,,,,,1
Omni Gel 30g,Pain relief gel,Other,Ranbaxy,tube,No,6,Tube,,,,,,,,1
Amrutanjan Balm 18ml,Pain relief balm,Other,Amrutanjan,tube,No,6,Tube,,,,,,,,1
Vaseline Petroleum Jelly 85g,Petroleum jelly,Other,Unilever,tube,No,6,Tube,,,,,,,,1
Boroplus Antiseptic Cream 40g,Antiseptic moisturising cream,Other,Emami,tube,No,6,Tube,,,,,,,,1
Boroline Antiseptic Cream 40g,Antiseptic ayurvedic cream,Other,GD Pharmaceuticals,tube,No,6,Tube,,,,,,,,1
Relispray 55g,Pain relief spray,Other,Zydus,bottle,No,10,Bottle,,,,,,,,1
Himalaya Baby Shampoo 200ml,Baby shampoo,Other,Himalaya,bottle,No,10,Bottle,,,,,,,,1
Johnson's Baby Oil 200ml,Baby massage oil,Other,Johnson & Johnson,bottle,No,10,Bottle,,,,,,,,1
Johnson's Baby Cream 100g,Baby moisturising cream,Other,Johnson & Johnson,tube,No,6,Tube,,,,,,,,1
Johnson's Baby Shampoo 200ml,Baby shampoo,Other,Johnson & Johnson,bottle,No,10,Bottle,,,,,,,,1
Johnson's Baby Powder 200g,Baby dusting powder,Other,Johnson & Johnson,box,No,5,Box,,,,,,,,1
Baby Nasal Aspirator,Nasal aspirator for infants,Other,,box,No,10,Piece,,,,,,,,1
Nan Pro 1 400g,Infant formula stage 1,Other,Nestle,box,No,5,Box,,,,,,,,1
Simethicone Drops 15ml,Simethicone 40mg/ml drops,Medicine,,drops,No,6,Bottle,,,,,,,,1
Diaper Rash Cream 50g,Zinc oxide barrier cream,Other,,tube,No,6,Tube,,,,,,,,1
Lactogen 2 400g,Infant formula stage 2,Other,Nestle,box,No,5,Box,,,,,,,,1
Colgate Toothpaste 100g,Fluoride toothpaste,Other,Colgate,tube,No,6,Tube,,,,,,,,1
Feeding Bottle Nipple,Replacement bottle nipple,Other,,box,No,10,Piece,,,,,,,,1
Breast Pads 30s,Disposable nursing pads,Other,,box,No,5,Box,,,,,,,,1
Sensodyne Toothpaste 70g,Toothpaste for sensitive teeth,Other,Haleon,tube,No,6,Tube,,,,,,,,1
Nipple Shield,Breastfeeding nipple shield,Other,,box,No,10,Piece,,,,,,,,1
Thermoseal RA Toothpaste 70g,Toothpaste for sensitive teeth,Other,ICPA,tube,No,6,Tube,,,,,,,,1
Colgate Pro-Relief 70g,Toothpaste for sensitive teeth,Other,Colgate,tube,No,6,Tube,,,,,,,,1
Chlorhexidine Mouthwash 100ml,Chlorhexidine Gluconate 0.2%,Medicine,,bottle,No,10,Bottle,,,,,,,,1
Hexidine Mouthwash 160ml,Chlorhexidine 0.2% mouthwash,Medicine,ICPA,bottle,No,10,Bottle,,,,,,,,1
Dologel CT Gel 15g,Oral gel for mouth ulcers,Medicine,ICPA,tube,No,6,Tube,,,,,,,,1
Mucopain Gel 15g,Benzocaine oral gel,Medicine,ICPA,tube,No,6,Tube,,,,,,,,1
Zytee RB Gel 10g,Choline Salicylate oral gel,Medicine,Alkem,tube,No,6,Tube,,,,,,,,1
Dental Floss 50m,Dental floss,Other,,box,No,5,Box,,,,,,,,1
Orasore Gel 10g,Mouth ulcer gel,Medicine,Ranbaxy,tube,No,6,Tube,,,,,,,,1
Toothbrush Soft,Soft bristle toothbrush,Other,,box,No,10,Piece,,,,,,,,1
Eno Sachet,Antacid effervescent sachet,Other,Haleon,sachet,No,30,Sachet,,Strip,10,,Box,10,,2
Eno Fruit Salt 100g,Antacid effervescent powder,Other,Haleon,bottle,No,10,Bottle,,,,,,,,1
Sugar Free Natura 100 Pellets,Sucralose sweetener,Other,Zydus,box,No,5,Box,,,,,,,,1
Sugar Free Gold 100 Pellets,Aspartame sweetener,Other,Zydus,box,No,5,Box,,,,,,,,1
Rose Water 100ml,Rose water,Other,,bottle,No,10,Bottle,,,,,,,,1
Gelusil Chewable Tablet,Antacid chewable,Medicine,Pfizer,box,No,5,Box,,,,,,,,1
Liquid Paraffin 100ml,Liquid paraffin BP,Other,,bottle,No,10,Bottle,,,,,,,,1
Epsom Salt 500g,Magnesium Sulphate bath salt,Other,,box,No,5,Box,,,,,,,,1
Castor Oil 100ml,Castor oil BP,Other,,bottle,No,10,Bottle,,,,,,,,1
Coconut Oil 200ml,Pure coconut oil,Other,,bottle,No,10,Bottle,,,,,,,,1
Mosquito Repellent Cream 50g,Insect repellent cream,Other,,box,No,5,Box,,,,,,,,1
Camphor 50g,Camphor tablets,Other,,box,No,5,Box,,,,,,,,1
Eucalyptus Oil 15ml,Eucalyptus oil,Other,,bottle,No,10,Bottle,,,,,,,,1
Sunscreen Lotion SPF 30 100ml,Broad spectrum sunscreen,Other,,bottle,No,10,Bottle,,,,,,,,1
Sunscreen Gel SPF 50 50g,Broad spectrum sunscreen gel,Other,,bottle,No,10,Bottle,,,,,,,,1
Reading Glasses +1.00,Ready reading glasses,Other,,box,No,5,Box,,,,,,,,1
Oral Dispenser Syringe 5ml,Oral medicine syringe,Consumable,,box,No,10,Piece,,,,,,,,1
Measuring Cup 30ml,Medicine measuring cup,Consumable,,box,No,10,Piece,,,,,,,,1
Pill Box Weekly,Seven day pill organiser,Other,,box,No,10,Piece,,,,,,,,1
Reading Glasses +2.00,Ready reading glasses,Other,,box,No,5,Box,,,,,,,,1
Wet Wipes 80s,Cleansing wet wipes,Other,,box,No,5,Box,,,,,,,,1
Tissue Paper Box,Facial tissue box,Other,,box,No,5,Box,,,,,,,,1
Amlodac 2.5,Amlodipine 2.5mg,Medicine,Zydus,tablet,No,100,Tablet,,Strip,10,,Box,10,,2
Amlodac 5,Amlodipine 5mg,Medicine,Zydus,tablet,No,100,Tablet,,Strip,10,,Box,10,,2
Amlodac 10,Amlodipine 10mg,Medicine,Zydus,tablet,No,100,Tablet,,Strip,10,,Box,10,,2
Amlip 2.5,Amlodipine 2.5mg,Medicine,Cipla,tablet,No,100,Tablet,,Strip,10,,Box,10,,2
Amlip 5,Amlodipine 5mg,Medicine,Cipla,tablet,No,100,Tablet,,Strip,10,,Box,10,,2
Amlip 10,Amlodipine 10mg,Medicine,Cipla,tablet,No,100,Tablet,,Strip,10,,Box,10,,2
Amlogard 2.5,Amlodipine 2.5mg,Medicine,Pfizer,tablet,No,100,Tablet,,Strip,10,,Box,10,,2
Amlogard 10,Amlodipine 10mg,Medicine,Pfizer,tablet,No,100,Tablet,,Strip,10,,Box,10,,2
Amlogard 5,Amlodipine 5mg,Medicine,Pfizer,tablet,No,100,Tablet,,Strip,10,,Box,10,,2
Amcard 10,Amlodipine 10mg,Medicine,Torrent,tablet,No,100,Tablet,,Strip,10,,Box,10,,2
Amcard 5,Amlodipine 5mg,Medicine,Torrent,tablet,No,100,Tablet,,Strip,10,,Box,10,,2
Numlo 2.5,Amlodipine 2.5mg,Medicine,Emcure,tablet,No,100,Tablet,,Strip,10,,Box,10,,2
Numlo 5,Amlodipine 5mg,Medicine,Emcure,tablet,No,100,Tablet,,Strip,10,,Box,10,,2
Numlo 10,Amlodipine 10mg,Medicine,Emcure,tablet,No,100,Tablet,,Strip,10,,Box,10,,2
Amdepin 5,Amlodipine 5mg,Medicine,Cadila,tablet,No,100,Tablet,,Strip,10,,Box,10,,2
Amdepin 10,Amlodipine 10mg,Medicine,Cadila,tablet,No,100,Tablet,,Strip,10,,Box,10,,2
Asomex 2.5,S-Amlodipine 2.5mg,Medicine,Emcure,tablet,No,100,Tablet,,Strip,10,,Box,10,,2
Asomex 5,S-Amlodipine 5mg,Medicine,Emcure,tablet,No,100,Tablet,,Strip,10,,Box,10,,2
Stamlo 2.5,Amlodipine 2.5mg,Medicine,Dr. Reddy's,tablet,No,100,Tablet,,Strip,10,,Box,10,,2
Stamlo 10,Amlodipine 10mg,Medicine,Dr. Reddy's,tablet,No,100,Tablet,,Strip,10,,Box,10,,2
Amlovas 10,Amlodipine 10mg,Medicine,USV,tablet,No,100,Tablet,,Strip,10,,Box,10,,2
Amlovas 2.5,Amlodipine 2.5mg,Medicine,USV,tablet,No,100,Tablet,,Strip,10,,Box,10,,2
Amlokind 2.5,Amlodipine 2.5mg,Medicine,Mankind,tablet,No,100,Tablet,,Strip,10,,Box,10,,2
Cilacar 5,Cilnidipine 5mg,Medicine,JB Chemicals,tablet,No,100,Tablet,,Strip,10,,Box,10,,2
Amlokind 10,Amlodipine 10mg,Medicine,Mankind,tablet,No,100,Tablet,,Strip,10,,Box,10,,2
Nexovas 20,Cilnidipine 20mg,Medicine,Lupin,tablet,No,100,Tablet,,Strip,10,,Box,10,,2
Nexovas 5,Cilnidipine 5mg,Medicine,Lupin,tablet,No,100,Tablet,,Strip,10,,Box,10,,2
Cilnidipine 20,Cilnidipine 20mg,Medicine,,tablet,No,100,Tablet,,Strip,10,,Box,10,,2
Cilnidipine 5,Cilnidipine 5mg,Medicine,,tablet,No,100,Tablet,,Strip,10,,Box,10,,2
Dilzem 60,Diltiazem 60mg,Medicine,Torrent,tablet,No,100,Tablet,,Strip,10,,Box,10,,2
Dilzem 90,Diltiazem 90mg,Medicine,Torrent,tablet,No,100,Tablet,,Strip,10,,Box,10,,2
Angizem 60,Diltiazem 60mg,Medicine,Sun Pharma,tablet,No,100,Tablet,,Strip,10,,Box,10,,2
Angizem 30,Diltiazem 30mg,Medicine,Sun Pharma,tablet,No,100,Tablet,,Strip,10,,Box,10,,2
Diltiazem 30mg,Diltiazem 30mg,Medicine,,tablet,No,100,Tablet,,Strip,10,,Box,10,,2
Angizem 90,Diltiazem 90mg,Medicine,Sun Pharma,tablet,No,100,Tablet,,Strip,10,,Box,10,,2
Diltiazem 60mg,Diltiazem 60mg,Medicine,,tablet,No,100,Tablet,,Strip,10,,Box,10,,2
Diltiazem 90mg,Diltiazem 90mg,Medicine,,tablet,No,100,Tablet,,Strip,10,,Box,10,,2
Nifedipine 20mg,Nifedipine 20mg,Medicine,,tablet,No,100,Tablet,,Strip,10,,Box,10,,2
Nifedipine 5mg,Nifedipine 5mg,Medicine,,tablet,No,100,Tablet,,Strip,10,,Box,10,,2
Verapamil 80mg,Verapamil 80mg,Medicine,,tablet,No,100,Tablet,,Strip,10,,Box,10,,2
Verapamil 40mg,Verapamil 40mg,Medicine,,tablet,No,100,Tablet,,Strip,10,,Box,10,,2
Lercanidipine 10mg,Lercanidipine 10mg,Medicine,,tablet,No,100,Tablet,,Strip,10,,Box,10,,2
Lercanidipine 20mg,Lercanidipine 20mg,Medicine,,tablet,No,100,Tablet,,Strip,10,,Box,10,,2
Levamlodipine 5mg,Levamlodipine 5mg,Medicine,,tablet,No,100,Tablet,,Strip,10,,Box,10,,2
Levamlodipine 2.5mg,Levamlodipine 2.5mg,Medicine,,tablet,No,100,Tablet,,Strip,10,,Box,10,,2
Tazloc 20,Telmisartan 20mg,Medicine,USV,tablet,No,100,Tablet,,Strip,10,,Box,10,,2
Tazloc 40,Telmisartan 40mg,Medicine,USV,tablet,No,100,Tablet,,Strip,10,,Box,10,,2
Tazloc 80,Telmisartan 80mg,Medicine,USV,tablet,No,100,Tablet,,Strip,10,,Box,10,,2
Telmikind 20,Telmisartan 20mg,Medicine,Mankind,tablet,No,100,Tablet,,Strip,10,,Box,10,,2
Telmikind 80,Telmisartan 80mg,Medicine,Mankind,tablet,No,100,Tablet,,Strip,10,,Box,10,,2
Telvas 20,Telmisartan 20mg,Medicine,Aristo,tablet,No,100,Tablet,,Strip,10,,Box,10,,2
Cresar 20,Telmisartan 20mg,Medicine,Sun Pharma,tablet,No,100,Tablet,,Strip,10,,Box,10,,2
Telvas 80,Telmisartan 80mg,Medicine,Aristo,tablet,No,100,Tablet,,Strip,10,,Box,10,,2
Cresar 80,Telmisartan 80mg,Medicine,Sun Pharma,tablet,No,100,Tablet,,Strip,10,,Box,10,,2
Telpres 20,Telmisartan 20mg,Medicine,Cipla,tablet,No,100,Tablet,,Strip,10,,Box,10,,2
Telpres 80,Telmisartan 80mg,Medicine,Cipla,tablet,No,100,Tablet,,Strip,10,,Box,10,,2
Telsartan 20,Telmisartan 20mg,Medicine,Dr. Reddy's,tablet,No,100,Tablet,,Strip,10,,Box,10,,2
Telsartan 80,Telmisartan 80mg,Medicine,Dr. Reddy's,tablet,No,100,Tablet,,Strip,10,,Box,10,,2
Telista 80,Telmisartan 80mg,Medicine,Lupin,tablet,No,100,Tablet,,Strip,10,,Box,10,,2
Telista 20,Telmisartan 20mg,Medicine,Lupin,tablet,No,100,Tablet,,Strip,10,,Box,10,,2
Telma-CT,Telmisartan 40mg + Chlorthalidone 12.5mg,Medicine,Glenmark,tablet,No,100,Tablet,,Strip,10,,Box,10,,2
Eritel 20,Telmisartan 20mg,Medicine,Micro Labs,tablet,No,100,Tablet,,Strip,10,,Box,10,,2
Eritel 80,Telmisartan 80mg,Medicine,Micro Labs,tablet,No,100,Tablet,,Strip,10,,Box,10,,2
Telma-AM 80,Telmisartan 80mg + Amlodipine 5mg,Medicine,Glenmark,tablet,No,100,Tablet,,Strip,10,,Box,10,,2
Tazloc-AM,Telmisartan 40mg + Amlodipine 5mg,Medicine,USV,tablet,No,100,Tablet,,Strip,10,,Box,10,,2
Telvas-AM,Telmisartan 40mg + Amlodipine 5mg,Medicine,Aristo,tablet,No,100,Tablet,,Strip,10,,Box,10,,2
Tazloc-H,Telmisartan 40mg + Hydrochlorothiazide 12.5mg,Medicine,USV,tablet,No,100,Tablet,,Strip,10,,Box,10,,2
Eritel-CH,Telmisartan 40mg + Chlorthalidone 12.5mg,Medicine,Micro Labs,tablet,No,100,Tablet,,Strip,10,,Box,10,,2
Telmisartan 40mg + Chlorthalidone 12.5mg,Telmisartan + Chlorthalidone,Medicine,,tablet,No,100,Tablet,,Strip,10,,Box,10,,2
Cresar-H,Telmisartan 40mg + Hydrochlorothiazide 12.5mg,Medicine,Sun Pharma,tablet,No,100,Tablet,,Strip,10,,Box,10,,2
Telmisartan 40mg + Metoprolol 25mg,Telmisartan + Metoprolol,Medicine,,tablet,No,100,Tablet,,Strip,10,,Box,10,,2
Covance 25,Losartan Potassium 25mg,Medicine,Sun Pharma,tablet,No,100,Tablet,,Strip,10,,Box,10,,2
Tozaar 25,Losartan Potassium 25mg,Medicine,Torrent,tablet,No,100,Tablet,,Strip,10,,Box,10,,2
Covance 50,Losartan Potassium 50mg,Medicine,Sun Pharma,tablet,No,100,Tablet,,Strip,10,,Box,10,,2
Losacar 25,Losartan Potassium 25mg,Medicine,Zydus,tablet,No,100,Tablet,,Strip,10,,Box,10,,2
Tozaar 50,Losartan Potassium 50mg,Medicine,Torrent,tablet,No,100,Tablet,,Strip,10,,Box,10,,2
Losar 100,Losartan Potassium 100mg,Medicine,Unichem,tablet,No,100,Tablet,,Strip,10,,Box,10,,2
Repace 25,Losartan Potassium 25mg,Medicine,Sun Pharma,tablet,No,100,Tablet,,Strip,10,,Box,10,,2
Covance-AM,Losartan 50mg + Amlodipine 5mg,Medicine,Sun Pharma,tablet,No,100,Tablet,,Strip,10,,Box,10,,2
Losacar-H,Losartan 50mg + Hydrochlorothiazide 12.5mg,Medicine,Zydus,tablet,No,100,Tablet,,Strip,10,,Box,10,,2
Losartan Potassium 100mg,Losartan Potassium 100mg,Medicine,,tablet,No,100,Tablet,,Strip,10,,Box,10,,2
Losartan Potassium 25mg,Losartan Potassium 25mg,Medicine,,tablet,No,100,Tablet,,Strip,10,,Box,10,,2
Olmesar 10,Olmesartan 10mg,Medicine,Macleods,tablet,No,100,Tablet,,Strip,10,,Box,10,,2
Olmesar 40,Olmesartan 40mg,Medicine,Macleods,tablet,No,100,Tablet,,Strip,10,,Box,10,,2
Olmesar 20,Olmesartan 20mg,Medicine,Macleods,tablet,No,100,Tablet,,Strip,10,,Box,10,,2
Olmat 10,Olmesartan 10mg,Medicine,Macleods,tablet,No,100,Tablet,,Strip,10,,Box,10,,2
Olsar 10,Olmesartan 10mg,Medicine,Unichem,tablet,No,100,Tablet,,Strip,10,,Box,10,,2
Olmy 10,Olmesartan 10mg,Medicine,Micro Labs,tablet,No,100,Tablet,,Strip,10,,Box,10,,2
Olsar 40,Olmesartan 40mg,Medicine,Unichem,tablet,No,100,Tablet,,Strip,10,,Box,10,,2
Olmy 40,Olmesartan 40mg,Medicine,Micro Labs,tablet,No,100,Tablet,,Strip,10,,Box,10,,2
Olmezest 10,Olmesartan 10mg,Medicine,Zydus,tablet,No,100,Tablet,,Strip,10,,Box,10,,2
Olmezest 40,Olmesartan 40mg,Medicine,Zydus,tablet,No,100,Tablet,,Strip,10,,Box,10,,2
Olmesar-H,Olmesartan 20mg + Hydrochlorothiazide 12.5mg,Medicine,Macleods,tablet,No,100,Tablet,,Strip,10,,Box,10,,2
Olmezest-CH,Olmesartan 20mg + Chlorthalidone 12.5mg,Medicine,Zydus,tablet,No,100,Tablet,,Strip,10,,Box,10,,2
Valzaar 40,Valsartan 40mg,Medicine,Torrent,tablet,No,100,Tablet,,Strip,10,,Box,10,,2
Olmesartan 20mg + Amlodipine 5mg,Olmesartan + Amlodipine,Medicine,,tablet,No,100,Tablet,,Strip,10,,Box,10,,2
Valzaar 80,Valsartan 80mg,Medicine,Torrent,tablet,No,100,Tablet,,Strip,10,,Box,10,,2
Valzaar 160,Valsartan 160mg,Medicine,Torrent,tablet,No,100,Tablet,,Strip,10,,Box,10,,2
Diovan 40,Valsartan 40mg,Medicine,Novartis,tablet,No,100,Tablet,,Strip,10,,Box,10,,2
Diovan 160,Valsartan 160mg,Medicine,Novartis,tablet,No,100,Tablet,,Strip,10,,Box,10,,2
Valsartan 160mg,Valsartan 160mg,Medicine,,tablet,No,100,Tablet,,Strip,10,,Box,10,,2
Valsartan 40mg,Valsartan 40mg,Medicine,,tablet,No,100,Tablet,,Strip,10,,Box,10,,2
Irovel 300,Irbesartan 300mg,Medicine,Sun Pharma,tablet,No,100,Tablet,,Strip,10,,Box,10,,2
Irovel 150,Irbesartan 150mg,Medicine,Sun Pharma,tablet,No,100,Tablet,,Strip,10,,Box,10,,2
Candesartan 4mg,Candesartan 4mg,Medicine,,tablet,No,100,Tablet,,Strip,10,,Box,10,,2
Irbesartan 150mg,Irbesartan 150mg,Medicine,,tablet,No,100,Tablet,,Strip,10,,Box,10,,2
Irbesartan 300mg,Irbesartan 300mg,Medicine,,tablet,No,100,Tablet,,Strip,10,,Box,10,,2
Candesartan 16mg,Candesartan 16mg,Medicine,,tablet,No,100,Tablet,,Strip,10,,Box,10,,2
Candesartan 8mg,Candesartan 8mg,Medicine,,tablet,No,100,Tablet,,Strip,10,,Box,10,,2
Azilsartan 40mg,Azilsartan 40mg,Medicine,,tablet,No,100,Tablet,,Strip,10,,Box,10,,2
Azilsartan 20mg,Azilsartan 20mg,Medicine,,tablet,No,100,Tablet,,Strip,10,,Box,10,,2
Azilsartan 80mg,Azilsartan 80mg,Medicine,,tablet,No,100,Tablet,,Strip,10,,Box,10,,2
Vymada 50,Sacubitril 24mg + Valsartan 26mg,Medicine,Novartis,tablet,No,100,Tablet,,Strip,10,,Box,10,,2
Vymada 100,Sacubitril 49mg + Valsartan 51mg,Medicine,Novartis,tablet,No,100,Tablet,,Strip,10,,Box,10,,2
Azmarda 50,Sacubitril 24mg + Valsartan 26mg,Medicine,Novartis,tablet,No,100,Tablet,,Strip,10,,Box,10,,2
Sacubitril + Valsartan 50mg,Sacubitril 24mg + Valsartan 26mg,Medicine,,tablet,No,100,Tablet,,Strip,10,,Box,10,,2
Cardace 10,Ramipril 10mg,Medicine,Sanofi,tablet,No,100,Tablet,,Strip,10,,Box,10,,2
Cardace 1.25,Ramipril 1.25mg,Medicine,Sanofi,tablet,No,100,Tablet,,Strip,10,,Box,10,,2
Ramistar 10,Ramipril 10mg,Medicine,Lupin,tablet,No,100,Tablet,,Strip,10,,Box,10,,2
Ramistar 2.5,Ramipril 2.5mg,Medicine,Lupin,tablet,No,100,Tablet,,Strip,10,,Box,10,,2
Ramipril 2.5mg,Ramipril 2.5mg,Medicine,,tablet,No,100,Tablet,,Strip,10,,Box,10,,2
Ramipril 10mg,Ramipril 10mg,Medicine,,tablet,No,100,Tablet,,Strip,10,,Box,10,,2
Ramipril 1.25mg,Ramipril 1.25mg,Medicine,,tablet,No,100,Tablet,,Strip,10,,Box,10,,2
Envas 10,Enalapril 10mg,Medicine,Cadila,tablet,No,100,Tablet,,Strip,10,,Box,10,,2
Envas 2.5,Enalapril 2.5mg,Medicine,Cadila,tablet,No,100,Tablet,,Strip,10,,Box,10,,2
Enam 2.5,Enalapril 2.5mg,Medicine,Dr. Reddy's,tablet,No,100,Tablet,,Strip,10,,Box,10,,2
Enam 10,Enalapril 10mg,Medicine,Dr. Reddy's,tablet,No,100,Tablet,,Strip,10,,Box,10,,2
Enalapril 2.5mg,Enalapril 2.5mg,Medicine,,tablet,No,100,Tablet,,Strip,10,,Box,10,,2
Enalapril 5mg,Enalapril 5mg,Medicine,,tablet,No,100,Tablet,,Strip,10,,Box,10,,2
Listril 2.5,Lisinopril 2.5mg,Medicine,Torrent,tablet,No,100,Tablet,,Strip,10,,Box,10,,2
Lisinopril 2.5mg,Lisinopril 2.5mg,Medicine,,tablet,No,100,Tablet,,Strip,10,,Box,10,,2
Lisinopril 5mg,Lisinopril 5mg,Medicine,,tablet,No,100,Tablet,,Strip,10,,Box,10,,2
Listril 10,Lisinopril 10mg,Medicine,Torrent,tablet,No,100,Tablet,,Strip,10,,Box,10,,2
Lisinopril 10mg,Lisinopril 10mg,Medicine,,tablet,No,100,Tablet,,Strip,10,,Box,10,,2
Perindopril 2mg,Perindopril 2mg,Medicine,,tablet,No,100,Tablet,,Strip,10,,Box,10,,2
Telmisartan 40mg + Cilnidipine 10mg,Telmisartan + Cilnidipine,Medicine,,tablet,No,100,Tablet,,Strip,10,,Box,10,,2
Betacard 25,Atenolol 25mg,Medicine,Torrent,tablet,No,100,Tablet,,Strip,10,,Box,10,,2
Perindopril 8mg,Perindopril 8mg,Medicine,,tablet,No,100,Tablet,,Strip,10,,Box,10,,2
Betacard 50,Atenolol 50mg,Medicine,Torrent,tablet,No,100,Tablet,,Strip,10,,Box,10,,2
Aten 100,Atenolol 100mg,Medicine,Zydus,tablet,No,100,Tablet,,Strip,10,,Box,10,,2
Atenolol 25mg,Atenolol 25mg,Medicine,,tablet,No,100,Tablet,,Strip,10,,Box,10,,2
Met XL 25,Metoprolol Succinate ER 25mg,Medicine,Ajanta,tablet,No,100,Tablet,,Strip,10,,Box,10,,2
Atenolol 100mg,Atenolol 100mg,Medicine,,tablet,No,100,Tablet,,Strip,10,,Box,10,,2
Met XL 100,Metoprolol Succinate ER 100mg,Medicine,Ajanta,tablet,No,100,Tablet,,Strip,10,,Box,10,,2
Met XL 50,Metoprolol Succinate ER 50mg,Medicine,Ajanta,tablet,No,100,Tablet,,Strip,10,,Box,10,,2
Prolomet XL 100,Metoprolol Succinate ER 100mg,Medicine,Sun Pharma,tablet,No,100,Tablet,,Strip,10,,Box,10,,2
Metolar 100,Metoprolol 100mg,Medicine,Cipla,tablet,No,100,Tablet,,Strip,10,,Box,10,,2
Prolomet XL 12.5,Metoprolol Succinate ER 12.5mg,Medicine,Sun Pharma,tablet,No,100,Tablet,,Strip,10,,Box,10,,2
Seloken XL 50,Metoprolol Succinate ER 50mg,Medicine,AstraZeneca,tablet,No,100,Tablet,,Strip,10,,Box,10,,2
Seloken XL 12.5,Metoprolol Succinate ER 12.5mg,Medicine,AstraZeneca,tablet,No,100,Tablet,,Strip,10,,Box,10,,2
Revelol XL 12.5,Metoprolol Succinate ER 12.5mg,Medicine,Ipca,tablet,No,100,Tablet,,Strip,10,,Box,10,,2
Seloken XL 100,Metoprolol Succinate ER 100mg,Medicine,AstraZeneca,tablet,No,100,Tablet,,Strip,10,,Box,10,,2
Metpure XL 12.5,Metoprolol Succinate ER 12.5mg,Medicine,Emcure,tablet,No,100,Tablet,,Strip,10,,Box,10,,2
Revelol XL 50,Metoprolol Succinate ER 50mg,Medicine,Ipca,tablet,No,100,Tablet,,Strip,10,,Box,10,,2
Metpure XL 100,Metoprolol Succinate ER 100mg,Medicine,Emcure,tablet,No,100,Tablet,,Strip,10,,Box,10,,2
Metoprolol Succinate ER 12.5mg,Metoprolol Succinate ER 12.5mg,Medicine,,tablet,No,100,Tablet,,Strip,10,,Box,10,,2
Metoprolol Succinate ER 100mg,Metoprolol Succinate ER 100mg,Medicine,,tablet,No,100,Tablet,,Strip,10,,Box,10,,2
Concor 1.25,Bisoprolol 1.25mg,Medicine,Merck,tablet,No,100,Tablet,,Strip,10,,Box,10,,2
Concor 10,Bisoprolol 10mg,Medicine,Merck,tablet,No,100,Tablet,,Strip,10,,Box,10,,2
Corbis 10,Bisoprolol 10mg,Medicine,Torrent,tablet,No,100,Tablet,,Strip,10,,Box,10,,2
Corbis 2.5,Bisoprolol 2.5mg,Medicine,Torrent,tablet,No,100,Tablet,,Strip,10,,Box,10,,2
Bisoprolol 2.5mg,Bisoprolol 2.5mg,Medicine,,tablet,No,100,Tablet,,Strip,10,,Box,10,,2
Bisoprolol 1.25mg,Bisoprolol 1.25mg,Medicine,,tablet,No,100,Tablet,,Strip,10,,Box,10,,2
Cardivas 3.125,Carvedilol 3.125mg,Medicine,Sun Pharma,tablet,No,100,Tablet,,Strip,10,,Box,10,,2
Bisoprolol 10mg,Bisoprolol 10mg,Medicine,,tablet,No,100,Tablet,,Strip,10,,Box,10,,2
Cardivas 6.25,Carvedilol 6.25mg,Medicine,Sun Pharma,tablet,No,100,Tablet,,Strip,10,,Box,10,,2
Cardivas 12.5,Carvedilol 12.5mg,Medicine,Sun Pharma,tablet,No,100,Tablet,,Strip,10,,Box,10,,2
Cardivas 25,Carvedilol 25mg,Medicine,Sun Pharma,tablet,No,100,Tablet,,Strip,10,,Box,10,,2
Carca 25,Carvedilol 25mg,Medicine,Intas,tablet,No,100,Tablet,,Strip,10,,Box,10,,2
Carca 12.5,Carvedilol 12.5mg,Medicine,Intas,tablet,No,100,Tablet,,Strip,10,,Box,10,,2
Carloc 6.25,Carvedilol 6.25mg,Medicine,Sun Pharma,tablet,No,100,Tablet,,Strip,10,,Box,10,,2
Carloc 12.5,Carvedilol 12.5mg,Medicine,Sun Pharma,tablet,No,100,Tablet,,Strip,10,,Box,10,,2
Carvedilol 3.125mg,Carvedilol 3.125mg,Medicine,,tablet,No,100,Tablet,,Strip,10,,Box,10,,2
Carvedilol 12.5mg,Carvedilol 12.5mg,Medicine,,tablet,No,100,Tablet,,Strip,10,,Box,10,,2
Carvedilol 25mg,Carvedilol 25mg,Medicine,,tablet,No,100,Tablet,,Strip,10,,Box,10,,2
Nebistar 2.5,Nebivolol 2.5mg,Medicine,Lupin,tablet,No,100,Tablet,,Strip,10,,Box,10,,2
Nebicard 10,Nebivolol 10mg,Medicine,Torrent,tablet,No,100,Tablet,,Strip,10,,Box,10,,2
Nebistar 5,Nebivolol 5mg,Medicine,Lupin,tablet,No,100,Tablet,,Strip,10,,Box,10,,2
Nebilong 2.5,Nebivolol 2.5mg,Medicine,Micro Labs,tablet,No,100,Tablet,,Strip,10,,Box,10,,2
Nebilong 10,Nebivolol 10mg,Medicine,Micro Labs,tablet,No,100,Tablet,,Strip,10,,Box,10,,2
Nebivolol 2.5mg,Nebivolol 2.5mg,Medicine,,tablet,No,100,Tablet,,Strip,10,,Box,10,,2
Nebivolol 10mg,Nebivolol 10mg,Medicine,,tablet,No,100,Tablet,,Strip,10,,Box,10,,2
Propranolol 10mg,Propranolol 10mg,Medicine,,tablet,No,100,Tablet,,Strip,10,,Box,10,,2
Ciplar 20,Propranolol 20mg,Medicine,Cipla,tablet,No,100,Tablet,,Strip,10,,Box,10,,2
Aztor 5,Atorvastatin 5mg,Medicine,Sun Pharma,tablet,No,100,Tablet,,Strip,10,,Box,10,,2
Propranolol 20mg,Propranolol 20mg,Medicine,,tablet,No,100,Tablet,,Strip,10,,Box,10,,2
Aztor 10,Atorvastatin 10mg,Medicine,Sun Pharma,tablet,No,100,Tablet,,Strip,10,,Box,10,,2
Aztor 40,Atorvastatin 40mg,Medicine,Sun Pharma,tablet,No,100,Tablet,,Strip,10,,Box,10,,2
Aztor 20,Atorvastatin 20mg,Medicine,Sun Pharma,tablet,No,100,Tablet,,Strip,10,,Box,10,,2
Aztor 80,Atorvastatin 80mg,Medicine,Sun Pharma,tablet,No,100,Tablet,,Strip,10,,Box,10,,2
Modlip 10,Atorvastatin 10mg,Medicine,Torrent,tablet,No,100,Tablet,,Strip,10,,Box,10,,2
Modlip 20,Atorvastatin 20mg,Medicine,Torrent,tablet,No,100,Tablet,,Strip,10,,Box,10,,2
Lipikind 10,Atorvastatin 10mg,Medicine,Mankind,tablet,No,100,Tablet,,Strip,10,,Box,10,,2
Modlip 40,Atorvastatin 40mg,Medicine,Torrent,tablet,No,100,Tablet,,Strip,10,,Box,10,,2
Lipikind 40,Atorvastatin 40mg,Medicine,Mankind,tablet,No,100,Tablet,,Strip,10,,Box,10,,2
Lipikind 20,Atorvastatin 20mg,Medicine,Mankind,tablet,No,100,Tablet,,Strip,10,,Box,10,,2
Storvas 5,Atorvastatin 5mg,Medicine,Sun Pharma,tablet,No,100,Tablet,,Strip,10,,Box,10,,2
Storvas 40,Atorvastatin 40mg,Medicine,Sun Pharma,tablet,No,100,Tablet,,Strip,10,,Box,10,,2
Tonact 5,Atorvastatin 5mg,Medicine,Lupin,tablet,No,100,Tablet,,Strip,10,,Box,10,,2
Storvas 80,Atorvastatin 80mg,Medicine,Sun Pharma,tablet,No,100,Tablet,,Strip,10,,Box,10,,2
Tonact 40,Atorvastatin 40mg,Medicine,Lupin,tablet,No,100,Tablet,,Strip,10,,Box,10,,2
Tonact 20,Atorvastatin 20mg,Medicine,Lupin,tablet,No,100,Tablet,,Strip,10,,Box,10,,2
Atocor 10,Atorvastatin 10mg,Medicine,Dr. Reddy's,tablet,No,100,Tablet,,Strip,10,,Box,10,,2
Atocor 5,Atorvastatin 5mg,Medicine,Dr. Reddy's,tablet,No,100,Tablet,,Strip,10,,Box,10,,2
Atocor 40,Atorvastatin 40mg,Medicine,Dr. Reddy's,tablet,No,100,Tablet,,Strip,10,,Box,10,,2
Lipvas 20,Atorvastatin 20mg,Medicine,Cipla,tablet,No,100,Tablet,,Strip,10,,Box,10,,2
Atorva 5,Atorvastatin 5mg,Medicine,Zydus,tablet,No,100,Tablet,,Strip,10,,Box,10,,2
Lipvas 40,Atorvastatin 40mg,Medicine,Cipla,tablet,No,100,Tablet,,Strip,10,,Box,10,,2
Atorva 80,Atorvastatin 80mg,Medicine,Zydus,tablet,No,100,Tablet,,Strip,10,,Box,10,,2
Atorvastatin 20mg,Atorvastatin 20mg,Medicine,,tablet,No,100,Tablet,,Strip,10,,Box,10,,2
Atorvastatin 5mg,Atorvastatin 5mg,Medicine,,tablet,No,100,Tablet,,Strip,10,,Box,10,,2
Rozavel 5,Rosuvastatin 5mg,Medicine,Sun Pharma,tablet,No,100,Tablet,,Strip,10,,Box,10,,2
Atorvastatin 80mg,Atorvastatin 80mg,Medicine,,tablet,No,100,Tablet,,Strip,10,,Box,10,,2
Rozavel 10,Rosuvastatin 10mg,Medicine,Sun Pharma,tablet,No,100,Tablet,,Strip,10,,Box,10,,2
Rosukind 5,Rosuvastatin 5mg,Medicine,Mankind,tablet,No,100,Tablet,,Strip,10,,Box,10,,2
Rozavel 20,Rosuvastatin 20mg,Medicine,Sun Pharma,tablet,No,100,Tablet,,Strip,10,,Box,10,,2
Rozavel 40,Rosuvastatin 40mg,Medicine,Sun Pharma,tablet,No,100,Tablet,,Strip,10,,Box,10,,2
Rosukind 10,Rosuvastatin 10mg,Medicine,Mankind,tablet,No,100,Tablet,,Strip,10,,Box,10,,2
Rosukind 20,Rosuvastatin 20mg,Medicine,Mankind,tablet,No,100,Tablet,,Strip,10,,Box,10,,2
Rosulip 5,Rosuvastatin 5mg,Medicine,Cipla,tablet,No,100,Tablet,,Strip,10,,Box,10,,2
Rosulip 20,Rosuvastatin 20mg,Medicine,Cipla,tablet,No,100,Tablet,,Strip,10,,Box,10,,2
Rosulip 40,Rosuvastatin 40mg,Medicine,Cipla,tablet,No,100,Tablet,,Strip,10,,Box,10,,2
Rozat 20,Rosuvastatin 20mg,Medicine,Lupin,tablet,No,100,Tablet,,Strip,10,,Box,10,,2
Rozat 5,Rosuvastatin 5mg,Medicine,Lupin,tablet,No,100,Tablet,,Strip,10,,Box,10,,2
Crestor 20,Rosuvastatin 20mg,Medicine,AstraZeneca,tablet,No,100,Tablet,,Strip,10,,Box,10,,2
Rosuvas 40,Rosuvastatin 40mg,Medicine,Sun Pharma,tablet,No,100,Tablet,,Strip,10,,Box,10,,2
Crestor 5,Rosuvastatin 5mg,Medicine,AstraZeneca,tablet,No,100,Tablet,,Strip,10,,Box,10,,2
Rosuvastatin 40mg,Rosuvastatin 40mg,Medicine,,tablet,No,100,Tablet,,Strip,10,,Box,10,,2
Rozavel-A 10,Rosuvastatin 10mg + Aspirin 75mg,Medicine,Sun Pharma,tablet,No,100,Tablet,,Strip,10,,Box,10,,2
Lipicard 67,Fenofibrate 67mg,Medicine,USV,tablet,No,100,Tablet,,Strip,10,,Box,10,,2
Atorvastatin 10mg + Fenofibrate 160mg,Atorvastatin + Fenofibrate,Medicine,,tablet,No,100,Tablet,,Strip,10,,Box,10,,2
Rosuvastatin 10mg + Fenofibrate 145mg,Rosuvastatin + Fenofibrate,Medicine,,tablet,No,100,Tablet,,Strip,10,,Box,10,,2
Fenolip 145,Fenofibrate 145mg,Medicine,Cipla,tablet,No,100,Tablet,,Strip,10,,Box,10,,2
Lipicard 200,Fenofibrate 200mg,Medicine,USV,tablet,No,100,Tablet,,Strip,10,,Box,10,,2
Fenofibrate 67mg,Fenofibrate 67mg,Medicine,,tablet,No,100,Tablet,,Strip,10,,Box,10,,2
Fenofibrate 145mg,Fenofibrate 145mg,Medicine,,tablet,No,100,Tablet,,Strip,10,,Box,10,,2
Fenolip 200,Fenofibrate 200mg,Medicine,Cipla,tablet,No,100,Tablet,,Strip,10,,Box,10,,2
Fenofibrate 200mg,Fenofibrate 200mg,Medicine,,tablet,No,100,Tablet,,Strip,10,,Box,10,,2
Simvastatin 5mg,Simvastatin 5mg,Medicine,,tablet,No,100,Tablet,,Strip,10,,Box,10,,2
Simvastatin 20mg,Simvastatin 20mg,Medicine,,tablet,No,100,Tablet,,Strip,10,,Box,10,,2
Pitavastatin 1mg,Pitavastatin 1mg,Medicine,,tablet,No,100,Tablet,,Strip,10,,Box,10,,2
Pitavastatin 2mg,Pitavastatin 2mg,Medicine,,tablet,No,100,Tablet,,Strip,10,,Box,10,,2
Ezetimibe 10mg + Rosuvastatin 10mg,Ezetimibe + Rosuvastatin,Medicine,,tablet,No,100,Tablet,,Strip,10,,Box,10,,2
Ezetimibe 10mg + Atorvastatin 10mg,Ezetimibe + Atorvastatin,Medicine,,tablet,No,100,Tablet,,Strip,10,,Box,10,,2
Pitavastatin 4mg,Pitavastatin 4mg,Medicine,,tablet,No,100,Tablet,,Strip,10,,Box,10,,2
Omega-3 Fatty Acids 500mg,Omega-3 Fatty Acids 500mg,Medicine,,capsule,No,100,Capsule,,Strip,10,,Box,10,,2
Ecosprin 325,Aspirin 325mg,Medicine,USV,tablet,No,100,Tablet,,Strip,10,,Box,10,,2
Deplatt 150,Clopidogrel 150mg,Medicine,Torrent,tablet,No,100,Tablet,,Strip,10,,Box,10,,2
Ecosprin-AV 150,Aspirin 150mg + Atorvastatin 20mg,Medicine,USV,tablet,No,100,Tablet,,Strip,10,,Box,10,,2
Clopilet 150,Clopidogrel 150mg,Medicine,Sun Pharma,tablet,No,100,Tablet,,Strip,10,,Box,10,,2
Clavix 75,Clopidogrel 75mg,Medicine,Sun Pharma,tablet,No,100,Tablet,,Strip,10,,Box,10,,2
Ceruvin 75,Clopidogrel 75mg,Medicine,Sun Pharma,tablet,No,100,Tablet,,Strip,10,,Box,10,,2
Ceruvin-A 75,Clopidogrel 75mg + Aspirin 75mg,Medicine,Sun Pharma,tablet,No,100,Tablet,,Strip,10,,Box,10,,2
Prasugrel 5mg,Prasugrel 5mg,Medicine,,tablet,No,100,Tablet,,Strip,10,,Box,10,,2
Clopidogrel 75mg + Atorvastatin 10mg,Clopidogrel + Atorvastatin,Medicine,,tablet,No,100,Tablet,,Strip,10,,Box,10,,2
Ticagrelor 60mg,Ticagrelor 60mg,Medicine,,tablet,No,100,Tablet,,Strip,10,,Box,10,,2
Cilostazol 50mg,Cilostazol 50mg,Medicine,,tablet,No,100,Tablet,,Strip,10,,Box,10,,2
Rivaroxaban 2.5mg,Rivaroxaban 2.5mg,Medicine,,tablet,No,100,Tablet,,Strip,10,,Box,10,,2
Cilostazol 100mg,Cilostazol 100mg,Medicine,,tablet,No,100,Tablet,,Strip,10,,Box,10,,2
Rivaroxaban 15mg,Rivaroxaban 15mg,Medicine,,tablet,No,100,Tablet,,Strip,10,,Box,10,,2
Rivaroxaban 10mg,Rivaroxaban 10mg,Medicine,,tablet,No,100,Tablet,,Strip,10,,Box,10,,2
Apixaban 2.5mg,Apixaban 2.5mg,Medicine,,tablet,No,100,Tablet,,Strip,10,,Box,10,,2
Rivaroxaban 20mg,Rivaroxaban 20mg,Medicine,,tablet,No,100,Tablet,,Strip,10,,Box,10,,2
Dabigatran 75mg,Dabigatran 75mg,Medicine,,capsule,No,100,Capsule,,Strip,10,,Box,10,,2
Apixaban 5mg,Apixaban 5mg,Medicine,,tablet,No,100,Tablet,,Strip,10,,Box,10,,2
Dabigatran 110mg,Dabigatran 110mg,Medicine,,capsule,No,100,Capsule,,Strip,10,,Box,10,,2
Dabigatran 150mg,Dabigatran 150mg,Medicine,,capsule,No,100,Capsule,,Strip,10,,Box,10,,2
Acenocoumarol 1mg,Acenocoumarol 1mg,Medicine,,tablet,No,100,Tablet,,Strip,10,,Box,10,,2
Acenocoumarol 2mg,Acenocoumarol 2mg,Medicine,,tablet,No,100,Tablet,,Strip,10,,Box,10,,2
Warfarin 1mg,Warfarin 1mg,Medicine,,tablet,No,100,Tablet,,Strip,10,,Box,10,,2
Acenocoumarol 3mg,Acenocoumarol 3mg,Medicine,,tablet,No,100,Tablet,,Strip,10,,Box,10,,2
Warfarin 2mg,Warfarin 2mg,Medicine,,tablet,No,100,Tablet,,Strip,10,,Box,10,,2
Warfarin 3mg,Warfarin 3mg,Medicine,,tablet,No,100,Tablet,,Strip,10,,Box,10,,2
Enoxaparin 20mg Injection,Enoxaparin 20mg/0.2ml,Medicine,,vial,No,10,Vial,,,,,,,,1
Enoxaparin 60mg Injection,Enoxaparin 60mg/0.6ml,Medicine,,vial,No,10,Vial,,,,,,,,1
Fondaparinux 2.5mg Injection,Fondaparinux 2.5mg/0.5ml,Medicine,,vial,No,10,Vial,,,,,,,,1
Clexane 60mg,Enoxaparin 60mg/0.6ml,Medicine,Sanofi,vial,No,10,Vial,,,,,,,,1
Dytor 5,Torsemide 5mg,Medicine,Cipla,tablet,No,100,Tablet,,Strip,10,,Box,10,,2
Dytor 40,Torsemide 40mg,Medicine,Cipla,tablet,No,100,Tablet,,Strip,10,,Box,10,,2
Dytor 20,Torsemide 20mg,Medicine,Cipla,tablet,No,100,Tablet,,Strip,10,,Box,10,,2
Dytor 100,Torsemide 100mg,Medicine,Cipla,tablet,No,100,Tablet,,Strip,10,,Box,10,,2
Dytor Plus 20,Torsemide 20mg + Spironolactone 50mg,Medicine,Cipla,tablet,No,100,Tablet,,Strip,10,,Box,10,,2
Torsemide 5mg,Torsemide 5mg,Medicine,,tablet,No,100,Tablet,,Strip,10,,Box,10,,2
Torsemide 20mg,Torsemide 20mg,Medicine,,tablet,No,100,Tablet,,Strip,10,,Box,10,,2
Aldactone 100,Spironolactone 100mg,Medicine,RPG Life Sciences,tablet,No,100,Tablet,,Strip,10,,Box,10,,2
Torsemide 40mg,Torsemide 40mg,Medicine,,tablet,No,100,Tablet,,Strip,10,,Box,10,,2
Spironolactone 100mg,Spironolactone 100mg,Medicine,,tablet,No,100,Tablet,,Strip,10,,Box,10,,2
Spironolactone 25mg + Furosemide 20mg,Spironolactone + Furosemide,Medicine,,tablet,No,100,Tablet,,Strip,10,,Box,10,,2
Furosemide 20mg,Furosemide 20mg,Medicine,,tablet,No,100,Tablet,,Strip,10,,Box,10,,2
Chlorthalidone 6.25mg,Chlorthalidone 6.25mg,Medicine,,tablet,No,100,Tablet,,Strip,10,,Box,10,,2
Furosemide 40mg,Furosemide 40mg,Medicine,,tablet,No,100,Tablet,,Strip,10,,Box,10,,2
Chlorthalidone 12.5mg,Chlorthalidone 12.5mg,Medicine,,tablet,No,100,Tablet,,Strip,10,,Box,10,,2
Indapamide 2.5mg,Indapamide 2.5mg,Medicine,,tablet,No,100,Tablet,,Strip,10,,Box,10,,2
Chlorthalidone 25mg,Chlorthalidone 25mg,Medicine,,tablet,No,100,Tablet,,Strip,10,,Box,10,,2
Monotrate 10,Isosorbide Mononitrate 10mg,Medicine,Sun Pharma,tablet,No,100,Tablet,,Strip,10,,Box,10,,2
Angispan-TR 2.5,Nitroglycerin 2.5mg,Medicine,USV,tablet,No,100,Tablet,,Strip,10,,Box,10,,2
Monotrate 40,Isosorbide Mononitrate 40mg,Medicine,Sun Pharma,tablet,No,100,Tablet,,Strip,10,,Box,10,,2
Nitrocontin 6.4,Nitroglycerin 6.4mg,Medicine,Modi-Mundipharma,tablet,No,100,Tablet,,Strip,10,,Box,10,,2
Angispan-TR 6.5,Nitroglycerin 6.5mg,Medicine,USV,tablet,No,100,Tablet,,Strip,10,,Box,10,,2
Isosorbide Dinitrate 5mg,Isosorbide Dinitrate 5mg,Medicine,,tablet,No,100,Tablet,,Strip,10,,Box,10,,2
Isosorbide Dinitrate 10mg,Isosorbide Dinitrate 10mg,Medicine,,tablet,No,100,Tablet,,Strip,10,,Box,10,,2
Ivabradine 7.5mg,Ivabradine 7.5mg,Medicine,,tablet,No,100,Tablet,,Strip,10,,Box,10,,2
Ivabrad 7.5,Ivabradine 7.5mg,Medicine,Torrent,tablet,No,100,Tablet,,Strip,10,,Box,10,,2
Cordarone 100,Amiodarone 100mg,Medicine,Sanofi,tablet,No,100,Tablet,,Strip,10,,Box,10,,2
Amiodarone 100mg,Amiodarone 100mg,Medicine,,tablet,No,100,Tablet,,Strip,10,,Box,10,,2
Flecainide 50mg,Flecainide 50mg,Medicine,,tablet,No,100,Tablet,,Strip,10,,Box,10,,2
Flecainide 100mg,Flecainide 100mg,Medicine,,tablet,No,100,Tablet,,Strip,10,,Box,10,,2
Sotalol 40mg,Sotalol 40mg,Medicine,,tablet,No,100,Tablet,,Strip,10,,Box,10,,2
Ranolazine 500mg,Ranolazine 500mg,Medicine,,tablet,No,100,Tablet,,Strip,10,,Box,10,,2
Ranolazine 1000mg,Ranolazine 1000mg,Medicine,,tablet,No,100,Tablet,,Strip,10,,Box,10,,2
Sotalol 80mg,Sotalol 80mg,Medicine,,tablet,No,100,Tablet,,Strip,10,,Box,10,,2
Nicorandil 5mg,Nicorandil 5mg,Medicine,,tablet,No,100,Tablet,,Strip,10,,Box,10,,2
Trimetazidine 20mg,Trimetazidine 20mg,Medicine,,tablet,No,100,Tablet,,Strip,10,,Box,10,,2
Nicorandil 10mg,Nicorandil 10mg,Medicine,,tablet,No,100,Tablet,,Strip,10,,Box,10,,2
Digoxin 0.125mg,Digoxin 0.125mg,Medicine,,tablet,No,100,Tablet,,Strip,10,,Box,10,,2
Digoxin Injection 2ml,Digoxin 0.5mg/2ml,Medicine,,vial,No,10,Ampoule,,,,,,,,1
Dopamine Injection 5ml,Dopamine 200mg/5ml,Medicine,,vial,No,10,Ampoule,,,,,,,,1
Nitroglycerin Injection 5ml,Nitroglycerin 25mg/5ml,Medicine,,vial,No,10,Ampoule,,,,,,,,1
Dobutamine Injection 5ml,Dobutamine 250mg/5ml,Medicine,,vial,No,10,Ampoule,,,,,,,,1
Noradrenaline Injection 2ml,Noradrenaline 2mg/2ml,Medicine,,vial,No,10,Ampoule,,,,,,,,1
Tenecteplase 40mg Injection,Tenecteplase 40mg,Medicine,,vial,No,10,Vial,,,,,,,,1
Glycomet 250,Metformin 250mg,Medicine,USV,tablet,No,100,Tablet,,Strip,10,,Box,10,,2
Streptokinase 15 Lakh Injection,Streptokinase 1.5 million IU,Medicine,,vial,No,10,Vial,,,,,,,,1
Glycomet 850,Metformin 850mg,Medicine,USV,tablet,No,100,Tablet,,Strip,10,,Box,10,,2
Glycomet SR 850,Metformin SR 850mg,Medicine,USV,tablet,No,100,Tablet,,Strip,10,,Box,10,,2
Glyciphage 850,Metformin 850mg,Medicine,Franco-Indian,tablet,No,100,Tablet,,Strip,10,,Box,10,,2
Glyciphage SR 1000,Metformin SR 1000mg,Medicine,Franco-Indian,tablet,No,100,Tablet,,Strip,10,,Box,10,,2
Glyciphage 1000,Metformin 1000mg,Medicine,Franco-Indian,tablet,No,100,Tablet,,Strip,10,,Box,10,,2
Glyciphage SR 500,Metformin SR 500mg,Medicine,Franco-Indian,tablet,No,100,Tablet,,Strip,10,,Box,10,,2
Okamet 850,Metformin 850mg,Medicine,Cipla,tablet,No,100,Tablet,,Strip,10,,Box,10,,2
Okamet 1000,Metformin 1000mg,Medicine,Cipla,tablet,No,100,Tablet,,Strip,10,,Box,10,,2
Carbophage SR 1000,Metformin SR 1000mg,Medicine,Torrent,tablet,No,100,Tablet,,Strip,10,,Box,10,,2
Walaphage 500,Metformin 500mg,Medicine,Wallace,tablet,No,100,Tablet,,Strip,10,,Box,10,,2
Carbophage SR 500,Metformin SR 500mg,Medicine,Torrent,tablet,No,100,Tablet,,Strip,10,,Box,10,,2
Walaphage 850,Metformin 850mg,Medicine,Wallace,tablet,No,100,Tablet,,Strip,10,,Box,10,,2
Metformin SR 1000mg,Metformin SR 1000mg,Medicine,,tablet,No,100,Tablet,,Strip,10,,Box,10,,2
Amaryl 3,Glimepiride 3mg,Medicine,Sanofi,tablet,No,100,Tablet,,Strip,10,,Box,10,,2
Amaryl 4,Glimepiride 4mg,Medicine,Sanofi,tablet,No,100,Tablet,,Strip,10,,Box,10,,2
Glimisave 3,Glimepiride 3mg,Medicine,USV,tablet,No,100,Tablet,,Strip,10,,Box,10,,2
Glimisave 4,Glimepiride 4mg,Medicine,USV,tablet,No,100,Tablet,,Strip,10,,Box,10,,2
Zoryl 4,Glimepiride 4mg,Medicine,Intas,tablet,No,100,Tablet,,Strip,10,,Box,10,,2
Zoryl 3,Glimepiride 3mg,Medicine,Intas,tablet,No,100,Tablet,,Strip,10,,Box,10,,2
Glimestar 3,Glimepiride 3mg,Medicine,Mankind,tablet,No,100,Tablet,,Strip,10,,Box,10,,2
Glimulin 1,Glimepiride 1mg,Medicine,Sun Pharma,tablet,No,100,Tablet,,Strip,10,,Box,10,,2
Glimestar 1,Glimepiride 1mg,Medicine,Mankind,tablet,No,100,Tablet,,Strip,10,,Box,10,,2
Glimepiride 3mg,Glimepiride 3mg,Medicine,,tablet,No,100,Tablet,,Strip,10,,Box,10,,2
Glimulin 2,Glimepiride 2mg,Medicine,Sun Pharma,tablet,No,100,Tablet,,Strip,10,,Box,10,,2
Glimisave M1,Glimepiride 1mg + Metformin 500mg,Medicine,USV,tablet,No,100,Tablet,,Strip,10,,Box,10,,2
Glimepiride 4mg,Glimepiride 4mg,Medicine,,tablet,No,100,Tablet,,Strip,10,,Box,10,,2
Amaryl M Forte 1,Glimepiride 1mg + Metformin 1000mg,Medicine,Sanofi,tablet,No,100,Tablet,,Strip,10,,Box,10,,2
Glimisave M2,Glimepiride 2mg + Metformin 500mg,Medicine,USV,tablet,No,100,Tablet,,Strip,10,,Box,10,,2
Zoryl-M2,Glimepiride 2mg + Metformin 500mg,Medicine,Intas,tablet,No,100,Tablet,,Strip,10,,Box,10,,2
Gemer 3,Glimepiride 3mg + Metformin 500mg,Medicine,USV,tablet,No,100,Tablet,,Strip,10,,Box,10,,2
Zoryl-MV2,Glimepiride 2mg + Metformin 500mg + Voglibose 0.2mg,Medicine,Intas,tablet,No,100,Tablet,,Strip,10,,Box,10,,2
Glimepiride 3mg + Metformin 500mg,Glimepiride + Metformin,Medicine,,tablet,No,100,Tablet,,Strip,10,,Box,10,,2
Glimestar-M2,Glimepiride 2mg + Metformin 500mg,Medicine,Mankind,tablet,No,100,Tablet,,Strip,10,,Box,10,,2
Glimepiride 1mg + Metformin 1000mg,Glimepiride + Metformin,Medicine,,tablet,No,100,Tablet,,Strip,10,,Box,10,,2
Diamicron MR 30,Gliclazide MR 30mg,Medicine,Servier,tablet,No,100,Tablet,,Strip,10,,Box,10,,2
Reclide MR 30,Gliclazide MR 30mg,Medicine,Dr. Reddy's,tablet,No,100,Tablet,,Strip,10,,Box,10,,2
Glizid MR 30,Gliclazide MR 30mg,Medicine,Panacea Biotec,tablet,No,100,Tablet,,Strip,10,,Box,10,,2
Reclide MR 60,Gliclazide MR 60mg,Medicine,Dr. Reddy's,tablet,No,100,Tablet,,Strip,10,,Box,10,,2
Gliclazide 40mg,Gliclazide 40mg,Medicine,,tablet,No,100,Tablet,,Strip,10,,Box,10,,2
Glizid MR 60,Gliclazide MR 60mg,Medicine,Panacea Biotec,tablet,No,100,Tablet,,Strip,10,,Box,10,,2
Glibenclamide 2.5mg,Glibenclamide 2.5mg,Medicine,,tablet,No,100,Tablet,,Strip,10,,Box,10,,2
Gliclazide MR 30mg,Gliclazide MR 30mg,Medicine,,tablet,No,100,Tablet,,Strip,10,,Box,10,,2
Gliclazide 80mg,Gliclazide 80mg,Medicine,,tablet,No,100,Tablet,,Strip,10,,Box,10,,2
Glibenclamide 5mg,Glibenclamide 5mg,Medicine,,tablet,No,100,Tablet,,Strip,10,,Box,10,,2
Glipizide 2.5mg,Glipizide 2.5mg,Medicine,,tablet,No,100,Tablet,,Strip,10,,Box,10,,2
Glipizide 5mg,Glipizide 5mg,Medicine,,tablet,No,100,Tablet,,Strip,10,,Box,10,,2
Glucored,Glibenclamide 5mg + Metformin 500mg,Medicine,Sun Pharma,tablet,No,100,Tablet,,Strip,10,,Box,10,,2
Tenepure 20,Teneligliptin 20mg,Medicine,Lupin,tablet,No,100,Tablet,,Strip,10,,Box,10,,2
Zita 10,Teneligliptin 10mg,Medicine,Glenmark,tablet,No,100,Tablet,,Strip,10,,Box,10,,2
Teneza 20,Teneligliptin 20mg,Medicine,Alkem,tablet,No,100,Tablet,,Strip,10,,Box,10,,2
Tenglyn 20,Teneligliptin 20mg,Medicine,Zydus,tablet,No,100,Tablet,,Strip,10,,Box,10,,2
Teneligliptin 20mg + Metformin 500mg,Teneligliptin + Metformin,Medicine,,tablet,No,100,Tablet,,Strip,10,,Box,10,,2
Teneligliptin 20mg + Metformin 1000mg,Teneligliptin + Metformin,Medicine,,tablet,No,100,Tablet,,Strip,10,,Box,10,,2
Zita-Met Plus 20/1000,Teneligliptin 20mg + Metformin 1000mg,Medicine,Glenmark,tablet,No,100,Tablet,,Strip,10,,Box,10,,2
Januvia 25,Sitagliptin 25mg,Medicine,MSD,tablet,No,100,Tablet,,Strip,10,,Box,10,,2
Januvia 50,Sitagliptin 50mg,Medicine,MSD,tablet,No,100,Tablet,,Strip,10,,Box,10,,2
Istavel 50,Sitagliptin 50mg,Medicine,Sun Pharma,tablet,No,100,Tablet,,Strip,10,,Box,10,,2
Istavel 25,Sitagliptin 25mg,Medicine,Sun Pharma,tablet,No,100,Tablet,,Strip,10,,Box,10,,2
Zituvia 50,Sitagliptin 50mg,Medicine,Zydus,tablet,No,100,Tablet,,Strip,10,,Box,10,,2
Sitaglu 50,Sitagliptin 50mg,Medicine,Lupin,tablet,No,100,Tablet,,Strip,10,,Box,10,,2
Istamet 50/1000,Sitagliptin 50mg + Metformin 1000mg,Medicine,Sun Pharma,tablet,No,100,Tablet,,Strip,10,,Box,10,,2
Janumet 50/1000,Sitagliptin 50mg + Metformin 1000mg,Medicine,MSD,tablet,No,100,Tablet,,Strip,10,,Box,10,,2
Sitaglu 100,Sitagliptin 100mg,Medicine,Lupin,tablet,No,100,Tablet,,Strip,10,,Box,10,,2
Sitagliptin 50mg + Metformin 1000mg,Sitagliptin + Metformin,Medicine,,tablet,No,100,Tablet,,Strip,10,,Box,10,,2
Zituvimet 50/500,Sitagliptin 50mg + Metformin 500mg,Medicine,Zydus,tablet,No,100,Tablet,,Strip,10,,Box,10,,2
Galvus 100,Vildagliptin 100mg,Medicine,Novartis,tablet,No,100,Tablet,,Strip,10,,Box,10,,2
Zomelis 100,Vildagliptin 100mg,Medicine,Torrent,tablet,No,100,Tablet,,Strip,10,,Box,10,,2
Vysov 50,Vildagliptin 50mg,Medicine,Emcure,tablet,No,100,Tablet,,Strip,10,,Box,10,,2
Jalra 100,Vildagliptin 100mg,Medicine,USV,tablet,No,100,Tablet,,Strip,10,,Box,10,,2
Jalra-M 50/500,Vildagliptin 50mg + Metformin 500mg,Medicine,USV,tablet,No,100,Tablet,,Strip,10,,Box,10,,2
Galvus Met 50/1000,Vildagliptin 50mg + Metformin 1000mg,Medicine,Novartis,tablet,No,100,Tablet,,Strip,10,,Box,10,,2
Vildagliptin 50mg + Metformin 1000mg,Vildagliptin + Metformin,Medicine,,tablet,No,100,Tablet,,Strip,10,,Box,10,,2
Trajenta 2.5,Linagliptin 2.5mg,Medicine,Boehringer Ingelheim,tablet,No,100,Tablet,,Strip,10,,Box,10,,2
Trajenta Duo 2.5/500,Linagliptin 2.5mg + Metformin 500mg,Medicine,Boehringer Ingelheim,tablet,No,100,Tablet,,Strip,10,,Box,10,,2
Linagliptin 2.5mg + Metformin 500mg,Linagliptin + Metformin,Medicine,,tablet,No,100,Tablet,,Strip,10,,Box,10,,2
Saxagliptin 2.5mg,Saxagliptin 2.5mg,Medicine,,tablet,No,100,Tablet,,Strip,10,,Box,10,,2
Saxagliptin 5mg,Saxagliptin 5mg,Medicine,,tablet,No,100,Tablet,,Strip,10,,Box,10,,2
Alogliptin 25mg,Alogliptin 25mg,Medicine,,tablet,No,100,Tablet,,Strip,10,,Box,10,,2
Alogliptin 12.5mg,Alogliptin 12.5mg,Medicine,,tablet,No,100,Tablet,,Strip,10,,Box,10,,2
Forxiga 5,Dapagliflozin 5mg,Medicine,AstraZeneca,tablet,No,100,Tablet,,Strip,10,,Box,10,,2
Oxra 5,Dapagliflozin 5mg,Medicine,Sun Pharma,tablet,No,100,Tablet,,Strip,10,,Box,10,,2
Dapanorm 10,Dapagliflozin 10mg,Medicine,Intas,tablet,No,100,Tablet,,Strip,10,,Box,10,,2
Dapanorm 5,Dapagliflozin 5mg,Medicine,Intas,tablet,No,100,Tablet,,Strip,10,,Box,10,,2
Dapagliflozin 10mg + Metformin 1000mg,Dapagliflozin + Metformin,Medicine,,tablet,No,100,Tablet,,Strip,10,,Box,10,,2
Oxramet 10/500,Dapagliflozin 10mg + Metformin 500mg,Medicine,Sun Pharma,tablet,No,100,Tablet,,Strip,10,,Box,10,,2
Dapagliflozin 10mg + Sitagliptin 100mg,Dapagliflozin + Sitagliptin,Medicine,,tablet,No,100,Tablet,,Strip,10,,Box,10,,2
Empagliflozin 12.5mg,Empagliflozin 12.5mg,Medicine,,tablet,No,100,Tablet,,Strip,10,,Box,10,,2
Jardiance 25,Empagliflozin 25mg,Medicine,Boehringer Ingelheim,tablet,No,100,Tablet,,Strip,10,,Box,10,,2
Empagliflozin 12.5mg + Metformin 500mg,Empagliflozin + Metformin,Medicine,,tablet,No,100,Tablet,,Strip,10,,Box,10,,2
Empagliflozin 25mg,Empagliflozin 25mg,Medicine,,tablet,No,100,Tablet,,Strip,10,,Box,10,,2
Canagliflozin 300mg,Canagliflozin 300mg,Medicine,,tablet,No,100,Tablet,,Strip,10,,Box,10,,2
Canagliflozin 100mg,Canagliflozin 100mg,Medicine,,tablet,No,100,Tablet,,Strip,10,,Box,10,,2
Pioz 30,Pioglitazone 30mg,Medicine,USV,tablet,No,100,Tablet,,Strip,10,,Box,10,,2
Pioz 7.5,Pioglitazone 7.5mg,Medicine,USV,tablet,No,100,Tablet,,Strip,10,,Box,10,,2
Pioglitazone 7.5mg,Pioglitazone 7.5mg,Medicine,,tablet,No,100,Tablet,,Strip,10,,Box,10,,2
Pioglitazone 30mg,Pioglitazone 30mg,Medicine,,tablet,No,100,Tablet,,Strip,10,,Box,10,,2
Volix 0.2,Voglibose 0.2mg,Medicine,Sun Pharma,tablet,No,100,Tablet,,Strip,10,,Box,10,,2
Voglibose 0.2mg + Metformin 500mg,Voglibose + Metformin,Medicine,,tablet,No,100,Tablet,,Strip,10,,Box,10,,2
Acarbose 25mg,Acarbose 25mg,Medicine,,tablet,No,100,Tablet,,Strip,10,,Box,10,,2
Acarbose 100mg,Acarbose 100mg,Medicine,,tablet,No,100,Tablet,,Strip,10,,Box,10,,2
Repaglinide 0.5mg,Repaglinide 0.5mg,Medicine,,tablet,No,100,Tablet,,Strip,10,,Box,10,,2
Repaglinide 1mg,Repaglinide 1mg,Medicine,,tablet,No,100,Tablet,,Strip,10,,Box,10,,2
Nateglinide 120mg,Nateglinide 120mg,Medicine,,tablet,No,100,Tablet,,Strip,10,,Box,10,,2
Nateglinide 60mg,Nateglinide 60mg,Medicine,,tablet,No,100,Tablet,,Strip,10,,Box,10,,2
Repaglinide 2mg,Repaglinide 2mg,Medicine,,tablet,No,100,Tablet,,Strip,10,,Box,10,,2
Actrapid Vial 40 IU,Human Insulin Regular 40 IU/ml,Medicine,Novo Nordisk,vial,No,10,Vial,,,,,,,,1
Mixtard 30/70 Vial 40 IU,Human Insulin 30/70 40 IU/ml,Medicine,Novo Nordisk,vial,No,10,Vial,,,,,,,,1
Insugen 30/70 Vial 40 IU,Human Insulin 30/70 40 IU/ml,Medicine,Biocon,vial,No,10,Vial,,,,,,,,1
Insulatard Vial 40 IU,Human Insulin Isophane 40 IU/ml,Medicine,Novo Nordisk,vial,No,10,Vial,,,,,,,,1
Huminsulin N Vial 40 IU,Human Insulin Isophane 40 IU/ml,Medicine,Eli Lilly,vial,No,10,Vial,,,,,,,,1
Huminsulin R Vial 40 IU,Human Insulin Regular 40 IU/ml,Medicine,Eli Lilly,vial,No,10,Vial,,,,,,,,1
Glaritus Vial 10ml,Insulin Glargine 100 IU/ml,Medicine,Wockhardt,vial,No,10,Vial,,,,,,,,1
Basalog Vial 10ml,Insulin Glargine 100 IU/ml,Medicine,Biocon,vial,No,10,Vial,,,,,,,,1
Insugen-N Vial 40 IU,Human Insulin Isophane 40 IU/ml,Medicine,Biocon,vial,No,10,Vial,,,,,,,,1
Glaritus Penfill 3ml,Insulin Glargine 100 IU/ml,Medicine,Wockhardt,vial,No,10,Vial,,,,,,,,1
Toujeo SoloStar 1.5ml,Insulin Glargine 300 IU/ml,Medicine,Sanofi,vial,No,10,Vial,,,,,,,,1
Apidra SoloStar 3ml,Insulin Glulisine 100 IU/ml,Medicine,Sanofi,vial,No,10,Vial,,,,,,,,1
Lantus SoloStar 3ml,Insulin Glargine 100 IU/ml,Medicine,Sanofi,vial,No,10,Vial,,,,,,,,1
Insulin Glargine Vial 10ml,Insulin Glargine 100 IU/ml,Medicine,,vial,No,10,Vial,,,,,,,,1
Insulin Aspart Penfill 3ml,Insulin Aspart 100 IU/ml,Medicine,,vial,No,10,Vial,,,,,,,,1
NovoMix 50 Penfill 3ml,Insulin Aspart 50/50 100 IU/ml,Medicine,Novo Nordisk,vial,No,10,Vial,,,,,,,,1
Humalog Mix 25 Penfill 3ml,Insulin Lispro Mix 25 100 IU/ml,Medicine,Eli Lilly,vial,No,10,Vial,,,,,,,,1
Insulin Syringe 0.5ml 40 IU,Insulin syringe with needle,Consumable,,box,No,10,Piece,,,,,,,,1
Insulin Pen Needle 32G,Pen needle for insulin pens,Consumable,,box,No,10,Piece,,,,,,,,1
Semaglutide 3mg,Semaglutide 3mg,Medicine,,tablet,No,100,Tablet,,Strip,10,,Box,10,,2
Liraglutide 6mg/ml Pen 3ml,Liraglutide 18mg/3ml,Medicine,,vial,No,10,Vial,,,,,,,,1
Alpha Lipoic Acid 300mg,Alpha Lipoic Acid 300mg,Medicine,,tablet,No,100,Tablet,,Strip,10,,Box,10,,2
Alpha Lipoic Acid 600mg,Alpha Lipoic Acid 600mg,Medicine,,tablet,No,100,Tablet,,Strip,10,,Box,10,,2
Alpha Lipoic Acid with Methylcobalamin,Alpha Lipoic Acid + Methylcobalamin + Vitamins,Medicine,,capsule,No,100,Capsule,,Strip,10,,Box,10,,2
Thyronorm 112mcg,Levothyroxine 112mcg,Medicine,Abbott,tablet,No,100,Tablet,,Strip,10,,Box,10,,2
Thyronorm 88mcg,Levothyroxine 88mcg,Medicine,Abbott,tablet,No,100,Tablet,,Strip,10,,Box,10,,2
Thyronorm 150mcg,Levothyroxine 150mcg,Medicine,Abbott,tablet,No,100,Tablet,,Strip,10,,Box,10,,2
Eltroxin 25mcg,Levothyroxine 25mcg,Medicine,GSK,tablet,No,100,Tablet,,Strip,10,,Box,10,,2
Eltroxin 125mcg,Levothyroxine 125mcg,Medicine,GSK,tablet,No,100,Tablet,,Strip,10,,Box,10,,2
Eltroxin 75mcg,Levothyroxine 75mcg,Medicine,GSK,tablet,No,100,Tablet,,Strip,10,,Box,10,,2
Thyrox 25mcg,Levothyroxine 25mcg,Medicine,Macleods,tablet,No,100,Tablet,,Strip,10,,Box,10,,2
Thyrox 125mcg,Levothyroxine 125mcg,Medicine,Macleods,tablet,No,100,Tablet,,Strip,10,,Box,10,,2
Thyrox 100mcg,Levothyroxine 100mcg,Medicine,Macleods,tablet,No,100,Tablet,,Strip,10,,Box,10,,2
Thyrox 75mcg,Levothyroxine 75mcg,Medicine,Macleods,tablet,No,100,Tablet,,Strip,10,,Box,10,,2
Thyrofit 50mcg,Levothyroxine 50mcg,Medicine,Lupin,tablet,No,100,Tablet,,Strip,10,,Box,10,,2
Thyrofit 25mcg,Levothyroxine 25mcg,Medicine,Lupin,tablet,No,100,Tablet,,Strip,10,,Box,10,,2
Levothyroxine 12.5mcg,Levothyroxine 12.5mcg,Medicine,,tablet,No,100,Tablet,,Strip,10,,Box,10,,2
Levothyroxine 62.5mcg,Levothyroxine 62.5mcg,Medicine,,tablet,No,100,Tablet,,Strip,10,,Box,10,,2
Thyrofit 100mcg,Levothyroxine 100mcg,Medicine,Lupin,tablet,No,100,Tablet,,Strip,10,,Box,10,,2
Levothyroxine 75mcg,Levothyroxine 75mcg,Medicine,,tablet,No,100,Tablet,,Strip,10,,Box,10,,2
Levothyroxine 88mcg,Levothyroxine 88mcg,Medicine,,tablet,No,100,Tablet,,Strip,10,,Box,10,,2
Levothyroxine 150mcg,Levothyroxine 150mcg,Medicine,,tablet,No,100,Tablet,,Strip,10,,Box,10,,2
Levothyroxine 112mcg,Levothyroxine 112mcg,Medicine,,tablet,No,100,Tablet,,Strip,10,,Box,10,,2
Levothyroxine 200mcg,Levothyroxine 200mcg,Medicine,,tablet,No,100,Tablet,,Strip,10,,Box,10,,2
Carbimazole 10mg,Carbimazole 10mg,Medicine,,tablet,No,100,Tablet,,Strip,10,,Box,10,,2
Methimazole 10mg,Methimazole 10mg,Medicine,,tablet,No,100,Tablet,,Strip,10,,Box,10,,2
Carbimazole 20mg,Carbimazole 20mg,Medicine,,tablet,No,100,Tablet,,Strip,10,,Box,10,,2
Cabergoline 1mg,Cabergoline 1mg,Medicine,,tablet,No,100,Tablet,,Strip,10,,Box,10,,2
Cabergoline 0.25mg,Cabergoline 0.25mg,Medicine,,tablet,No,100,Tablet,,Strip,10,,Box,10,,2
Propylthiouracil 100mg,Propylthiouracil 100mg,Medicine,,tablet,No,100,Tablet,,Strip,10,,Box,10,,2
Bromocriptine 5mg,Bromocriptine 5mg,Medicine,,tablet,No,100,Tablet,,Strip,10,,Box,10,,2
Bromocriptine 1.25mg,Bromocriptine 1.25mg,Medicine,,tablet,No,100,Tablet,,Strip,10,,Box,10,,2
Fludrocortisone 0.1mg,Fludrocortisone 0.1mg,Medicine,,tablet,No,100,Tablet,,Strip,10,,Box,10,,2
Desmopressin 0.1mg,Desmopressin 0.1mg,Medicine,,tablet,No,100,Tablet,,Strip,10,,Box,10,,2
Desmopressin 0.2mg,Desmopressin 0.2mg,Medicine,,tablet,No,100,Tablet,,Strip,10,,Box,10,,2
Alendronate 35mg,Alendronate 35mg,Medicine,,tablet,No,100,Tablet,,Strip,10,,Box,10,,2
Alendronate 70mg,Alendronate 70mg,Medicine,,tablet,No,100,Tablet,,Strip,10,,Box,10,,2
Risedronate 150mg,Risedronate 150mg,Medicine,,tablet,No,100,Tablet,,Strip,10,,Box,10,,2
Risedronate 35mg,Risedronate 35mg,Medicine,,tablet,No,100,Tablet,,Strip,10,,Box,10,,2
Ibandronate 150mg,Ibandronate 150mg,Medicine,,tablet,No,100,Tablet,,Strip,10,,Box,10,,2
Teriparatide 20mcg,Teriparatide 20mcg,Medicine,,tablet,No,100,Tablet,,Strip,10,,Box,10,,2
Zoledronic Acid 4mg Injection,Zoledronic Acid 4mg/5ml,Medicine,,vial,No,10,Vial,,,,,,,,1
Zoledronic Acid 5mg Infusion 100ml,Zoledronic Acid 5mg/100ml,Medicine,,vial,No,10,Vial,,,,,,,,1
Calcitriol 0.5mcg,Calcitriol 0.5mcg,Medicine,,tablet,No,100,Tablet,,Strip,10,,Box,10,,2
Calcitriol 0.25mcg,Calcitriol 0.25mcg,Medicine,,tablet,No,100,Tablet,,Strip,10,,Box,10,,2
Alfacalcidol 0.5mcg,Alfacalcidol 0.5mcg,Medicine,,capsule,No,100,Capsule,,Strip,10,,Box,10,,2
Alfacalcidol 1mcg,Alfacalcidol 1mcg,Medicine,,capsule,No,100,Capsule,,Strip,10,,Box,10,,2
Raloxifene 60mg,Raloxifene 60mg,Medicine,,tablet,No,100,Tablet,,Strip,10,,Box,10,,2
Calcium Citrate 1000mg with Vitamin D3,Calcium Citrate with Vitamin D3,Medicine,,tablet,No,100,Tablet,,Strip,10,,Box,10,,2
Calcium Carbonate 1250mg,Calcium Carbonate 1250mg,Medicine,,tablet,No,100,Tablet,,Strip,10,,Box,10,,2
Calcium Sachet with Vitamin K2-7,Calcium with Vitamin D3 and K2-7,Medicine,,sachet,No,30,Sachet,,Strip,10,,Box,10,,2
Cholecalciferol 60000 IU Oral Solution 5ml,"Cholecalciferol 60,000 IU",Medicine,,sachet,No,30,Sachet,,Strip,10,,Box,10,,2
Cholecalciferol 2000 IU,Cholecalciferol 2000 IU,Medicine,,tablet,No,100,Tablet,,Strip,10,,Box,10,,2
Mox 125,Amoxicillin 125mg,Medicine,Sun Pharma,capsule,No,100,Capsule,,Strip,10,,Box,10,,2
Mox Dry Syrup 30ml,Amoxicillin 125mg/5ml,Medicine,Sun Pharma,bottle,No,10,Bottle,,,,,,,,1
Cholecalciferol 5000 IU,Cholecalciferol 5000 IU,Medicine,,tablet,No,100,Tablet,,Strip,10,,Box,10,,2
Amoxicillin 250mg,Amoxicillin 250mg,Medicine,,capsule,No,100,Capsule,,Strip,10,,Box,10,,2
Clavam 1000,Amoxicillin + Clavulanic Acid 1000mg,Medicine,Alkem,tablet,No,100,Tablet,,Strip,10,,Box,10,,2
Mox Forte Dry Syrup 30ml,Amoxicillin 250mg/5ml,Medicine,Sun Pharma,bottle,No,10,Bottle,,,,,,,,1
Amoxicillin Dry Syrup 60ml,Amoxicillin 125mg/5ml,Medicine,,bottle,No,10,Bottle,,,,,,,,1
Clavam BID 1g,Amoxicillin 875mg + Clavulanic Acid 125mg,Medicine,Alkem,tablet,No,100,Tablet,,Strip,10,,Box,10,,2
Moxikind-CV 375,Amoxicillin 250mg + Clavulanic Acid 125mg,Medicine,Mankind,tablet,No,100,Tablet,,Strip,10,,Box,10,,2
Moxikind-CV 1g,Amoxicillin 875mg + Clavulanic Acid 125mg,Medicine,Mankind,tablet,No,100,Tablet,,Strip,10,,Box,10,,2
Advent 1g,Amoxicillin 875mg + Clavulanic Acid 125mg,Medicine,Cipla,tablet,No,100,Tablet,,Strip,10,,Box,10,,2
Augmentin 375,Amoxicillin 250mg + Clavulanic Acid 125mg,Medicine,GSK,tablet,No,100,Tablet,,Strip,10,,Box,10,,2
Advent 375,Amoxicillin 250mg + Clavulanic Acid 125mg,Medicine,Cipla,tablet,No,100,Tablet,,Strip,10,,Box,10,,2
Moxikind-CV DDS Dry Syrup 30ml,Amoxicillin 400mg + Clavulanate 57mg per 5ml,Medicine,Mankind,bottle,No,10,Bottle,,,,,,,,1
Augmentin Dry Syrup 30ml,Amoxicillin 200mg + Clavulanate 28.5mg per 5ml,Medicine,GSK,bottle,No,10,Bottle,,,,,,,,1
Clavam DDS Dry Syrup 30ml,Amoxicillin 400mg + Clavulanate 57mg per 5ml,Medicine,Alkem,bottle,No,10,Bottle,,,,,,,,1
Amoxicillin 875mg + Clavulanic Acid 125mg,Amoxicillin + Clavulanic Acid,Medicine,,tablet,No,100,Tablet,,Strip,10,,Box,10,,2
Augmentin DDS Dry Syrup 30ml,Amoxicillin 400mg + Clavulanate 57mg per 5ml,Medicine,GSK,bottle,No,10,Bottle,,,,,,,,1
Amoxicillin 250mg + Cloxacillin 250mg,Amoxicillin + Cloxacillin,Medicine,,capsule,No,100,Capsule,,Strip,10,,Box,10,,2
Amoxicillin 250mg + Clavulanic Acid 125mg,Amoxicillin + Clavulanic Acid,Medicine,,tablet,No,100,Tablet,,Strip,10,,Box,10,,2
Ampilox 500,Ampicillin 250mg + Cloxacillin 250mg,Medicine,Zydus,capsule,No,100,Capsule,,Strip,10,,Box,10,,2
Cloxacillin 250mg,Cloxacillin 250mg,Medicine,,capsule,No,100,Capsule,,Strip,10,,Box,10,,2
Ampicillin + Sulbactam 1.5g Injection,Ampicillin 1g + Sulbactam 500mg,Medicine,,vial,No,10,Vial,,,,,,,,1
Benzathine Penicillin 6 Lakh,"Benzathine Penicillin 6,00,000 IU",Medicine,,vial,No,10,Vial,,,,,,,,1
Ampicillin 250mg Injection,Ampicillin 250mg,Medicine,,vial,No,10,Vial,,,,,,,,1
Crystalline Penicillin 5 Lakh,"Benzylpenicillin 5,00,000 IU",Medicine,,vial,No,10,Vial,,,,,,,,1
Taxim-O 50,Cefixime 50mg,Medicine,Alkem,tablet,No,100,Tablet,,Strip,10,,Box,10,,2
Zifi 50,Cefixime 50mg,Medicine,FDC,tablet,No,100,Tablet,,Strip,10,,Box,10,,2
Procaine Penicillin 4 Lakh,"Procaine Penicillin 4,00,000 IU",Medicine,,vial,No,10,Vial,,,,,,,,1
Zifi 100,Cefixime 100mg,Medicine,FDC,tablet,No,100,Tablet,,Strip,10,,Box,10,,2
Cefspan 100,Cefixime 100mg,Medicine,Sun Pharma,tablet,No,100,Tablet,,Strip,10,,Box,10,,2
Mahacef 100,Cefixime 100mg,Medicine,Mankind,tablet,No,100,Tablet,,Strip,10,,Box,10,,2
Mahacef Dry Syrup 30ml,Cefixime 50mg/5ml,Medicine,Mankind,bottle,No,10,Bottle,,,,,,,,1
Cefspan 200,Cefixime 200mg,Medicine,Sun Pharma,tablet,No,100,Tablet,,Strip,10,,Box,10,,2
Cefixime 400mg,Cefixime 400mg,Medicine,,tablet,No,100,Tablet,,Strip,10,,Box,10,,2
Cefixime Dry Syrup 50ml,Cefixime 100mg/5ml,Medicine,,bottle,No,10,Bottle,,,,,,,,1
Zifi-O 200,Cefixime 200mg + Ofloxacin 200mg,Medicine,FDC,tablet,No,100,Tablet,,Strip,10,,Box,10,,2
Cefixime 200mg + Azithromycin 250mg,Cefixime + Azithromycin,Medicine,,tablet,No,100,Tablet,,Strip,10,,Box,10,,2
Taxim-O 200 DT,Cefixime 200mg dispersible,Medicine,Alkem,tablet,No,100,Tablet,,Strip,10,,Box,10,,2
Cefixime 200mg + Clavulanic Acid 125mg,Cefixime + Clavulanic Acid,Medicine,,tablet,No,100,Tablet,,Strip,10,,Box,10,,2
Cepodem 50,Cefpodoxime 50mg,Medicine,Alkem,tablet,No,100,Tablet,,Strip,10,,Box,10,,2
Monocef-O 50,Cefpodoxime 50mg,Medicine,Aristo,tablet,No,100,Tablet,,Strip,10,,Box,10,,2
Cepodem 100,Cefpodoxime 100mg,Medicine,Alkem,tablet,No,100,Tablet,,Strip,10,,Box,10,,2
Podocef 100,Cefpodoxime 100mg,Medicine,Zydus,tablet,No,100,Tablet,,Strip,10,,Box,10,,2
Monocef-O 100,Cefpodoxime 100mg,Medicine,Aristo,tablet,No,100,Tablet,,Strip,10,,Box,10,,2
Cefpodoxime 200mg + Clavulanic Acid 125mg,Cefpodoxime + Clavulanic Acid,Medicine,,tablet,No,100,Tablet,,Strip,10,,Box,10,,2
Cefpodoxime Dry Syrup 30ml,Cefpodoxime 50mg/5ml,Medicine,,bottle,No,10,Bottle,,,,,,,,1
Podocef 200,Cefpodoxime 200mg,Medicine,Zydus,tablet,No,100,Tablet,,Strip,10,,Box,10,,2
Cefpodoxime 200mg + Ofloxacin 200mg,Cefpodoxime + Ofloxacin,Medicine,,tablet,No,100,Tablet,,Strip,10,,Box,10,,2
Altacef 250,Cefuroxime 250mg,Medicine,Glenmark,tablet,No,100,Tablet,,Strip,10,,Box,10,,2
Cefasyn 250,Cefuroxime 250mg,Medicine,Zydus,tablet,No,100,Tablet,,Strip,10,,Box,10,,2
Ceftum 125,Cefuroxime 125mg,Medicine,GSK,tablet,No,100,Tablet,,Strip,10,,Box,10,,2
Cefuroxime Axetil 250mg,Cefuroxime Axetil 250mg,Medicine,,tablet,No,100,Tablet,,Strip,10,,Box,10,,2
Cefasyn 500,Cefuroxime 500mg,Medicine,Zydus,tablet,No,100,Tablet,,Strip,10,,Box,10,,2
Cefuroxime 750mg Injection,Cefuroxime 750mg,Medicine,,vial,No,10,Vial,,,,,,,,1
Cefuroxime 500mg + Clavulanic Acid 125mg,Cefuroxime + Clavulanic Acid,Medicine,,tablet,No,100,Tablet,,Strip,10,,Box,10,,2
Monocef 250mg Injection,Ceftriaxone 250mg,Medicine,Aristo,vial,No,10,Vial,,,,,,,,1
Supacef 750mg Injection,Cefuroxime 750mg,Medicine,GSK,vial,No,10,Vial,,,,,,,,1
Monocef 2g Injection,Ceftriaxone 2g,Medicine,Aristo,vial,No,10,Vial,,,,,,,,1
Xone-SB 1.5g Injection,Ceftriaxone 1g + Sulbactam 500mg,Medicine,Alkem,vial,No,10,Vial,,,,,,,,1
Oframax Forte 1.5g Injection,Ceftriaxone 1g + Sulbactam 500mg,Medicine,Sun Pharma,vial,No,10,Vial,,,,,,,,1
Cefepime + Tazobactam 1.125g Injection,Cefepime 1g + Tazobactam 125mg,Medicine,,vial,No,10,Vial,,,,,,,,1
Cefoperazone 1g Injection,Cefoperazone 1g,Medicine,,vial,No,10,Vial,,,,,,,,1
Ceftazidime 500mg Injection,Ceftazidime 500mg,Medicine,,vial,No,10,Vial,,,,,,,,1
Ceftriaxone 500mg + Sulbactam 250mg Injection,Ceftriaxone + Sulbactam,Medicine,,vial,No,10,Vial,,,,,,,,1
Ceftriaxone + Tazobactam 1.125g Injection,Ceftriaxone 1g + Tazobactam 125mg,Medicine,,vial,No,10,Vial,,,,,,,,1
Cefadroxil 500mg,Cefadroxil 500mg,Medicine,,capsule,No,100,Capsule,,Strip,10,,Box,10,,2
Cephalexin Dry Syrup 60ml,Cephalexin 125mg/5ml,Medicine,,bottle,No,10,Bottle,,,,,,,,1
Cephalexin 250mg,Cephalexin 250mg,Medicine,,capsule,No,100,Capsule,,Strip,10,,Box,10,,2
Cefadroxil Dry Syrup 30ml,Cefadroxil 125mg/5ml,Medicine,,bottle,No,10,Bottle,,,,,,,,1
Azee 200,Azithromycin 200mg,Medicine,Cipla,tablet,No,100,Tablet,,Strip,10,,Box,10,,2
Azee 100,Azithromycin 100mg,Medicine,Cipla,tablet,No,100,Tablet,,Strip,10,,Box,10,,2
Azee 1000,Azithromycin 1000mg,Medicine,Cipla,tablet,No,100,Tablet,,Strip,10,,Box,10,,2
Azithral 100,Azithromycin 100mg,Medicine,Alembic,tablet,No,100,Tablet,,Strip,10,,Box,10,,2
Azithral 200,Azithromycin 200mg,Medicine,Alembic,tablet,No,100,Tablet,,Strip,10,,Box,10,,2
Zithrox 250,Azithromycin 250mg,Medicine,FDC,tablet,No,100,Tablet,,Strip,10,,Box,10,,2
Azithral 1000,Azithromycin 1000mg,Medicine,Alembic,tablet,No,100,Tablet,,Strip,10,,Box,10,,2
Azicip 250,Azithromycin 250mg,Medicine,Cipla,tablet,No,100,Tablet,,Strip,10,,Box,10,,2
Aziwok 250,Azithromycin 250mg,Medicine,Wockhardt,tablet,No,100,Tablet,,Strip,10,,Box,10,,2
Azee Dry Syrup 100mg 15ml,Azithromycin 100mg/5ml,Medicine,Cipla,bottle,No,10,Bottle,,,,,,,,1
Aziwok 500,Azithromycin 500mg,Medicine,Wockhardt,tablet,No,100,Tablet,,Strip,10,,Box,10,,2
Claribid 250,Clarithromycin 250mg,Medicine,Pfizer,tablet,No,100,Tablet,,Strip,10,,Box,10,,2
Azithral Liquid 100mg 15ml,Azithromycin 100mg/5ml,Medicine,Alembic,bottle,No,10,Bottle,,,,,,,,1
Roxid 50,Roxithromycin 50mg,Medicine,Alembic,tablet,No,100,Tablet,,Strip,10,,Box,10,,2
Clarithromycin Dry Syrup 30ml,Clarithromycin 125mg/5ml,Medicine,,bottle,No,10,Bottle,,,,,,,,1
Clarimac 250,Clarithromycin 250mg,Medicine,Macleods,tablet,No,100,Tablet,,Strip,10,,Box,10,,2
Roxithromycin 150mg,Roxithromycin 150mg,Medicine,,tablet,No,100,Tablet,,Strip,10,,Box,10,,2
Roxithromycin 300mg,Roxithromycin 300mg,Medicine,,tablet,No,100,Tablet,,Strip,10,,Box,10,,2
Roxid 300,Roxithromycin 300mg,Medicine,Alembic,tablet,No,100,Tablet,,Strip,10,,Box,10,,2
Althrocin 250,Erythromycin 250mg,Medicine,Alembic,tablet,No,100,Tablet,,Strip,10,,Box,10,,2
Erythromycin 500mg,Erythromycin 500mg,Medicine,,tablet,No,100,Tablet,,Strip,10,,Box,10,,2
Erythromycin 250mg,Erythromycin 250mg,Medicine,,tablet,No,100,Tablet,,Strip,10,,Box,10,,2
Levoflox 250,Levofloxacin 250mg,Medicine,Cipla,tablet,No,100,Tablet,,Strip,10,,Box,10,,2
Levotas 250,Levofloxacin 250mg,Medicine,Intas,tablet,No,100,Tablet,,Strip,10,,Box,10,,2
Levotas 750,Levofloxacin 750mg,Medicine,Intas,tablet,No,100,Tablet,,Strip,10,,Box,10,,2
Glevo 750,Levofloxacin 750mg,Medicine,Glenmark,tablet,No,100,Tablet,,Strip,10,,Box,10,,2
Glevo 250,Levofloxacin 250mg,Medicine,Glenmark,tablet,No,100,Tablet,,Strip,10,,Box,10,,2
Loxof 750,Levofloxacin 750mg,Medicine,Zydus,tablet,No,100,Tablet,,Strip,10,,Box,10,,2
Loxof 250,Levofloxacin 250mg,Medicine,Zydus,tablet,No,100,Tablet,,Strip,10,,Box,10,,2
Levofloxacin 250mg,Levofloxacin 250mg,Medicine,,tablet,No,100,Tablet,,Strip,10,,Box,10,,2
Levofloxacin 750mg,Levofloxacin 750mg,Medicine,,tablet,No,100,Tablet,,Strip,10,,Box,10,,2
Levofloxacin Syrup 30ml,Levofloxacin 125mg/5ml,Medicine,,bottle,No,10,Bottle,,,,,,,,1
Ciplox 750,Ciprofloxacin 750mg,Medicine,Cipla,tablet,No,100,Tablet,,Strip,10,,Box,10,,2
Cifran 250,Ciprofloxacin 250mg,Medicine,Sun Pharma,tablet,No,100,Tablet,,Strip,10,,Box,10,,2
Cifran CT,Ciprofloxacin 500mg + Tinidazole 600mg,Medicine,Sun Pharma,tablet,No,100,Tablet,,Strip,10,,Box,10,,2
Cifran 750,Ciprofloxacin 750mg,Medicine,Sun Pharma,tablet,No,100,Tablet,,Strip,10,,Box,10,,2
Ciprofloxacin 250mg,Ciprofloxacin 250mg,Medicine,,tablet,No,100,Tablet,,Strip,10,,Box,10,,2
Ciplox-TZ,Ciprofloxacin 500mg + Tinidazole 600mg,Medicine,Cipla,tablet,No,100,Tablet,,Strip,10,,Box,10,,2
Ciprofloxacin 750mg,Ciprofloxacin 750mg,Medicine,,tablet,No,100,Tablet,,Strip,10,,Box,10,,2
Zanocin 400,Ofloxacin 400mg,Medicine,Sun Pharma,tablet,No,100,Tablet,,Strip,10,,Box,10,,2
Oflox-OZ,Ofloxacin 200mg + Ornidazole 500mg,Medicine,Cipla,tablet,No,100,Tablet,,Strip,10,,Box,10,,2
Oflox 400,Ofloxacin 400mg,Medicine,Cipla,tablet,No,100,Tablet,,Strip,10,,Box,10,,2
Ofloxacin Suspension 30ml,Ofloxacin 50mg/5ml,Medicine,,bottle,No,10,Bottle,,,,,,,,1
Ofloxacin 400mg,Ofloxacin 400mg,Medicine,,tablet,No,100,Tablet,,Strip,10,,Box,10,,2
Norfloxacin 400mg,Norfloxacin 400mg,Medicine,,tablet,No,100,Tablet,,Strip,10,,Box,10,,2
Norflox 200,Norfloxacin 200mg,Medicine,Cipla,tablet,No,100,Tablet,,Strip,10,,Box,10,,2
Moxifloxacin Infusion 250ml,Moxifloxacin 400mg/250ml,Medicine,,vial,No,10,Vial,,,,,,,,1
Gatifloxacin 400mg,Gatifloxacin 400mg,Medicine,,tablet,No,100,Tablet,,Strip,10,,Box,10,,2
Gatifloxacin 200mg,Gatifloxacin 200mg,Medicine,,tablet,No,100,Tablet,,Strip,10,,Box,10,,2
Prulifloxacin 600mg,Prulifloxacin 600mg,Medicine,,tablet,No,100,Tablet,,Strip,10,,Box,10,,2
Nitrofurantoin SR 100mg,Nitrofurantoin SR 100mg,Medicine,,capsule,No,100,Capsule,,Strip,10,,Box,10,,2
Doxt-SL,Doxycycline 100mg + Lactic Acid Bacillus,Medicine,Ajanta,capsule,No,100,Capsule,,Strip,10,,Box,10,,2
Doxt 50,Doxycycline 50mg,Medicine,Ajanta,capsule,No,100,Capsule,,Strip,10,,Box,10,,2
Minocycline 50mg,Minocycline 50mg,Medicine,,capsule,No,100,Capsule,,Strip,10,,Box,10,,2
Doxycycline 50mg,Doxycycline 50mg,Medicine,,capsule,No,100,Capsule,,Strip,10,,Box,10,,2
Tetracycline 500mg,Tetracycline 500mg,Medicine,,tablet,No,100,Tablet,,Strip,10,,Box,10,,2
Tetracycline 250mg,Tetracycline 250mg,Medicine,,tablet,No,100,Tablet,,Strip,10,,Box,10,,2
Linezolid 300mg,Linezolid 300mg,Medicine,,tablet,No,100,Tablet,,Strip,10,,Box,10,,2
Septran,Sulfamethoxazole 400mg + Trimethoprim 80mg,Medicine,GSK,tablet,No,100,Tablet,,Strip,10,,Box,10,,2
Clindamycin 150mg,Clindamycin 150mg,Medicine,,capsule,No,100,Capsule,,Strip,10,,Box,10,,2
Linezolid Suspension 60ml,Linezolid 100mg/5ml,Medicine,,bottle,No,10,Bottle,,,,,,,,1
Clindamycin Injection 2ml,Clindamycin 300mg/2ml,Medicine,,vial,No,10,Vial,,,,,,,,1
Rifaximin 200mg,Rifaximin 200mg,Medicine,,tablet,No,100,Tablet,,Strip,10,,Box,10,,2
Rifaximin 550mg,Rifaximin 550mg,Medicine,,tablet,No,100,Tablet,,Strip,10,,Box,10,,2
Faropenem 300mg,Faropenem 300mg,Medicine,,tablet,No,100,Tablet,,Strip,10,,Box,10,,2
Ertapenem 1g Injection,Ertapenem 1g,Medicine,,vial,No,10,Vial,,,,,,,,1
Imipenem + Cilastatin 1g Injection,Imipenem 500mg + Cilastatin 500mg,Medicine,,vial,No,10,Vial,,,,,,,,1
Meropenem 500mg Injection,Meropenem 500mg,Medicine,,vial,No,10,Vial,,,,,,,,1
Faropenem Dry Syrup 30ml,Faropenem 50mg/5ml,Medicine,,bottle,No,10,Bottle,,,,,,,,1
Teicoplanin 400mg Injection,Teicoplanin 400mg,Medicine,,vial,No,10,Vial,,,,,,,,1
Colistin 1 Million Injection,Colistimethate Sodium 1 MIU,Medicine,,vial,No,10,Vial,,,,,,,,1
Polymyxin B 5 Lakh Injection,"Polymyxin B 5,00,000 IU",Medicine,,vial,No,10,Vial,,,,,,,,1
Vancomycin 1g Injection,Vancomycin 1g,Medicine,,vial,No,10,Vial,,,,,,,,1
Tobramycin 80mg Injection,Tobramycin 80mg/2ml,Medicine,,vial,No,10,Vial,,,,,,,,1
Amikacin 250mg Injection,Amikacin 250mg,Medicine,,vial,No,10,Vial,,,,,,,,1
Gentamicin 40mg Injection,Gentamicin 40mg/2ml,Medicine,,vial,No,10,Vial,,,,,,,,1
Amikacin 100mg Injection,Amikacin 100mg,Medicine,,vial,No,10,Vial,,,,,,,,1
Piperacillin + Tazobactam 2.25g Injection,Piperacillin 2g + Tazobactam 250mg,Medicine,,vial,No,10,Vial,,,,,,,,1
Cefoperazone + Sulbactam 3g Injection,Cefoperazone 2g + Sulbactam 1g,Medicine,,vial,No,10,Vial,,,,,,,,1
Metronidazole 200mg,Metronidazole 200mg,Medicine,,tablet,No,100,Tablet,,Strip,10,,Box,10,,2
Tinidazole 300mg,Tinidazole 300mg,Medicine,,tablet,No,100,Tablet,,Strip,10,,Box,10,,2
Ornidazole Suspension 30ml,Ornidazole 125mg/5ml,Medicine,,bottle,No,10,Bottle,,,,,,,,1
Metronidazole Suspension 100ml,Metronidazole 200mg/5ml,Medicine,,bottle,No,10,Bottle,,,,,,,,1
Ornidazole 250mg,Ornidazole 250mg,Medicine,,tablet,No,100,Tablet,,Strip,10,,Box,10,,2
Tinidazole 1000mg,Tinidazole 1000mg,Medicine,,tablet,No,100,Tablet,,Strip,10,,Box,10,,2
Secnidazole 500mg,Secnidazole 500mg,Medicine,,tablet,No,100,Tablet,,Strip,10,,Box,10,,2
Secnidazole 1000mg,Secnidazole 1000mg,Medicine,,tablet,No,100,Tablet,,Strip,10,,Box,10,,2
Nitazoxanide 200mg,Nitazoxanide 200mg,Medicine,,tablet,No,100,Tablet,,Strip,10,,Box,10,,2
Satranidazole 300mg,Satranidazole 300mg,Medicine,,tablet,No,100,Tablet,,Strip,10,,Box,10,,2
Diloxanide Furoate 500mg,Diloxanide Furoate 500mg,Medicine,,tablet,No,100,Tablet,,Strip,10,,Box,10,,2
Nitazoxanide Suspension 30ml,Nitazoxanide 100mg/5ml,Medicine,,bottle,No,10,Bottle,,,,,,,,1
Albendazole 200mg,Albendazole 200mg,Medicine,,tablet,No,100,Tablet,,Strip,10,,Box,10,,2
Albendazole 400mg + Ivermectin 6mg,Albendazole + Ivermectin,Medicine,,tablet,No,100,Tablet,,Strip,10,,Box,10,,2
Pyrantel Pamoate 250mg,Pyrantel Pamoate 250mg,Medicine,,tablet,No,100,Tablet,,Strip,10,,Box,10,,2
Mebendazole 100mg,Mebendazole 100mg,Medicine,,tablet,No,100,Tablet,,Strip,10,,Box,10,,2
Praziquantel 600mg,Praziquantel 600mg,Medicine,,tablet,No,100,Tablet,,Strip,10,,Box,10,,2
Pyrantel Suspension 10ml,Pyrantel Pamoate 250mg/5ml,Medicine,,bottle,No,10,Bottle,,,,,,,,1
Diethylcarbamazine 100mg,Diethylcarbamazine 100mg,Medicine,,tablet,No,100,Tablet,,Strip,10,,Box,10,,2
Lariago 150,Chloroquine 150mg,Medicine,Ipca,tablet,No,100,Tablet,,Strip,10,,Box,10,,2
Primaquine 15mg,Primaquine 15mg,Medicine,,tablet,No,100,Tablet,,Strip,10,,Box,10,,2
Primaquine 2.5mg,Primaquine 2.5mg,Medicine,,tablet,No,100,Tablet,,Strip,10,,Box,10,,2
Chloroquine Suspension 60ml,Chloroquine 50mg/5ml,Medicine,,bottle,No,10,Bottle,,,,,,,,1
Artesunate 100mg,Artesunate 100mg,Medicine,,tablet,No,100,Tablet,,Strip,10,,Box,10,,2
Artemether 80mg + Lumefantrine 480mg,Artemether + Lumefantrine,Medicine,,tablet,No,100,Tablet,,Strip,10,,Box,10,,2
Mefloquine 250mg,Mefloquine 250mg,Medicine,,tablet,No,100,Tablet,,Strip,10,,Box,10,,2
Fluconazole 50mg,Fluconazole 50mg,Medicine,,tablet,No,100,Tablet,,Strip,10,,Box,10,,2
Hydroxychloroquine 300mg,Hydroxychloroquine 300mg,Medicine,,tablet,No,100,Tablet,,Strip,10,,Box,10,,2
Fluconazole 100mg,Fluconazole 100mg,Medicine,,tablet,No,100,Tablet,,Strip,10,,Box,10,,2
Fluconazole 400mg,Fluconazole 400mg,Medicine,,tablet,No,100,Tablet,,Strip,10,,Box,10,,2
Fluconazole Suspension 30ml,Fluconazole 50mg/5ml,Medicine,,bottle,No,10,Bottle,,,,,,,,1
Fluconazole Infusion 100ml,Fluconazole 200mg/100ml,Medicine,,vial,No,10,Vial,,,,,,,,1
Itraconazole 200mg,Itraconazole 200mg,Medicine,,capsule,No,100,Capsule,,Strip,10,,Box,10,,2
Itraconazole SB 130mg,Itraconazole Super Bioavailable 130mg,Medicine,,capsule,No,100,Capsule,,Strip,10,,Box,10,,2
Terbinafine 125mg,Terbinafine 125mg,Medicine,,tablet,No,100,Tablet,,Strip,10,,Box,10,,2
Griseofulvin 125mg,Griseofulvin 125mg,Medicine,,tablet,No,100,Tablet,,Strip,10,,Box,10,,2
Terbinafine 500mg,Terbinafine 500mg,Medicine,,tablet,No,100,Tablet,,Strip,10,,Box,10,,2
Voriconazole 50mg,Voriconazole 50mg,Medicine,,tablet,No,100,Tablet,,Strip,10,,Box,10,,2
Griseofulvin 375mg,Griseofulvin 375mg,Medicine,,tablet,No,100,Tablet,,Strip,10,,Box,10,,2
Posaconazole 100mg,Posaconazole 100mg,Medicine,,tablet,No,100,Tablet,,Strip,10,,Box,10,,2
Voriconazole 200mg,Voriconazole 200mg,Medicine,,tablet,No,100,Tablet,,Strip,10,,Box,10,,2
Acyclovir 200mg,Acyclovir 200mg,Medicine,,tablet,No,100,Tablet,,Strip,10,,Box,10,,2
Liposomal Amphotericin B 50mg Injection,Liposomal Amphotericin B 50mg,Medicine,,vial,No,10,Vial,,,,,,,,1
Caspofungin 50mg Injection,Caspofungin 50mg,Medicine,,vial,No,10,Vial,,,,,,,,1
Ketoconazole 200mg,Ketoconazole 200mg,Medicine,,tablet,No,100,Tablet,,Strip,10,,Box,10,,2
Valacyclovir 1000mg,Valacyclovir 1000mg,Medicine,,tablet,No,100,Tablet,,Strip,10,,Box,10,,2
Acyclovir 250mg Injection,Acyclovir 250mg,Medicine,,vial,No,10,Vial,,,,,,,,1
Acyclovir Suspension 60ml,Acyclovir 200mg/5ml,Medicine,,bottle,No,10,Bottle,,,,,,,,1
Famciclovir 500mg,Famciclovir 500mg,Medicine,,tablet,No,100,Tablet,,Strip,10,,Box,10,,2
Famciclovir 250mg,Famciclovir 250mg,Medicine,,tablet,No,100,Tablet,,Strip,10,,Box,10,,2
Oseltamivir 30mg,Oseltamivir 30mg,Medicine,,capsule,No,100,Capsule,,Strip,10,,Box,10,,2
Tenofovir Disoproxil 300mg,Tenofovir Disoproxil 300mg,Medicine,,tablet,No,100,Tablet,,Strip,10,,Box,10,,2
Oseltamivir 45mg,Oseltamivir 45mg,Medicine,,capsule,No,100,Capsule,,Strip,10,,Box,10,,2
Oseltamivir Dry Syrup 30ml,Oseltamivir 12mg/ml,Medicine,,bottle,No,10,Bottle,,,,,,,,1
Tenofovir Alafenamide 25mg,Tenofovir Alafenamide 25mg,Medicine,,tablet,No,100,Tablet,,Strip,10,,Box,10,,2
Sofosbuvir 400mg,Sofosbuvir 400mg,Medicine,,tablet,No,100,Tablet,,Strip,10,,Box,10,,2
Entecavir 1mg,Entecavir 1mg,Medicine,,tablet,No,100,Tablet,,Strip,10,,Box,10,,2
Ribavirin 200mg,Ribavirin 200mg,Medicine,,tablet,No,100,Tablet,,Strip,10,,Box,10,,2
Sofosbuvir 400mg + Velpatasvir 100mg,Sofosbuvir + Velpatasvir,Medicine,,tablet,No,100,Tablet,,Strip,10,,Box,10,,2
R-Cin 150,Rifampicin 150mg,Medicine,Lupin,capsule,No,100,Capsule,,Strip,10,,Box,10,,2
R-Cin 300,Rifampicin 300mg,Medicine,Lupin,capsule,No,100,Capsule,,Strip,10,,Box,10,,2
Rifampicin 150mg,Rifampicin 150mg,Medicine,,capsule,No,100,Capsule,,Strip,10,,Box,10,,2
Rifampicin 300mg,Rifampicin 300mg,Medicine,,capsule,No,100,Capsule,,Strip,10,,Box,10,,2
Rifampicin 450mg,Rifampicin 450mg,Medicine,,capsule,No,100,Capsule,,Strip,10,,Box,10,,2
Rifampicin 600mg,Rifampicin 600mg,Medicine,,capsule,No,100,Capsule,,Strip,10,,Box,10,,2
Isoniazid 150mg,Isoniazid 150mg,Medicine,,tablet,No,100,Tablet,,Strip,10,,Box,10,,2
Isoniazid 100mg,Isoniazid 100mg,Medicine,,tablet,No,100,Tablet,,Strip,10,,Box,10,,2
Ethambutol 1000mg,Ethambutol 1000mg,Medicine,,tablet,No,100,Tablet,,Strip,10,,Box,10,,2
Ethambutol 400mg,Ethambutol 400mg,Medicine,,tablet,No,100,Tablet,,Strip,10,,Box,10,,2
Ethambutol 600mg,Ethambutol 600mg,Medicine,,tablet,No,100,Tablet,,Strip,10,,Box,10,,2
Pyrazinamide 500mg,Pyrazinamide 500mg,Medicine,,tablet,No,100,Tablet,,Strip,10,,Box,10,,2
Pyrazinamide 1000mg,Pyrazinamide 1000mg,Medicine,,tablet,No,100,Tablet,,Strip,10,,Box,10,,2
Pyrazinamide 1500mg,Pyrazinamide 1500mg,Medicine,,tablet,No,100,Tablet,,Strip,10,,Box,10,,2
Rifampicin 150mg + Isoniazid 75mg,Rifampicin + Isoniazid,Medicine,,tablet,No,100,Tablet,,Strip,10,,Box,10,,2
Rifampicin 150mg + Isoniazid 75mg + Pyrazinamide 400mg,Three drug TB combination,Medicine,,tablet,No,100,Tablet,,Strip,10,,Box,10,,2
Akurit-3,Rifampicin + Isoniazid + Pyrazinamide,Medicine,Lupin,tablet,No,100,Tablet,,Strip,10,,Box,10,,2
AKT-3,Rifampicin + Isoniazid + Pyrazinamide,Medicine,Lupin,tablet,No,100,Tablet,,Strip,10,,Box,10,,2
Akurit,Rifampicin 150mg + Isoniazid 75mg,Medicine,Lupin,tablet,No,100,Tablet,,Strip,10,,Box,10,,2
Levofloxacin for MDR-TB 250mg,Levofloxacin for MDR-TB 250mg,Medicine,,tablet,No,100,Tablet,,Strip,10,,Box,10,,2
Cycloserine 250mg,Cycloserine 250mg,Medicine,,tablet,No,100,Tablet,,Strip,10,,Box,10,,2
Ethionamide 250mg,Ethionamide 250mg,Medicine,,tablet,No,100,Tablet,,Strip,10,,Box,10,,2
Streptomycin 1g Injection,Streptomycin 1g,Medicine,,vial,No,10,Vial,,,,,,,,1
Bedaquiline 100mg,Bedaquiline 100mg,Medicine,,tablet,No,100,Tablet,,Strip,10,,Box,10,,2
Streptomycin 750mg Injection,Streptomycin 750mg,Medicine,,vial,No,10,Vial,,,,,,,,1
Pantop 20,Pantoprazole 20mg,Medicine,Aristo,tablet,No,100,Tablet,,Strip,10,,Box,10,,2
Pantocid 20,Pantoprazole 20mg,Medicine,Sun Pharma,tablet,No,100,Tablet,,Strip,10,,Box,10,,2
Pan 10,Pantoprazole 10mg,Medicine,Alkem,tablet,No,100,Tablet,,Strip,10,,Box,10,,2
Pantodac 40,Pantoprazole 40mg,Medicine,Zydus,tablet,No,100,Tablet,,Strip,10,,Box,10,,2
Pantodac 20,Pantoprazole 20mg,Medicine,Zydus,tablet,No,100,Tablet,,Strip,10,,Box,10,,2
Pantacid 20,Pantoprazole 20mg,Medicine,Wockhardt,tablet,No,100,Tablet,,Strip,10,,Box,10,,2
Pantacid 40,Pantoprazole 40mg,Medicine,Wockhardt,tablet,No,100,Tablet,,Strip,10,,Box,10,,2
Pan-D SR,Pantoprazole 40mg + Domperidone SR 30mg,Medicine,Alkem,tablet,No,100,Tablet,,Strip,10,,Box,10,,2
Pantop-D,Pantoprazole 40mg + Domperidone SR 30mg,Medicine,Aristo,tablet,No,100,Tablet,,Strip,10,,Box,10,,2
Pantodac-DSR,Pantoprazole 40mg + Domperidone SR 30mg,Medicine,Zydus,tablet,No,100,Tablet,,Strip,10,,Box,10,,2
Pantoprazole 40mg + Itopride 150mg,Pantoprazole + Itopride,Medicine,,tablet,No,100,Tablet,,Strip,10,,Box,10,,2
Pantoprazole 40mg + Levosulpiride 75mg,Pantoprazole + Levosulpiride,Medicine,,tablet,No,100,Tablet,,Strip,10,,Box,10,,2
Rabium 10,Rabeprazole 10mg,Medicine,Intas,tablet,No,100,Tablet,,Strip,10,,Box,10,,2
Pantoprazole 40mg Injection with Diluent,Pantoprazole 40mg,Medicine,,vial,No,10,Vial,,,,,,,,1
Razo 10,Rabeprazole 10mg,Medicine,Dr. Reddy's,tablet,No,100,Tablet,,Strip,10,,Box,10,,2
Rablet 10,Rabeprazole 10mg,Medicine,Lupin,tablet,No,100,Tablet,,Strip,10,,Box,10,,2
Happi 10,Rabeprazole 10mg,Medicine,Zydus,tablet,No,100,Tablet,,Strip,10,,Box,10,,2
Rablet 20,Rabeprazole 20mg,Medicine,Lupin,tablet,No,100,Tablet,,Strip,10,,Box,10,,2
Rablet-D,Rabeprazole 20mg + Domperidone SR 30mg,Medicine,Lupin,tablet,No,100,Tablet,,Strip,10,,Box,10,,2
Happi 20,Rabeprazole 20mg,Medicine,Zydus,tablet,No,100,Tablet,,Strip,10,,Box,10,,2
Rabeprazole 20mg + Levosulpiride 75mg,Rabeprazole + Levosulpiride,Medicine,,tablet,No,100,Tablet,,Strip,10,,Box,10,,2
Rabeprazole 20mg + Itopride 150mg,Rabeprazole + Itopride,Medicine,,tablet,No,100,Tablet,,Strip,10,,Box,10,,2
Rabeprazole 20mg Injection,Rabeprazole 20mg,Medicine,,vial,No,10,Vial,,,,,,,,1
Omez 40,Omeprazole 40mg,Medicine,Dr. Reddy's,capsule,No,100,Capsule,,Strip,10,,Box,10,,2
Omez 10,Omeprazole 10mg,Medicine,Dr. Reddy's,capsule,No,100,Capsule,,Strip,10,,Box,10,,2
Ocid 40,Omeprazole 40mg,Medicine,Zydus,capsule,No,100,Capsule,,Strip,10,,Box,10,,2
Ocid 10,Omeprazole 10mg,Medicine,Zydus,capsule,No,100,Capsule,,Strip,10,,Box,10,,2
Omeprazole 10mg,Omeprazole 10mg,Medicine,,capsule,No,100,Capsule,,Strip,10,,Box,10,,2
Omeprazole 40mg,Omeprazole 40mg,Medicine,,capsule,No,100,Capsule,,Strip,10,,Box,10,,2
Omeprazole 20mg + Domperidone 30mg,Omeprazole + Domperidone SR,Medicine,,capsule,No,100,Capsule,,Strip,10,,Box,10,,2
Esoz 20,Esomeprazole 20mg,Medicine,Sun Pharma,tablet,No,100,Tablet,,Strip,10,,Box,10,,2
Nexpro RD 20,Esomeprazole 20mg + Domperidone SR 30mg,Medicine,Torrent,tablet,No,100,Tablet,,Strip,10,,Box,10,,2
Sompraz 20,Esomeprazole 20mg,Medicine,Sun Pharma,tablet,No,100,Tablet,,Strip,10,,Box,10,,2
Esoz-D,Esomeprazole 40mg + Domperidone SR 30mg,Medicine,Sun Pharma,tablet,No,100,Tablet,,Strip,10,,Box,10,,2
Esomeprazole 40mg Injection,Esomeprazole 40mg,Medicine,,vial,No,10,Vial,,,,,,,,1
Esomeprazole 20mg,Esomeprazole 20mg,Medicine,,tablet,No,100,Tablet,,Strip,10,,Box,10,,2
Lansoprazole 15mg,Lansoprazole 15mg,Medicine,,capsule,No,100,Capsule,,Strip,10,,Box,10,,2
Dexlansoprazole 30mg,Dexlansoprazole 30mg,Medicine,,capsule,No,100,Capsule,,Strip,10,,Box,10,,2
Lansoprazole 30mg,Lansoprazole 30mg,Medicine,,capsule,No,100,Capsule,,Strip,10,,Box,10,,2
Ilaprazole 5mg,Ilaprazole 5mg,Medicine,,capsule,No,100,Capsule,,Strip,10,,Box,10,,2
Dexlansoprazole 60mg,Dexlansoprazole 60mg,Medicine,,capsule,No,100,Capsule,,Strip,10,,Box,10,,2
Ilaprazole 10mg,Ilaprazole 10mg,Medicine,,capsule,No,100,Capsule,,Strip,10,,Box,10,,2
Famotidine 10mg,Famotidine 10mg,Medicine,,tablet,No,100,Tablet,,Strip,10,,Box,10,,2
Ranitidine 300mg,Ranitidine 300mg,Medicine,,tablet,No,100,Tablet,,Strip,10,,Box,10,,2
Digene Ultra Gel 200ml,Antacid with Simethicone,Medicine,Abbott,bottle,No,10,Bottle,,,,,,,,1
Gelusil Liquid 200ml,Antacid suspension,Medicine,Pfizer,bottle,No,10,Bottle,,,,,,,,1
Aciloc Gel 200ml,Antacid suspension,Medicine,Cadila,bottle,No,10,Bottle,,,,,,,,1
Sucralfate Suspension 200ml,Sucralfate 1g/10ml,Medicine,,bottle,No,10,Bottle,,,,,,,,1
Antacid Suspension 170ml,Magnesium and Aluminium Hydroxide with Simethicone,Medicine,,bottle,No,10,Bottle,,,,,,,,1
Antacid Chewable Tablet,Magnesium and Aluminium Hydroxide chewable,Medicine,,tablet,No,100,Tablet,,Strip,10,,Box,10,,2
Sucralfate 500mg,Sucralfate 500mg,Medicine,,tablet,No,100,Tablet,,Strip,10,,Box,10,,2
Sucrafil Suspension 200ml,Sucralfate 1g/10ml,Medicine,FDC,bottle,No,10,Bottle,,,,,,,,1
Domstal RD,Domperidone mouth dissolving 10mg,Medicine,Torrent,tablet,No,100,Tablet,,Strip,10,,Box,10,,2
Domstal 20,Domperidone 20mg,Medicine,Torrent,tablet,No,100,Tablet,,Strip,10,,Box,10,,2
Domperidone Drops 15ml,Domperidone 1mg/ml,Medicine,,drops,No,6,Bottle,,,,,,,,1
Domperidone 20mg,Domperidone 20mg,Medicine,,tablet,No,100,Tablet,,Strip,10,,Box,10,,2
Levosulpiride 75mg,Levosulpiride 75mg,Medicine,,tablet,No,100,Tablet,,Strip,10,,Box,10,,2
Itopride 150mg,Itopride 150mg,Medicine,,tablet,No,100,Tablet,,Strip,10,,Box,10,,2
Mosapride 5mg,Mosapride 5mg,Medicine,,tablet,No,100,Tablet,,Strip,10,,Box,10,,2
Mosapride 10mg,Mosapride 10mg,Medicine,,tablet,No,100,Tablet,,Strip,10,,Box,10,,2
Emeset MD 4,Ondansetron mouth dissolving 4mg,Medicine,Cipla,tablet,No,100,Tablet,,Strip,10,,Box,10,,2
Ondansetron 8mg,Ondansetron 8mg,Medicine,,tablet,No,100,Tablet,,Strip,10,,Box,10,,2
Emeset 2,Ondansetron 2mg,Medicine,Cipla,tablet,No,100,Tablet,,Strip,10,,Box,10,,2
Granisetron 1mg,Granisetron 1mg,Medicine,,tablet,No,100,Tablet,,Strip,10,,Box,10,,2
Ondansetron Injection 4ml,Ondansetron 8mg/4ml,Medicine,,vial,No,10,Ampoule,,,,,,,,1
Granisetron 2mg,Granisetron 2mg,Medicine,,tablet,No,100,Tablet,,Strip,10,,Box,10,,2
Palonosetron 0.5mg,Palonosetron 0.5mg,Medicine,,tablet,No,100,Tablet,,Strip,10,,Box,10,,2
Metoclopramide 10mg,Metoclopramide 10mg,Medicine,,tablet,No,100,Tablet,,Strip,10,,Box,10,,2
Palonosetron Injection 5ml,Palonosetron 0.25mg/5ml,Medicine,,vial,No,10,Vial,,,,,,,,1
Doxinate Plus,Doxylamine 20mg + Pyridoxine 20mg + Folic Acid,Medicine,Mankind,tablet,No,100,Tablet,,Strip,10,,Box,10,,2
Doxylamine 20mg + Pyridoxine 20mg,Doxylamine + Pyridoxine SR,Medicine,,tablet,No,100,Tablet,,Strip,10,,Box,10,,2
Dicyclomine 20mg,Dicyclomine 20mg,Medicine,,tablet,No,100,Tablet,,Strip,10,,Box,10,,2
Dicyclomine 10mg,Dicyclomine 10mg,Medicine,,tablet,No,100,Tablet,,Strip,10,,Box,10,,2
Dicyclomine Injection 2ml,Dicyclomine 20mg/2ml,Medicine,,vial,No,10,Ampoule,,,,,,,,1
Drotaverine 40mg,Drotaverine 40mg,Medicine,,tablet,No,100,Tablet,,Strip,10,,Box,10,,2
Mebeverine 135mg,Mebeverine 135mg,Medicine,,tablet,No,100,Tablet,,Strip,10,,Box,10,,2
Hyoscine Butylbromide 10mg,Hyoscine Butylbromide 10mg,Medicine,,tablet,No,100,Tablet,,Strip,10,,Box,10,,2
Mebeverine 200mg SR,Mebeverine SR 200mg,Medicine,,capsule,No,100,Capsule,,Strip,10,,Box,10,,2
Mebeverine 200mg,Mebeverine 200mg,Medicine,,tablet,No,100,Tablet,,Strip,10,,Box,10,,2
Camylofin 25mg + Paracetamol 300mg,Camylofin + Paracetamol,Medicine,,tablet,No,100,Tablet,,Strip,10,,Box,10,,2
Camylofin Injection 2ml,Camylofin 50mg/2ml,Medicine,,vial,No,10,Ampoule,,,,,,,,1
Anafortan,Camylofin 25mg + Paracetamol 300mg,Medicine,Abbott,tablet,No,100,Tablet,,Strip,10,,Box,10,,2
Racecadotril Suspension 30ml,Racecadotril 15mg/5ml,Medicine,,bottle,No,10,Bottle,,,,,,,,1
Racecadotril 30mg Sachet,Racecadotril 30mg,Medicine,,sachet,No,30,Sachet,,Strip,10,,Box,10,,2
ORS Apple Sachet 21.8g,Oral Rehydration Salts WHO formula,Medicine,,sachet,No,30,Sachet,,Strip,10,,Box,10,,2
ORS Lemon Sachet 21.8g,Oral Rehydration Salts WHO formula,Medicine,,sachet,No,30,Sachet,,Strip,10,,Box,10,,2
ORS Ready to Drink 500ml,Oral Rehydration Solution,Medicine,,bottle,No,10,Bottle,,,,,,,,1
Zinc 20mg + ORS Combi Pack,Zinc with Oral Rehydration Salts,Medicine,,sachet,No,30,Sachet,,Strip,10,,Box,10,,2
Saccharomyces boulardii 250mg Sachet,Saccharomyces boulardii 250mg,Medicine,,sachet,No,30,Sachet,,Strip,10,,Box,10,,2
Saccharomyces boulardii 250mg,Saccharomyces boulardii 250mg,Medicine,,capsule,No,100,Capsule,,Strip,10,,Box,10,,2
Bacillus clausii Capsule,Bacillus clausii spores,Medicine,,capsule,No,100,Capsule,,Strip,10,,Box,10,,2
Multi-strain Probiotic Capsule,Multi-strain probiotic,Medicine,,capsule,No,100,Capsule,,Strip,10,,Box,10,,2
Lactobacillus Sachet,Lactic acid bacillus,Medicine,,sachet,No,30,Sachet,,Strip,10,,Box,10,,2
Bacillus clausii Suspension 5ml,Bacillus clausii 2 billion spores,Medicine,,bottle,No,10,Bottle,,,,,,,,1
Bisacodyl 10mg,Bisacodyl 10mg,Medicine,,tablet,No,100,Tablet,,Strip,10,,Box,10,,2
Lactitol Solution 100ml,Lactitol monohydrate,Medicine,,bottle,No,10,Bottle,,,,,,,,1
Polyethylene Glycol 3350 Sachet,Macrogol 3350 powder,Medicine,,sachet,No,30,Sachet,,Strip,10,,Box,10,,2
Enema Solution 100ml,Sodium phosphate rectal enema,Medicine,,box,No,10,Piece,,,,,,,,1
Bisacodyl Suppository 5mg,Bisacodyl 5mg suppository,Medicine,,box,No,10,Piece,,,,,,,,1
Glycerin Suppository Paediatric,Glycerin suppository,Medicine,,box,No,10,Piece,,,,,,,,1
Liquid Paraffin with Milk of Magnesia 200ml,Laxative emulsion,Medicine,,bottle,No,10,Bottle,,,,,,,,1
Ispaghula Husk Powder 100g,Psyllium husk,Medicine,,box,No,5,Box,,,,,,,,1
Mesalamine 800mg,Mesalamine 800mg,Medicine,,tablet,No,100,Tablet,,Strip,10,,Box,10,,2
Mesalamine 1200mg,Mesalamine 1200mg,Medicine,,tablet,No,100,Tablet,,Strip,10,,Box,10,,2
Mesalamine Suppository 500mg,Mesalamine 500mg suppository,Medicine,,box,No,10,Piece,,,,,,,,1
Budesonide for gut 3mg,Budesonide for gut 3mg,Medicine,,tablet,No,100,Tablet,,Strip,10,,Box,10,,2
Anobliss Cream 30g,Anorectal cream,Medicine,Sun Pharma,tube,No,6,Tube,,,,,,,,1
Diosmin 450mg + Hesperidin 50mg,Diosmin + Hesperidin,Medicine,,tablet,No,100,Tablet,,Strip,10,,Box,10,,2
Lignocaine + Hydrocortisone Ointment 30g,Anorectal ointment,Medicine,,tube,No,6,Tube,,,,,,,,1
Daflon 500,Diosmin 450mg + Hesperidin 50mg,Medicine,Serdia,tablet,No,100,Tablet,,Strip,10,,Box,10,,2
Digestive Enzyme Syrup 200ml,Fungal diastase with pepsin,Medicine,,bottle,No,10,Bottle,,,,,,,,1
Digestive Enzyme Tablet,Fungal diastase with pepsin,Medicine,,tablet,No,100,Tablet,,Strip,10,,Box,10,,2
Digestive Enzyme Drops 15ml,Digestive enzyme drops,Medicine,,drops,No,6,Bottle,,,,,,,,1
Pancreatin 25000 Capsule,"Pancreatin 25,000 units",Medicine,,capsule,No,100,Capsule,,Strip,10,,Box,10,,2
Pancreatin 10000 Capsule,"Pancreatin 10,000 units",Medicine,,capsule,No,100,Capsule,,Strip,10,,Box,10,,2
Ursodeoxycholic Acid 150mg,Ursodeoxycholic Acid 150mg,Medicine,,tablet,No,100,Tablet,,Strip,10,,Box,10,,2
Ursodeoxycholic Acid Suspension 100ml,Ursodeoxycholic Acid 125mg/5ml,Medicine,,bottle,No,10,Bottle,,,,,,,,1
Ursodeoxycholic Acid 500mg,Ursodeoxycholic Acid 500mg,Medicine,,tablet,No,100,Tablet,,Strip,10,,Box,10,,2
L-Ornithine L-Aspartate 150mg,L-Ornithine L-Aspartate 150mg,Medicine,,capsule,No,100,Capsule,,Strip,10,,Box,10,,2
Silymarin Syrup 200ml,Silymarin with B complex,Medicine,,bottle,No,10,Bottle,,,,,,,,1
Silymarin 70mg,Silymarin 70mg,Medicine,,tablet,No,100,Tablet,,Strip,10,,Box,10,,2
L-Ornithine L-Aspartate Injection 5ml,L-Ornithine L-Aspartate 5g/10ml,Medicine,,vial,No,10,Vial,,,,,,,,1
L-Ornithine L-Aspartate 3g Sachet,L-Ornithine L-Aspartate 3g,Medicine,,sachet,No,30,Sachet,,Strip,10,,Box,10,,2
Liver Tonic Syrup 200ml,Ayurvedic liver tonic,Medicine,,bottle,No,10,Bottle,,,,,,,,1
Liver Tonic Tablet,Ayurvedic liver tonic,Medicine,,tablet,No,100,Tablet,,Strip,10,,Box,10,,2
Megestrol 160mg,Megestrol Acetate 160mg,Medicine,,tablet,No,100,Tablet,,Strip,10,,Box,10,,2
Tricholine Citrate with Sorbitol Syrup 200ml,Tricholine Citrate + Sorbitol,Medicine,,bottle,No,10,Bottle,,,,,,,,1
Appetite Tonic Syrup 200ml,Cyproheptadine with tricholine citrate,Medicine,,bottle,No,10,Bottle,,,,,,,,1
Bismuth Subcitrate 120mg,Colloidal Bismuth Subcitrate 120mg,Medicine,,tablet,No,100,Tablet,,Strip,10,,Box,10,,2
H. Pylori Kit with Levofloxacin,Pantoprazole + Amoxicillin + Levofloxacin kit,Medicine,,box,No,5,Box,,,,,,,,1
H. Pylori Kit,Pantoprazole + Amoxicillin + Clarithromycin kit,Medicine,,box,No,5,Box,,,,,,,,1
Simethicone 40mg,Simethicone 40mg,Medicine,,tablet,No,100,Tablet,,Strip,10,,Box,10,,2
Activated Dimethicone 40mg,Activated Dimethicone 40mg,Medicine,,tablet,No,100,Tablet,,Strip,10,,Box,10,,2
Oxetacaine with Antacid Suspension 100ml,Oxetacaine + Antacid,Medicine,,bottle,No,10,Bottle,,,,,,,,1
Asthalin Inhaler 100 MD,Salbutamol 100mcg/dose,Medicine,Cipla,box,No,5,Inhaler,,,,,,,,1
Asthalin Respules 2.5mg 2.5ml,Salbutamol 2.5mg/2.5ml,Medicine,Cipla,vial,No,10,Vial,,,,,,,,1
Asthalin Respules 5mg 2.5ml,Salbutamol 5mg/2.5ml,Medicine,Cipla,vial,No,10,Vial,,,,,,,,1
Asthalin Rotacaps 100mcg,Salbutamol 100mcg rotacaps,Medicine,Cipla,box,No,5,Inhaler,,,,,,,,1
Budecort 100 Inhaler,Budesonide 100mcg/dose,Medicine,Cipla,box,No,5,Inhaler,,,,,,,,1
Levolin Respules 0.63mg 2.5ml,Levosalbutamol 0.63mg/2.5ml,Medicine,Cipla,vial,No,10,Vial,,,,,,,,1
Levolin Inhaler 100 MD,Levosalbutamol 50mcg/dose,Medicine,Cipla,box,No,5,Inhaler,,,,,,,,1
Budecort Rotacaps 200mcg,Budesonide 200mcg rotacaps,Medicine,Cipla,box,No,5,Inhaler,,,,,,,,1
Budecort 400 Inhaler,Budesonide 400mcg/dose,Medicine,Cipla,box,No,5,Inhaler,,,,,,,,1
Budecort Respules 1mg 2ml,Budesonide 1mg/2ml,Medicine,Cipla,vial,No,10,Vial,,,,,,,,1
Budecort Respules 0.25mg 2ml,Budesonide 0.25mg/2ml,Medicine,Cipla,vial,No,10,Vial,,,,,,,,1
Foracort 100 Inhaler,Formoterol 6mcg + Budesonide 100mcg,Medicine,Cipla,box,No,5,Inhaler,,,,,,,,1
Seroflo 125 Inhaler,Salmeterol 25mcg + Fluticasone 125mcg,Medicine,Cipla,box,No,5,Inhaler,,,,,,,,1
Seretide 125 Inhaler,Salmeterol + Fluticasone,Medicine,GSK,box,No,5,Inhaler,,,,,,,,1
Seroflo 50 Inhaler,Salmeterol 25mcg + Fluticasone 50mcg,Medicine,Cipla,box,No,5,Inhaler,,,,,,,,1
Foracort Respules 2ml,Formoterol + Budesonide respules,Medicine,Cipla,vial,No,10,Vial,,,,,,,,1
Symbicort 400 Turbuhaler,Formoterol + Budesonide,Medicine,AstraZeneca,box,No,5,Inhaler,,,,,,,,1
Tiomate Rotacaps 18mcg,Tiotropium 18mcg,Medicine,Sun Pharma,box,No,5,Inhaler,,,,,,,,1
Tiova Inhaler 18mcg,Tiotropium 18mcg/dose,Medicine,Cipla,box,No,5,Inhaler,,,,,,,,1
Tiova 15 Rotacaps,Tiotropium 15mcg rotacaps,Medicine,Cipla,box,No,5,Inhaler,,,,,,,,1
Duolin Rotacaps,Levosalbutamol + Ipratropium rotacaps,Medicine,Cipla,box,No,5,Inhaler,,,,,,,,1
Ciclesonide Inhaler 160mcg,Ciclesonide 160mcg/dose,Medicine,,box,No,5,Inhaler,,,,,,,,1
Fluticasone Nasal Inhaler 120 MD,Fluticasone Propionate 50mcg/dose,Medicine,,box,No,5,Inhaler,,,,,,,,1
Formoterol + Fluticasone Inhaler,Formoterol 6mcg + Fluticasone 125mcg,Medicine,,box,No,5,Inhaler,,,,,,,,1
Montair 4,Montelukast 4mg,Medicine,Cipla,tablet,No,100,Tablet,,Strip,10,,Box,10,,2
Spacer with Mask Child,Inhaler spacer for children,Consumable,,box,No,10,Piece,,,,,,,,1
Glycopyrronium + Formoterol Inhaler,Glycopyrronium + Formoterol,Medicine,,box,No,5,Inhaler,,,,,,,,1
Revolizer,Device for rotacaps,Consumable,Cipla,box,No,10,Piece,,,,,,,,1
Montek 5,Montelukast 5mg,Medicine,Sun Pharma,tablet,No,100,Tablet,,Strip,10,,Box,10,,2
Montek 4,Montelukast 4mg,Medicine,Sun Pharma,tablet,No,100,Tablet,,Strip,10,,Box,10,,2
Romilast 4,Montelukast 4mg,Medicine,Sun Pharma,tablet,No,100,Tablet,,Strip,10,,Box,10,,2
Romilast 5,Montelukast 5mg,Medicine,Sun Pharma,tablet,No,100,Tablet,,Strip,10,,Box,10,,2
Telekast 4,Montelukast 4mg,Medicine,Lupin,tablet,No,100,Tablet,,Strip,10,,Box,10,,2
Romilast 10,Montelukast 10mg,Medicine,Sun Pharma,tablet,No,100,Tablet,,Strip,10,,Box,10,,2
Telekast 5,Montelukast 5mg,Medicine,Lupin,tablet,No,100,Tablet,,Strip,10,,Box,10,,2
Telekast 10,Montelukast 10mg,Medicine,Lupin,tablet,No,100,Tablet,,Strip,10,,Box,10,,2
Montair-LC Syrup 60ml,Montelukast + Levocetirizine suspension,Medicine,Cipla,bottle,No,10,Bottle,,,,,,,,1
Montek-LC Kid,Montelukast 4mg + Levocetirizine 2.5mg,Medicine,Sun Pharma,tablet,No,100,Tablet,,Strip,10,,Box,10,,2
Montair-LC Kid,Montelukast 4mg + Levocetirizine 2.5mg,Medicine,Cipla,tablet,No,100,Tablet,,Strip,10,,Box,10,,2
Telekast-L,Montelukast 10mg + Levocetirizine 5mg,Medicine,Lupin,tablet,No,100,Tablet,,Strip,10,,Box,10,,2
Montelukast 10mg + Fexofenadine 120mg,Montelukast + Fexofenadine,Medicine,,tablet,No,100,Tablet,,Strip,10,,Box,10,,2
Montelukast 10mg + Desloratadine 5mg,Montelukast + Desloratadine,Medicine,,tablet,No,100,Tablet,,Strip,10,,Box,10,,2
Montelukast 10mg + Bilastine 20mg,Montelukast + Bilastine,Medicine,,tablet,No,100,Tablet,,Strip,10,,Box,10,,2
Doxofylline 200mg,Doxofylline 200mg,Medicine,,tablet,No,100,Tablet,,Strip,10,,Box,10,,2
Doxofylline 400mg SR,Doxofylline SR 400mg,Medicine,,tablet,No,100,Tablet,,Strip,10,,Box,10,,2
Acebrophylline 200mg,Acebrophylline 200mg,Medicine,,tablet,No,100,Tablet,,Strip,10,,Box,10,,2
Doxofylline Syrup 100ml,Doxofylline 100mg/5ml,Medicine,,bottle,No,10,Bottle,,,,,,,,1
Deriphyllin Retard 300,Etofylline 231mg + Theophylline 69mg,Medicine,Zydus,tablet,No,100,Tablet,,Strip,10,,Box,10,,2
Acebrophylline 200mg SR,Acebrophylline SR 200mg,Medicine,,capsule,No,100,Capsule,,Strip,10,,Box,10,,2
Theophylline SR 400mg,Theophylline SR 400mg,Medicine,,tablet,No,100,Tablet,,Strip,10,,Box,10,,2
Bambuterol 20mg,Bambuterol 20mg,Medicine,,tablet,No,100,Tablet,,Strip,10,,Box,10,,2
Bambuterol 10mg,Bambuterol 10mg,Medicine,,tablet,No,100,Tablet,,Strip,10,,Box,10,,2
Salbutamol 2mg,Salbutamol 2mg,Medicine,,tablet,No,100,Tablet,,Strip,10,,Box,10,,2
Terbutaline 5mg,Terbutaline 5mg,Medicine,,tablet,No,100,Tablet,,Strip,10,,Box,10,,2
Terbutaline Syrup 100ml,Terbutaline 1.5mg/5ml,Medicine,,bottle,No,10,Bottle,,,,,,,,1
Ambroxol 60mg,Ambroxol 60mg,Medicine,,tablet,No,100,Tablet,,Strip,10,,Box,10,,2
Salbutamol 4mg,Salbutamol 4mg,Medicine,,tablet,No,100,Tablet,,Strip,10,,Box,10,,2
Ambroxol Syrup 100ml,Ambroxol 30mg/5ml,Medicine,,bottle,No,10,Bottle,,,,,,,,1
Acetylcysteine 200mg,Acetylcysteine 200mg,Medicine,,tablet,No,100,Tablet,,Strip,10,,Box,10,,2
Ambroxol Drops 15ml,Ambroxol 15mg/ml,Medicine,,drops,No,6,Bottle,,,,,,,,1
Acetylcysteine 600mg Sachet,Acetylcysteine 600mg effervescent,Medicine,,sachet,No,30,Sachet,,Strip,10,,Box,10,,2
Bromhexine 8mg,Bromhexine 8mg,Medicine,,tablet,No,100,Tablet,,Strip,10,,Box,10,,2
Bromhexine Syrup 100ml,Bromhexine 4mg/5ml,Medicine,,bottle,No,10,Bottle,,,,,,,,1
Ascoril LS Junior Syrup 60ml,Levosalbutamol + Ambroxol + Guaiphenesin,Medicine,Glenmark,bottle,No,10,Bottle,,,,,,,,1
Dextromethorphan Syrup 100ml,Dextromethorphan 10mg/5ml,Medicine,,bottle,No,10,Bottle,,,,,,,,1
Terbutaline + Bromhexine + Guaiphenesin Syrup 100ml,Cough expectorant,Medicine,,bottle,No,10,Bottle,,,,,,,,1
Ascoril-C Syrup 100ml,Cough syrup with codeine,Medicine,Glenmark,bottle,Yes,10,Bottle,,,,,,,,1
Dextromethorphan + Chlorpheniramine Syrup 60ml,Dry cough syrup,Medicine,,bottle,No,10,Bottle,,,,,,,,1
Guaiphenesin + Terbutaline Syrup 100ml,Cough expectorant,Medicine,,bottle,No,10,Bottle,,,,,,,,1
Tussnil Syrup 100ml,Cough syrup,Medicine,,bottle,No,10,Bottle,,,,,,,,1
Koflet-H Syrup 100ml,Ayurvedic cough syrup,Other,Himalaya,bottle,No,10,Bottle,,,,,,,,1
Grilinctus-CD Syrup 100ml,Cough syrup with dextromethorphan,Medicine,Franco-Indian,bottle,No,10,Bottle,,,,,,,,1
Grilinctus Paed Syrup 60ml,Paediatric cough syrup,Medicine,Franco-Indian,bottle,No,10,Bottle,,,,,,,,1
Bro-Zedex Syrup 100ml,Bromhexine + Guaiphenesin + Terbutaline,Medicine,Wockhardt,bottle,No,10,Bottle,,,,,,,,1
Betadine Throat Lozenges,Povidone iodine lozenges,Medicine,Win-Medicare,box,No,5,Box,,,,,,,,1
Vicks Cough Drops Menthol,Menthol cough drops,Other,Procter & Gamble,box,No,5,Box,,,,,,,,1
Zedex Syrup 100ml,Cough syrup,Medicine,Wockhardt,bottle,No,10,Bottle,,,,,,,,1
Halls Cough Drops,Menthol cough drops,Other,Mondelez,box,No,5,Box,,,,,,,,1
Otrivin Paediatric Nasal Drops 10ml,Xylometazoline 0.05%,Medicine,Haleon,drops,No,6,Bottle,,,,,,,,1
Nasivion Paediatric Drops 10ml,Oxymetazoline 0.025%,Medicine,Merck,drops,No,6,Bottle,,,,,,,,1
Nasivion Nasal Spray 10ml,Oxymetazoline 0.05%,Medicine,Merck,drops,No,6,Bottle,,,,,,,,1
Oxymetazoline Nasal Spray 10ml,Oxymetazoline 0.05%,Medicine,,drops,No,6,Bottle,,,,,,,,1
Sodium Chloride Nasal Drops 10ml,Sodium Chloride 0.65% nasal drops,Medicine,,drops,No,6,Bottle,,,,,,,,1
Mometasone Nasal Spray 10ml,Mometasone Furoate 50mcg/dose,Medicine,,drops,No,6,Bottle,,,,,,,,1
Azelastine Nasal Spray 10ml,Azelastine 0.1% nasal spray,Medicine,,drops,No,6,Bottle,,,,,,,,1
Fluticasone Nasal Spray 10ml,Fluticasone Propionate 50mcg/dose,Medicine,,drops,No,6,Bottle,,,,,,,,1
Azelastine + Fluticasone Nasal Spray 10ml,Azelastine + Fluticasone,Medicine,,drops,No,6,Bottle,,,,,,,,1
Budesonide Nasal Spray 10ml,Budesonide 100mcg/dose,Medicine,,drops,No,6,Bottle,,,,,,,,1
Alerid 5,Cetirizine 5mg,Medicine,Cipla,tablet,No,100,Tablet,,Strip,10,,Box,10,,2
Steam Inhalant Capsule,Inhalant capsules for steam,Medicine,,box,No,5,Box,,,,,,,,1
Nilkamal Nasal Rinse Sachet,Saline nasal rinse sachets,Medicine,,bottle,No,10,Bottle,,,,,,,,1
Karvol Plus Inhalant Capsule,Inhalant decongestant capsules,Medicine,Cipla,bottle,No,10,Bottle,,,,,,,,1
Cetirizine 5mg,Cetirizine 5mg,Medicine,,tablet,No,100,Tablet,,Strip,10,,Box,10,,2
Cetirizine 10mg + Phenylephrine 10mg,Cetirizine + Phenylephrine,Medicine,,tablet,No,100,Tablet,,Strip,10,,Box,10,,2
Xyzal 2.5,Levocetirizine 2.5mg,Medicine,UCB,tablet,No,100,Tablet,,Strip,10,,Box,10,,2
Vozet 2.5,Levocetirizine 2.5mg,Medicine,Lupin,tablet,No,100,Tablet,,Strip,10,,Box,10,,2
Teczine 2.5,Levocetirizine 2.5mg,Medicine,Alkem,tablet,No,100,Tablet,,Strip,10,,Box,10,,2
Laveta 5,Levocetirizine 5mg,Medicine,Intas,tablet,No,100,Tablet,,Strip,10,,Box,10,,2
Levocetirizine Syrup 60ml,Levocetirizine 2.5mg/5ml,Medicine,,bottle,No,10,Bottle,,,,,,,,1
Levocetirizine Drops 15ml,Levocetirizine 2.5mg/ml,Medicine,,drops,No,6,Bottle,,,,,,,,1
Levocetirizine 5mg + Phenylephrine 10mg,Levocetirizine + Phenylephrine,Medicine,,tablet,No,100,Tablet,,Strip,10,,Box,10,,2
Levocetirizine 5mg + Ambroxol 60mg,Levocetirizine + Ambroxol,Medicine,,tablet,No,100,Tablet,,Strip,10,,Box,10,,2
Allegra 30,Fexofenadine 30mg,Medicine,Sanofi,tablet,No,100,Tablet,,Strip,10,,Box,10,,2
Allegra Suspension 60ml,Fexofenadine 30mg/5ml,Medicine,Sanofi,bottle,No,10,Bottle,,,,,,,,1
Fexova 180,Fexofenadine 180mg,Medicine,Ajanta,tablet,No,100,Tablet,,Strip,10,,Box,10,,2
Histafree 180,Fexofenadine 180mg,Medicine,Mankind,tablet,No,100,Tablet,,Strip,10,,Box,10,,2
Fexofenadine 30mg,Fexofenadine 30mg,Medicine,,tablet,No,100,Tablet,,Strip,10,,Box,10,,2
Loratadine Syrup 60ml,Loratadine 5mg/5ml,Medicine,,bottle,No,10,Bottle,,,,,,,,1
Fexofenadine 120mg,Fexofenadine 120mg,Medicine,,tablet,No,100,Tablet,,Strip,10,,Box,10,,2
Ebastine 20mg,Ebastine 20mg,Medicine,,tablet,No,100,Tablet,,Strip,10,,Box,10,,2
Rupatadine 10mg,Rupatadine 10mg,Medicine,,tablet,No,100,Tablet,,Strip,10,,Box,10,,2
Desloratadine Syrup 60ml,Desloratadine 2.5mg/5ml,Medicine,,bottle,No,10,Bottle,,,,,,,,1
Hydroxyzine 10mg,Hydroxyzine 10mg,Medicine,,tablet,No,100,Tablet,,Strip,10,,Box,10,,2
Cyproheptadine 4mg,Cyproheptadine 4mg,Medicine,,tablet,No,100,Tablet,,Strip,10,,Box,10,,2
Chlorpheniramine Maleate 2mg,Chlorpheniramine Maleate 2mg,Medicine,,tablet,No,100,Tablet,,Strip,10,,Box,10,,2
Hydroxyzine Syrup 60ml,Hydroxyzine 10mg/5ml,Medicine,,bottle,No,10,Bottle,,,,,,,,1
Adrenaline Injection 1ml 1:10000,Adrenaline 0.1mg/ml,Medicine,,vial,No,10,Ampoule,,,,,,,,1
Hydrocortisone 500mg Injection,Hydrocortisone Sodium Succinate 500mg,Medicine,,vial,No,10,Ampoule,,,,,,,,1
Chlorpheniramine Injection 1ml,Chlorpheniramine 10mg/ml,Medicine,,vial,No,10,Ampoule,,,,,,,,1
Sinarest AF,Paracetamol + Phenylephrine + Chlorpheniramine,Medicine,Centaur,tablet,No,100,Tablet,,Strip,10,,Box,10,,2
Sinarest Levo,Paracetamol + Phenylephrine + Levocetirizine,Medicine,Centaur,tablet,No,100,Tablet,,Strip,10,,Box,10,,2
Cheston Cold Total,Paracetamol + Cetirizine + Phenylephrine,Medicine,Cipla,tablet,No,100,Tablet,,Strip,10,,Box,10,,2
Wikoryl Tablet,Paracetamol + Phenylephrine + Chlorpheniramine,Medicine,Alembic,tablet,No,100,Tablet,,Strip,10,,Box,10,,2
D-Cold Total,Paracetamol + Phenylephrine + Chlorpheniramine,Medicine,Reckitt,tablet,No,100,Tablet,,Strip,10,,Box,10,,2
Solvin Cold Tablet,Paracetamol + Phenylephrine + Chlorpheniramine,Medicine,Ipca,tablet,No,100,Tablet,,Strip,10,,Box,10,,2
Coldact Capsule,Phenylpropanolamine + Chlorpheniramine,Medicine,Ranbaxy,tablet,No,100,Tablet,,Strip,10,,Box,10,,2
Crocin Cold and Flu Max,Paracetamol + Phenylephrine + Caffeine,Medicine,GSK,tablet,No,100,Tablet,,Strip,10,,Box,10,,2
Paracetamol 500mg + Phenylephrine 5mg + Chlorpheniramine 2mg,Cold combination tablet,Medicine,,tablet,No,100,Tablet,,Strip,10,,Box,10,,2
Nimesulide 100mg + Phenylephrine + Chlorpheniramine,Cold combination tablet,Medicine,,tablet,No,100,Tablet,,Strip,10,,Box,10,,2
Paracetamol + Phenylephrine + Chlorpheniramine Syrup 60ml,Paediatric cold syrup,Medicine,,bottle,No,10,Bottle,,,,,,,,1
Levocetirizine 5mg + Paracetamol 325mg + Phenylephrine 10mg,Cold combination tablet,Medicine,,tablet,No,100,Tablet,,Strip,10,,Box,10,,2
Dolo 125,Paracetamol 125mg,Medicine,Micro Labs,tablet,No,100,Tablet,,Strip,10,,Box,10,,2
Dolo 250,Paracetamol 250mg,Medicine,Micro Labs,tablet,No,100,Tablet,,Strip,10,,Box,10,,2
Calpol 120,Paracetamol 120mg,Medicine,GSK,tablet,No,100,Tablet,,Strip,10,,Box,10,,2
Dolo 650 Suspension 60ml,Paracetamol 250mg/5ml,Medicine,Micro Labs,bottle,No,10,Bottle,,,,,,,,1
Dolo Drops 15ml,Paracetamol 100mg/ml,Medicine,Micro Labs,drops,No,6,Bottle,,,,,,,,1
Calpol 650,Paracetamol 650mg,Medicine,GSK,tablet,No,100,Tablet,,Strip,10,,Box,10,,2
Calpol 250,Paracetamol 250mg,Medicine,GSK,tablet,No,100,Tablet,,Strip,10,,Box,10,,2
Crocin 500,Paracetamol 500mg,Medicine,GSK,tablet,No,100,Tablet,,Strip,10,,Box,10,,2
Calpol 120 Suspension 60ml,Paracetamol 120mg/5ml,Medicine,GSK,bottle,No,10,Bottle,,,,,,,,1
Crocin 650,Paracetamol 650mg,Medicine,GSK,tablet,No,100,Tablet,,Strip,10,,Box,10,,2
Crocin Drops 15ml,Paracetamol 100mg/ml,Medicine,GSK,drops,No,6,Bottle,,,,,,,,1
Crocin Suspension 60ml,Paracetamol 120mg/5ml,Medicine,GSK,bottle,No,10,Bottle,,,,,,,,1
Pacimol Drops 15ml,Paracetamol 100mg/ml,Medicine,Ipca,drops,No,6,Bottle,,,,,,,,1
Pacimol 650,Paracetamol 650mg,Medicine,Ipca,tablet,No,100,Tablet,,Strip,10,,Box,10,,2
Paracip 650,Paracetamol 650mg,Medicine,Cipla,tablet,No,100,Tablet,,Strip,10,,Box,10,,2
Febrex 500,Paracetamol 500mg,Medicine,Indoco,tablet,No,100,Tablet,,Strip,10,,Box,10,,2
Febrex 650,Paracetamol 650mg,Medicine,Indoco,tablet,No,100,Tablet,,Strip,10,,Box,10,,2
Pyrigesic 500,Paracetamol 500mg,Medicine,East India Pharma,tablet,No,100,Tablet,,Strip,10,,Box,10,,2
Pyrigesic 650,Paracetamol 650mg,Medicine,East India Pharma,tablet,No,100,Tablet,,Strip,10,,Box,10,,2
Paracetamol 125mg,Paracetamol 125mg,Medicine,,tablet,No,100,Tablet,,Strip,10,,Box,10,,2
Paracetamol Suspension 100ml,Paracetamol 250mg/5ml,Medicine,,bottle,No,10,Bottle,,,,,,,,1
Paracetamol 1000mg,Paracetamol 1000mg,Medicine,,tablet,No,100,Tablet,,Strip,10,,Box,10,,2
Paracetamol 250mg,Paracetamol 250mg,Medicine,,tablet,No,100,Tablet,,Strip,10,,Box,10,,2
Paracetamol Suppository 250mg,Paracetamol 250mg suppository,Medicine,,box,No,10,Piece,,,,,,,,1
Paracetamol Injection 2ml,Paracetamol 150mg/ml,Medicine,,vial,No,10,Ampoule,,,,,,,,1
Zerodol 200,Aceclofenac 200mg,Medicine,Ipca,tablet,No,100,Tablet,,Strip,10,,Box,10,,2
Zerodol-TH 8,Aceclofenac 100mg + Thiocolchicoside 8mg,Medicine,Ipca,tablet,No,100,Tablet,,Strip,10,,Box,10,,2
Zerodol-SP Plus,Aceclofenac + Paracetamol + Serratiopeptidase,Medicine,Ipca,tablet,No,100,Tablet,,Strip,10,,Box,10,,2
Hifenac 200,Aceclofenac 200mg,Medicine,Intas,tablet,No,100,Tablet,,Strip,10,,Box,10,,2
Hifenac 100,Aceclofenac 100mg,Medicine,Intas,tablet,No,100,Tablet,,Strip,10,,Box,10,,2
Zerodol Gel 30g,Aceclofenac topical gel,Medicine,Ipca,tube,No,6,Tube,,,,,,,,1
Hifenac-TH 4,Aceclofenac 100mg + Thiocolchicoside 4mg,Medicine,Intas,tablet,No,100,Tablet,,Strip,10,,Box,10,,2
Hifenac-MR,Aceclofenac + Paracetamol + Chlorzoxazone,Medicine,Intas,tablet,No,100,Tablet,,Strip,10,,Box,10,,2
Acenac-MR,Aceclofenac + Paracetamol + Chlorzoxazone,Medicine,Medley,tablet,No,100,Tablet,,Strip,10,,Box,10,,2
Acenac 100,Aceclofenac 100mg,Medicine,Medley,tablet,No,100,Tablet,,Strip,10,,Box,10,,2
Aceclofenac 200mg SR,Aceclofenac SR 200mg,Medicine,,tablet,No,100,Tablet,,Strip,10,,Box,10,,2
Aceclofenac + Paracetamol + Chlorzoxazone,Aceclofenac + Paracetamol + Chlorzoxazone,Medicine,,tablet,No,100,Tablet,,Strip,10,,Box,10,,2
Aceclofenac 100mg + Paracetamol 500mg,Aceclofenac + Paracetamol,Medicine,,tablet,No,100,Tablet,,Strip,10,,Box,10,,2
Aceclofenac Suspension 60ml,Aceclofenac 50mg/5ml,Medicine,,bottle,No,10,Bottle,,,,,,,,1
Voveran 75,Diclofenac 75mg,Medicine,Novartis,tablet,No,100,Tablet,,Strip,10,,Box,10,,2
Voveran Plus,Diclofenac 50mg + Paracetamol 500mg,Medicine,Novartis,tablet,No,100,Tablet,,Strip,10,,Box,10,,2
Voveran Suppository 12.5mg,Diclofenac 12.5mg suppository,Medicine,Novartis,box,No,10,Piece,,,,,,,,1
Diclofenac Sodium 25mg,Diclofenac Sodium 25mg,Medicine,,tablet,No,100,Tablet,,Strip,10,,Box,10,,2
Diclofenac Suppository 50mg,Diclofenac 50mg suppository,Medicine,,box,No,10,Piece,,,,,,,,1
Diclofenac Sodium 100mg,Diclofenac Sodium 100mg,Medicine,,tablet,No,100,Tablet,,Strip,10,,Box,10,,2
Diclofenac + Linseed Oil + Menthol Gel 30g,Topical pain gel,Medicine,,tube,No,6,Tube,,,,,,,,1
Diclofenac 50mg + Serratiopeptidase 10mg,Diclofenac + Serratiopeptidase,Medicine,,tablet,No,100,Tablet,,Strip,10,,Box,10,,2
Diclofenac Potassium 50mg,Diclofenac Potassium 50mg,Medicine,,tablet,No,100,Tablet,,Strip,10,,Box,10,,2
Brufen 200,Ibuprofen 200mg,Medicine,Abbott,tablet,No,100,Tablet,,Strip,10,,Box,10,,2
Brufen 600,Ibuprofen 600mg,Medicine,Abbott,tablet,No,100,Tablet,,Strip,10,,Box,10,,2
Diclofenac Spray 55g,Diclofenac topical spray,Medicine,,bottle,No,10,Bottle,,,,,,,,1
Ibuprofen 200mg,Ibuprofen 200mg,Medicine,,tablet,No,100,Tablet,,Strip,10,,Box,10,,2
Ibuprofen 600mg,Ibuprofen 600mg,Medicine,,tablet,No,100,Tablet,,Strip,10,,Box,10,,2
Ibuprofen 400mg + Paracetamol 500mg,Ibuprofen + Paracetamol,Medicine,,tablet,No,100,Tablet,,Strip,10,,Box,10,,2
Ibuprofen + Paracetamol Suspension 100ml,Ibuprofen + Paracetamol suspension,Medicine,,bottle,No,10,Bottle,,,,,,,,1
Nise 50,Nimesulide 50mg,Medicine,Dr. Reddy's,tablet,No,100,Tablet,,Strip,10,,Box,10,,2
Nimulid Transgel 30g,Nimesulide topical gel,Medicine,Panacea Biotec,tablet,No,100,Tablet,,Strip,10,,Box,10,,2
Nise Suspension 60ml,Nimesulide 50mg/5ml,Medicine,Dr. Reddy's,bottle,No,10,Bottle,,,,,,,,1
Nimesulide 100mg + Paracetamol 325mg,Nimesulide + Paracetamol,Medicine,,tablet,No,100,Tablet,,Strip,10,,Box,10,,2
Nimesulide Suspension 60ml,Nimesulide 50mg/5ml,Medicine,,bottle,No,10,Bottle,,,,,,,,1
Nimesulide 100mg,Nimesulide 100mg,Medicine,,tablet,No,100,Tablet,,Strip,10,,Box,10,,2
Meftal Forte,Mefenamic Acid 500mg + Paracetamol 325mg,Medicine,Blue Cross,tablet,No,100,Tablet,,Strip,10,,Box,10,,2
Meftal 250,Mefenamic Acid 250mg,Medicine,Blue Cross,tablet,No,100,Tablet,,Strip,10,,Box,10,,2
Nucoxia 120,Etoricoxib 120mg,Medicine,Zydus,tablet,No,100,Tablet,,Strip,10,,Box,10,,2
Mefenamic Acid Suspension 60ml,Mefenamic Acid 100mg/5ml,Medicine,,bottle,No,10,Bottle,,,,,,,,1
Etova 120,Etoricoxib 120mg,Medicine,Zydus,tablet,No,100,Tablet,,Strip,10,,Box,10,,2
Etova 60,Etoricoxib 60mg,Medicine,Zydus,tablet,No,100,Tablet,,Strip,10,,Box,10,,2
Etoshine 60,Etoricoxib 60mg,Medicine,Sun Pharma,tablet,No,100,Tablet,,Strip,10,,Box,10,,2
Etoshine 120,Etoricoxib 120mg,Medicine,Sun Pharma,tablet,No,100,Tablet,,Strip,10,,Box,10,,2
Etoricoxib 60mg + Paracetamol 325mg,Etoricoxib + Paracetamol,Medicine,,tablet,No,100,Tablet,,Strip,10,,Box,10,,2
Etoricoxib 90mg,Etoricoxib 90mg,Medicine,,tablet,No,100,Tablet,,Strip,10,,Box,10,,2
Celecoxib 100mg,Celecoxib 100mg,Medicine,,capsule,No,100,Capsule,,Strip,10,,Box,10,,2
Celecoxib 200mg,Celecoxib 200mg,Medicine,,capsule,No,100,Capsule,,Strip,10,,Box,10,,2
Naproxen 500mg + Domperidone 10mg,Naproxen + Domperidone,Medicine,,tablet,No,100,Tablet,,Strip,10,,Box,10,,2
Naproxen 250mg,Naproxen 250mg,Medicine,,tablet,No,100,Tablet,,Strip,10,,Box,10,,2
Flurbiprofen 100mg,Flurbiprofen 100mg,Medicine,,tablet,No,100,Tablet,,Strip,10,,Box,10,,2
Ketoprofen Gel 30g,Ketoprofen 2.5% gel,Medicine,,tube,No,6,Tube,,,,,,,,1
Ketoprofen 100mg,Ketoprofen 100mg,Medicine,,tablet,No,100,Tablet,,Strip,10,,Box,10,,2
Lornoxicam 8mg,Lornoxicam 8mg,Medicine,,tablet,No,100,Tablet,,Strip,10,,Box,10,,2
Lornoxicam 4mg,Lornoxicam 4mg,Medicine,,tablet,No,100,Tablet,,Strip,10,,Box,10,,2
Lornoxicam 8mg + Paracetamol 325mg,Lornoxicam + Paracetamol,Medicine,,tablet,No,100,Tablet,,Strip,10,,Box,10,,2
Ketorolac Nasal Spray 10ml,Ketorolac nasal spray,Medicine,,drops,No,6,Bottle,,,,,,,,1
Ketorolac 10mg,Ketorolac 10mg,Medicine,,tablet,No,100,Tablet,,Strip,10,,Box,10,,2
Indomethacin 75mg,Indomethacin 75mg,Medicine,,tablet,No,100,Tablet,,Strip,10,,Box,10,,2
Piroxicam 10mg,Piroxicam 10mg,Medicine,,tablet,No,100,Tablet,,Strip,10,,Box,10,,2
Aceclofenac + Rabeprazole 100mg,Aceclofenac + Rabeprazole 100mg,Medicine,,tablet,No,100,Tablet,,Strip,10,,Box,10,,2
Piroxicam Gel 30g,Piroxicam 0.5% gel,Medicine,,tube,No,6,Tube,,,,,,,,1
Tramadol 100mg,Tramadol 100mg,Medicine,,tablet,Yes,100,Tablet,,Strip,10,,Box,10,,2
Tramadol 50mg,Tramadol 50mg,Medicine,,capsule,Yes,100,Capsule,,Strip,10,,Box,10,,2
Tapentadol 50mg,Tapentadol 50mg,Medicine,,tablet,No,100,Tablet,,Strip,10,,Box,10,,2
Tapentadol 100mg,Tapentadol 100mg,Medicine,,tablet,No,100,Tablet,,Strip,10,,Box,10,,2
Buprenorphine 0.2mg Sublingual,Buprenorphine 0.2mg,Medicine,,tablet,Yes,100,Tablet,,Strip,10,,Box,10,,2
Codeine Phosphate 30mg + Paracetamol 500mg,Codeine + Paracetamol,Medicine,,tablet,Yes,100,Tablet,,Strip,10,,Box,10,,2
Buprenorphine Injection 1ml,Buprenorphine 0.3mg/ml,Medicine,,vial,Yes,10,Ampoule,,,,,,,,1
Morphine Injection 1ml,Morphine Sulphate 10mg/ml,Medicine,,vial,Yes,10,Ampoule,,,,,,,,1
Fentanyl Injection 2ml,Fentanyl 100mcg/2ml,Medicine,,vial,No,10,Ampoule,,,,,,,,1
Morphine Sulphate 10mg,Morphine Sulphate 10mg,Medicine,,tablet,Yes,100,Tablet,,Strip,10,,Box,10,,2
Fentanyl Transdermal Patch 25mcg,Fentanyl 25mcg/hour patch,Medicine,,box,No,10,Piece,,,,,,,,1
Piroxicam Injection 2ml,Piroxicam 40mg/2ml,Medicine,,vial,No,10,Ampoule,,,,,,,,1
Nalbuphine Injection 1ml,Nalbuphine 10mg/ml,Medicine,,vial,No,10,Ampoule,,,,,,,,1
Diclofenac + Paracetamol Injection 3ml,Diclofenac + Paracetamol injection,Medicine,,vial,No,10,Ampoule,,,,,,,,1
Thiocolchicoside 8mg,Thiocolchicoside 8mg,Medicine,,tablet,No,100,Tablet,,Strip,10,,Box,10,,2
Thiocolchicoside 4mg Capsule,Thiocolchicoside 4mg,Medicine,,capsule,No,100,Capsule,,Strip,10,,Box,10,,2
Chlorzoxazone 500mg,Chlorzoxazone 500mg,Medicine,,tablet,No,100,Tablet,,Strip,10,,Box,10,,2
Thiocolchicoside Injection 2ml,Thiocolchicoside 4mg/2ml,Medicine,,vial,No,10,Ampoule,,,,,,,,1
Chlorzoxazone 250mg + Paracetamol 300mg + Diclofenac 50mg,Muscle relaxant combination,Medicine,,tablet,No,100,Tablet,,Strip,10,,Box,10,,2
Tizanidine 4mg,Tizanidine 4mg,Medicine,,tablet,No,100,Tablet,,Strip,10,,Box,10,,2
Baclofen 25mg,Baclofen 25mg,Medicine,,tablet,No,100,Tablet,,Strip,10,,Box,10,,2
Cyclobenzaprine 5mg,Cyclobenzaprine 5mg,Medicine,,tablet,No,100,Tablet,,Strip,10,,Box,10,,2
Eperisone 50mg,Eperisone 50mg,Medicine,,tablet,No,100,Tablet,,Strip,10,,Box,10,,2
Cyclobenzaprine 10mg,Cyclobenzaprine 10mg,Medicine,,tablet,No,100,Tablet,,Strip,10,,Box,10,,2
Diclofenac Transdermal Patch,Diclofenac patch,Medicine,,box,No,10,Piece,,,,,,,,1
Eperisone 50mg + Diclofenac 50mg,Eperisone + Diclofenac,Medicine,,tablet,No,100,Tablet,,Strip,10,,Box,10,,2
Capsaicin Cream 30g,Capsaicin 0.025% cream,Medicine,,tube,No,6,Tube,,,,,,,,1
Diclofenac + Methyl Salicylate + Menthol Gel 50g,Topical pain gel,Medicine,,tube,No,6,Tube,,,,,,,,1
Pain Relief Spray 100ml,Topical analgesic spray,Medicine,,box,No,10,Piece,,,,,,,,1
Febuxostat 20mg,Febuxostat 20mg,Medicine,,tablet,No,100,Tablet,,Strip,10,,Box,10,,2
Febuxostat 40mg + Diclofenac 50mg,Febuxostat + Diclofenac,Medicine,,tablet,No,100,Tablet,,Strip,10,,Box,10,,2
Probenecid 500mg,Probenecid 500mg,Medicine,,tablet,No,100,Tablet,,Strip,10,,Box,10,,2
Serratiopeptidase 15mg,Serratiopeptidase 15mg,Medicine,,tablet,No,100,Tablet,,Strip,10,,Box,10,,2
Serratiopeptidase 5mg,Serratiopeptidase 5mg,Medicine,,tablet,No,100,Tablet,,Strip,10,,Box,10,,2
Diclofenac 50mg + Serratiopeptidase 15mg + Paracetamol 325mg,Anti-inflammatory combination,Medicine,,tablet,No,100,Tablet,,Strip,10,,Box,10,,2
Trypsin + Bromelain + Rutoside Tablet,Trypsin Bromelain Rutoside,Medicine,,tablet,No,100,Tablet,,Strip,10,,Box,10,,2
Methotrexate 10mg,Methotrexate 10mg,Medicine,,tablet,No,100,Tablet,,Strip,10,,Box,10,,2
Methotrexate 5mg,Methotrexate 5mg,Medicine,,tablet,No,100,Tablet,,Strip,10,,Box,10,,2
Methotrexate 15mg,Methotrexate 15mg,Medicine,,tablet,No,100,Tablet,,Strip,10,,Box,10,,2
Methotrexate Injection 2ml,Methotrexate 50mg/2ml,Medicine,,vial,No,10,Vial,,,,,,,,1
Leflunomide 10mg,Leflunomide 10mg,Medicine,,tablet,No,100,Tablet,,Strip,10,,Box,10,,2
Leflunomide 20mg,Leflunomide 20mg,Medicine,,tablet,No,100,Tablet,,Strip,10,,Box,10,,2
Azathioprine 25mg,Azathioprine 25mg,Medicine,,capsule,No,100,Capsule,,Strip,10,,Box,10,,2
Sulfasalazine EN 500mg,Sulfasalazine EN 500mg,Medicine,,tablet,No,100,Tablet,,Strip,10,,Box,10,,2
Sulfasalazine EN 1000mg,Sulfasalazine EN 1000mg,Medicine,,tablet,No,100,Tablet,,Strip,10,,Box,10,,2
Mycophenolate Mofetil 250mg,Mycophenolate Mofetil 250mg,Medicine,,capsule,No,100,Capsule,,Strip,10,,Box,10,,2
Mycophenolate Mofetil 500mg,Mycophenolate Mofetil 500mg,Medicine,,capsule,No,100,Capsule,,Strip,10,,Box,10,,2
Cyclosporine 25mg,Cyclosporine 25mg,Medicine,,capsule,No,100,Capsule,,Strip,10,,Box,10,,2
Cyclosporine 50mg,Cyclosporine 50mg,Medicine,,capsule,No,100,Capsule,,Strip,10,,Box,10,,2
Cyclosporine 100mg,Cyclosporine 100mg,Medicine,,capsule,No,100,Capsule,,Strip,10,,Box,10,,2
Tofacitinib 5mg,Tofacitinib 5mg,Medicine,,tablet,No,100,Tablet,,Strip,10,,Box,10,,2
Deflazacort 1mg,Deflazacort 1mg,Medicine,,tablet,No,100,Tablet,,Strip,10,,Box,10,,2
Hydroxychloroquine Sulphate 100mg,Hydroxychloroquine Sulphate 100mg,Medicine,,tablet,No,100,Tablet,,Strip,10,,Box,10,,2
Prednisolone 2.5mg,Prednisolone 2.5mg,Medicine,,tablet,No,100,Tablet,,Strip,10,,Box,10,,2
Prednisolone 30mg,Prednisolone 30mg,Medicine,,tablet,No,100,Tablet,,Strip,10,,Box,10,,2
Deflazacort 12mg,Deflazacort 12mg,Medicine,,tablet,No,100,Tablet,,Strip,10,,Box,10,,2
Prednisolone 40mg,Prednisolone 40mg,Medicine,,tablet,No,100,Tablet,,Strip,10,,Box,10,,2
Methylprednisolone 2mg,Methylprednisolone 2mg,Medicine,,tablet,No,100,Tablet,,Strip,10,,Box,10,,2
Glucosamine 1500mg + Diacerein 50mg,Glucosamine + Diacerein,Medicine,,capsule,No,100,Capsule,,Strip,10,,Box,10,,2
Methylprednisolone 32mg,Methylprednisolone 32mg,Medicine,,tablet,No,100,Tablet,,Strip,10,,Box,10,,2
Diacerein 50mg,Diacerein 50mg,Medicine,,capsule,No,100,Capsule,,Strip,10,,Box,10,,2
Triamcinolone Injection 1ml,Triamcinolone Acetonide 40mg/ml,Medicine,,vial,No,10,Vial,,,,,,,,1
Hyaluronic Acid Knee Injection 2ml,Sodium Hyaluronate intra-articular,Medicine,,vial,No,10,Vial,,,,,,,,1
Glucosamine 500mg + Chondroitin 400mg,Glucosamine + Chondroitin,Medicine,,tablet,No,100,Tablet,,Strip,10,,Box,10,,2
Methylprednisolone Acetate 80mg Injection,Methylprednisolone Acetate 80mg,Medicine,,vial,No,10,Vial,,,,,,,,1
Levipil 750,Levetiracetam 750mg,Medicine,Intas,tablet,No,100,Tablet,,Strip,10,,Box,10,,2
Levera 250,Levetiracetam 250mg,Medicine,Sun Pharma,tablet,No,100,Tablet,,Strip,10,,Box,10,,2
Levipil 1000,Levetiracetam 1000mg,Medicine,Intas,tablet,No,100,Tablet,,Strip,10,,Box,10,,2
Levera 1000,Levetiracetam 1000mg,Medicine,Sun Pharma,tablet,No,100,Tablet,,Strip,10,,Box,10,,2
Levera 750,Levetiracetam 750mg,Medicine,Sun Pharma,tablet,No,100,Tablet,,Strip,10,,Box,10,,2
Torleva 750,Levetiracetam 750mg,Medicine,Torrent,tablet,No,100,Tablet,,Strip,10,,Box,10,,2
Torleva 500,Levetiracetam 500mg,Medicine,Torrent,tablet,No,100,Tablet,,Strip,10,,Box,10,,2
Torleva 250,Levetiracetam 250mg,Medicine,Torrent,tablet,No,100,Tablet,,Strip,10,,Box,10,,2
Keppra 250,Levetiracetam 250mg,Medicine,UCB,tablet,No,100,Tablet,,Strip,10,,Box,10,,2
Keppra 500,Levetiracetam 500mg,Medicine,UCB,tablet,No,100,Tablet,,Strip,10,,Box,10,,2
Levetiracetam 750mg,Levetiracetam 750mg,Medicine,,tablet,No,100,Tablet,,Strip,10,,Box,10,,2
Levetiracetam 500mg XR,Levetiracetam extended release 500mg,Medicine,,tablet,No,100,Tablet,,Strip,10,,Box,10,,2
Levetiracetam 1000mg,Levetiracetam 1000mg,Medicine,,tablet,No,100,Tablet,,Strip,10,,Box,10,,2
Brivaracetam 50mg,Brivaracetam 50mg,Medicine,,tablet,No,100,Tablet,,Strip,10,,Box,10,,2
Brivaracetam 25mg,Brivaracetam 25mg,Medicine,,tablet,No,100,Tablet,,Strip,10,,Box,10,,2
Levetiracetam Syrup 100ml,Levetiracetam 100mg/ml,Medicine,,bottle,No,10,Bottle,,,,,,,,1
Brivaracetam 100mg,Brivaracetam 100mg,Medicine,,tablet,No,100,Tablet,,Strip,10,,Box,10,,2
Valparin Chrono 200,Sodium Valproate 200mg,Medicine,Sanofi,tablet,No,100,Tablet,,Strip,10,,Box,10,,2
Valparin Chrono 1000,Sodium Valproate 1000mg,Medicine,Sanofi,tablet,No,100,Tablet,,Strip,10,,Box,10,,2
Valparin Chrono 300,Sodium Valproate 300mg,Medicine,Sanofi,tablet,No,100,Tablet,,Strip,10,,Box,10,,2
Encorate Chrono 300,Sodium Valproate 300mg,Medicine,Sun Pharma,tablet,No,100,Tablet,,Strip,10,,Box,10,,2
Encorate Chrono 200,Sodium Valproate 200mg,Medicine,Sun Pharma,tablet,No,100,Tablet,,Strip,10,,Box,10,,2
Sodium Valproate 200mg,Sodium Valproate 200mg,Medicine,,tablet,No,100,Tablet,,Strip,10,,Box,10,,2
Encorate Chrono 1000,Sodium Valproate 1000mg,Medicine,Sun Pharma,tablet,No,100,Tablet,,Strip,10,,Box,10,,2
Sodium Valproate Injection 5ml,Sodium Valproate 100mg/ml,Medicine,,vial,No,10,Vial,,,,,,,,1
Sodium Valproate 300mg,Sodium Valproate 300mg,Medicine,,tablet,No,100,Tablet,,Strip,10,,Box,10,,2
Sodium Valproate Syrup 100ml,Sodium Valproate 200mg/5ml,Medicine,,bottle,No,10,Bottle,,,,,,,,1
Divalproex Sodium ER 250mg,Divalproex Sodium ER 250mg,Medicine,,tablet,No,100,Tablet,,Strip,10,,Box,10,,2
Divalproex Sodium ER 500mg,Divalproex Sodium ER 500mg,Medicine,,tablet,No,100,Tablet,,Strip,10,,Box,10,,2
Divalproex Sodium ER 750mg,Divalproex Sodium ER 750mg,Medicine,,tablet,No,100,Tablet,,Strip,10,,Box,10,,2
Divalproex Sodium ER 1000mg,Divalproex Sodium ER 1000mg,Medicine,,tablet,No,100,Tablet,,Strip,10,,Box,10,,2
Tegretol CR 100,Carbamazepine 100mg,Medicine,Novartis,tablet,No,100,Tablet,,Strip,10,,Box,10,,2
Tegretol CR 400,Carbamazepine 400mg,Medicine,Novartis,tablet,No,100,Tablet,,Strip,10,,Box,10,,2
Tegretol CR 300,Carbamazepine 300mg,Medicine,Novartis,tablet,No,100,Tablet,,Strip,10,,Box,10,,2
Mazetol SR 100,Carbamazepine 100mg,Medicine,Sun Pharma,tablet,No,100,Tablet,,Strip,10,,Box,10,,2
Mazetol SR 300,Carbamazepine 300mg,Medicine,Sun Pharma,tablet,No,100,Tablet,,Strip,10,,Box,10,,2
Mazetol SR 400,Carbamazepine 400mg,Medicine,Sun Pharma,tablet,No,100,Tablet,,Strip,10,,Box,10,,2
Carbamazepine 400mg,Carbamazepine 400mg,Medicine,,tablet,No,100,Tablet,,Strip,10,,Box,10,,2
Carbamazepine 100mg,Carbamazepine 100mg,Medicine,,tablet,No,100,Tablet,,Strip,10,,Box,10,,2
Oxetol 150,Oxcarbazepine 150mg,Medicine,Sun Pharma,tablet,No,100,Tablet,,Strip,10,,Box,10,,2
Carbamazepine Suspension 100ml,Carbamazepine 100mg/5ml,Medicine,,bottle,No,10,Bottle,,,,,,,,1
Oxetol 600,Oxcarbazepine 600mg,Medicine,Sun Pharma,tablet,No,100,Tablet,,Strip,10,,Box,10,,2
Oxetol 450,Oxcarbazepine 450mg,Medicine,Sun Pharma,tablet,No,100,Tablet,,Strip,10,,Box,10,,2
Oxcarbazepine 600mg,Oxcarbazepine 600mg,Medicine,,tablet,No,100,Tablet,,Strip,10,,Box,10,,2
Oxcarbazepine 150mg,Oxcarbazepine 150mg,Medicine,,tablet,No,100,Tablet,,Strip,10,,Box,10,,2
Lamitor 25,Lamotrigine 25mg,Medicine,Torrent,tablet,No,100,Tablet,,Strip,10,,Box,10,,2
Oxcarbazepine Suspension 100ml,Oxcarbazepine 300mg/5ml,Medicine,,bottle,No,10,Bottle,,,,,,,,1
Lamitor 100,Lamotrigine 100mg,Medicine,Torrent,tablet,No,100,Tablet,,Strip,10,,Box,10,,2
Lametec 25,Lamotrigine 25mg,Medicine,Intas,tablet,No,100,Tablet,,Strip,10,,Box,10,,2
Lametec 50,Lamotrigine 50mg,Medicine,Intas,tablet,No,100,Tablet,,Strip,10,,Box,10,,2
Lametec 100,Lamotrigine 100mg,Medicine,Intas,tablet,No,100,Tablet,,Strip,10,,Box,10,,2
Lamotrigine 25mg,Lamotrigine 25mg,Medicine,,tablet,No,100,Tablet,,Strip,10,,Box,10,,2
Topiramate 25mg,Topiramate 25mg,Medicine,,tablet,No,100,Tablet,,Strip,10,,Box,10,,2
Lamotrigine 100mg,Lamotrigine 100mg,Medicine,,tablet,No,100,Tablet,,Strip,10,,Box,10,,2
Topiramate 100mg,Topiramate 100mg,Medicine,,tablet,No,100,Tablet,,Strip,10,,Box,10,,2
Zonisamide 25mg,Zonisamide 25mg,Medicine,,tablet,No,100,Tablet,,Strip,10,,Box,10,,2
Zonisamide 50mg,Zonisamide 50mg,Medicine,,tablet,No,100,Tablet,,Strip,10,,Box,10,,2
Zonisamide 100mg,Zonisamide 100mg,Medicine,,tablet,No,100,Tablet,,Strip,10,,Box,10,,2
Clobazam 20mg,Clobazam 20mg,Medicine,,tablet,No,100,Tablet,,Strip,10,,Box,10,,2
Clobazam 5mg,Clobazam 5mg,Medicine,,tablet,No,100,Tablet,,Strip,10,,Box,10,,2
Phenytoin Sodium 300mg,Phenytoin Sodium 300mg,Medicine,,tablet,No,100,Tablet,,Strip,10,,Box,10,,2
Phenytoin Sodium 50mg,Phenytoin Sodium 50mg,Medicine,,tablet,No,100,Tablet,,Strip,10,,Box,10,,2
Phenobarbitone 100mg,Phenobarbitone 100mg,Medicine,,tablet,Yes,100,Tablet,,Strip,10,,Box,10,,2
Phenobarbitone 30mg,Phenobarbitone 30mg,Medicine,,tablet,Yes,100,Tablet,,Strip,10,,Box,10,,2
Phenobarbitone Syrup 100ml,Phenobarbitone 20mg/5ml,Medicine,,bottle,Yes,10,Bottle,,,,,,,,1
Perampanel 2mg,Perampanel 2mg,Medicine,,tablet,No,100,Tablet,,Strip,10,,Box,10,,2
Lacosamide 50mg,Lacosamide 50mg,Medicine,,tablet,No,100,Tablet,,Strip,10,,Box,10,,2
Lacosamide 100mg,Lacosamide 100mg,Medicine,,tablet,No,100,Tablet,,Strip,10,,Box,10,,2
Perampanel 4mg,Perampanel 4mg,Medicine,,tablet,No,100,Tablet,,Strip,10,,Box,10,,2
Lacosamide 200mg,Lacosamide 200mg,Medicine,,tablet,No,100,Tablet,,Strip,10,,Box,10,,2
Gabapin 100,Gabapentin 100mg,Medicine,Intas,capsule,No,100,Capsule,,Strip,10,,Box,10,,2
Lacosamide Injection 20ml,Lacosamide 200mg/20ml,Medicine,,vial,No,10,Vial,,,,,,,,1
Gabapin ME,Gabapentin 300mg + Methylcobalamin 500mcg,Medicine,Intas,tablet,No,100,Tablet,,Strip,10,,Box,10,,2
Gabapin 400,Gabapentin 400mg,Medicine,Intas,capsule,No,100,Capsule,,Strip,10,,Box,10,,2
Gabapin NT 400,Gabapentin 400mg + Nortriptyline 10mg,Medicine,Intas,tablet,No,100,Tablet,,Strip,10,,Box,10,,2
Gabantin 100,Gabapentin 100mg,Medicine,Sun Pharma,capsule,No,100,Capsule,,Strip,10,,Box,10,,2
Gabantin 400,Gabapentin 400mg,Medicine,Sun Pharma,capsule,No,100,Capsule,,Strip,10,,Box,10,,2
Gabapentin 100mg,Gabapentin 100mg,Medicine,,capsule,No,100,Capsule,,Strip,10,,Box,10,,2
Gabapentin 400mg,Gabapentin 400mg,Medicine,,capsule,No,100,Capsule,,Strip,10,,Box,10,,2
Gabapentin 600mg,Gabapentin 600mg,Medicine,,capsule,No,100,Capsule,,Strip,10,,Box,10,,2
Pregabid 25,Pregabalin 25mg,Medicine,Intas,capsule,No,100,Capsule,,Strip,10,,Box,10,,2
Pregabid 50,Pregabalin 50mg,Medicine,Intas,capsule,No,100,Capsule,,Strip,10,,Box,10,,2
Pregabid 150,Pregabalin 150mg,Medicine,Intas,capsule,No,100,Capsule,,Strip,10,,Box,10,,2
Pregabid 300,Pregabalin 300mg,Medicine,Intas,capsule,No,100,Capsule,,Strip,10,,Box,10,,2
Maxgalin 50,Pregabalin 50mg,Medicine,Sun Pharma,capsule,No,100,Capsule,,Strip,10,,Box,10,,2
Maxgalin 150,Pregabalin 150mg,Medicine,Sun Pharma,capsule,No,100,Capsule,,Strip,10,,Box,10,,2
Maxgalin 300,Pregabalin 300mg,Medicine,Sun Pharma,capsule,No,100,Capsule,,Strip,10,,Box,10,,2
Lyrica 150,Pregabalin 150mg,Medicine,Pfizer,capsule,No,100,Capsule,,Strip,10,,Box,10,,2
Pregabalin 75mg SR,Pregabalin sustained release 75mg,Medicine,,capsule,No,100,Capsule,,Strip,10,,Box,10,,2
Lyrica 300,Pregabalin 300mg,Medicine,Pfizer,capsule,No,100,Capsule,,Strip,10,,Box,10,,2
Pregabalin 25mg,Pregabalin 25mg,Medicine,,capsule,No,100,Capsule,,Strip,10,,Box,10,,2
Pregabalin 150mg,Pregabalin 150mg,Medicine,,capsule,No,100,Capsule,,Strip,10,,Box,10,,2
Pregabalin 75mg + Nortriptyline 10mg,Pregabalin + Nortriptyline,Medicine,,tablet,No,100,Tablet,,Strip,10,,Box,10,,2
Pregabalin 300mg,Pregabalin 300mg,Medicine,,capsule,No,100,Capsule,,Strip,10,,Box,10,,2
Pregabalin 75mg + Duloxetine 20mg,Pregabalin + Duloxetine,Medicine,,tablet,No,100,Tablet,,Strip,10,,Box,10,,2
Methylcobalamin 1500mcg + Alpha Lipoic Acid 100mg,Methylcobalamin + Alpha Lipoic Acid,Medicine,,capsule,No,100,Capsule,,Strip,10,,Box,10,,2
Methylcobalamin 500mcg,Methylcobalamin 500mcg,Medicine,,tablet,No,100,Tablet,,Strip,10,,Box,10,,2
Methylcobalamin Injection 2ml,Methylcobalamin 1500mcg/2ml,Medicine,,vial,No,10,Vial,,,,,,,,1
Sumatriptan 25mg,Sumatriptan 25mg,Medicine,,tablet,No,100,Tablet,,Strip,10,,Box,10,,2
Sumatriptan Nasal Spray,Sumatriptan 20mg nasal spray,Medicine,,drops,No,6,Bottle,,,,,,,,1
Sumatriptan 100mg,Sumatriptan 100mg,Medicine,,tablet,No,100,Tablet,,Strip,10,,Box,10,,2
Rizatriptan 10mg,Rizatriptan 10mg,Medicine,,tablet,No,100,Tablet,,Strip,10,,Box,10,,2
Naratriptan 2.5mg,Naratriptan 2.5mg,Medicine,,tablet,No,100,Tablet,,Strip,10,,Box,10,,2
Zolmitriptan 2.5mg,Zolmitriptan 2.5mg,Medicine,,tablet,No,100,Tablet,,Strip,10,,Box,10,,2
Flunarizine 5mg,Flunarizine 5mg,Medicine,,tablet,No,100,Tablet,,Strip,10,,Box,10,,2
Zolmitriptan 5mg,Zolmitriptan 5mg,Medicine,,tablet,No,100,Tablet,,Strip,10,,Box,10,,2
Flunarizine 20mg,Flunarizine 20mg,Medicine,,tablet,No,100,Tablet,,Strip,10,,Box,10,,2
Flunarizine 20mg + Propranolol 40mg,Flunarizine + Propranolol,Medicine,,tablet,No,100,Tablet,,Strip,10,,Box,10,,2
Betahistine 8mg,Betahistine 8mg,Medicine,,tablet,No,100,Tablet,,Strip,10,,Box,10,,2
Cinnarizine 20mg + Dimenhydrinate 40mg,Cinnarizine + Dimenhydrinate,Medicine,,tablet,No,100,Tablet,,Strip,10,,Box,10,,2
Cinnarizine 75mg,Cinnarizine 75mg,Medicine,,tablet,No,100,Tablet,,Strip,10,,Box,10,,2
Dimenhydrinate 50mg,Dimenhydrinate 50mg,Medicine,,tablet,No,100,Tablet,,Strip,10,,Box,10,,2
Betahistine 32mg,Betahistine 32mg,Medicine,,tablet,No,100,Tablet,,Strip,10,,Box,10,,2
Prochlorperazine 10mg,Prochlorperazine 10mg,Medicine,,tablet,No,100,Tablet,,Strip,10,,Box,10,,2
Vertin 24,Betahistine 24mg,Medicine,Abbott,tablet,No,100,Tablet,,Strip,10,,Box,10,,2
Ergotamine 1mg + Caffeine 100mg,Ergotamine + Caffeine,Medicine,,tablet,No,100,Tablet,,Strip,10,,Box,10,,2
Syndopa CR 125,Levodopa + Carbidopa controlled release,Medicine,Sun Pharma,tablet,No,100,Tablet,,Strip,10,,Box,10,,2
Syndopa 275,Levodopa 250mg + Carbidopa 25mg,Medicine,Sun Pharma,tablet,No,100,Tablet,,Strip,10,,Box,10,,2
Divalproex for migraine 125mg,Divalproex for migraine 125mg,Medicine,,tablet,No,100,Tablet,,Strip,10,,Box,10,,2
Levodopa 100mg + Carbidopa 10mg,Levodopa + Carbidopa,Medicine,,tablet,No,100,Tablet,,Strip,10,,Box,10,,2
Pramipexole 0.125mg,Pramipexole 0.125mg,Medicine,,tablet,No,100,Tablet,,Strip,10,,Box,10,,2
Levodopa 250mg + Carbidopa 25mg,Levodopa + Carbidopa,Medicine,,tablet,No,100,Tablet,,Strip,10,,Box,10,,2
Pramipexole 0.5mg,Pramipexole 0.5mg,Medicine,,tablet,No,100,Tablet,,Strip,10,,Box,10,,2
Pramipexole 1mg,Pramipexole 1mg,Medicine,,tablet,No,100,Tablet,,Strip,10,,Box,10,,2
Pramipexole ER 0.75mg,Pramipexole extended release 0.75mg,Medicine,,tablet,No,100,Tablet,,Strip,10,,Box,10,,2
Ropinirole 0.5mg,Ropinirole 0.5mg,Medicine,,tablet,No,100,Tablet,,Strip,10,,Box,10,,2
Ropinirole 0.25mg,Ropinirole 0.25mg,Medicine,,tablet,No,100,Tablet,,Strip,10,,Box,10,,2
Ropinirole 2mg,Ropinirole 2mg,Medicine,,tablet,No,100,Tablet,,Strip,10,,Box,10,,2
Ropinirole 1mg,Ropinirole 1mg,Medicine,,tablet,No,100,Tablet,,Strip,10,,Box,10,,2
Trihexyphenidyl 5mg,Trihexyphenidyl 5mg,Medicine,,tablet,No,100,Tablet,,Strip,10,,Box,10,,2
Amantadine 100mg,Amantadine 100mg,Medicine,,tablet,No,100,Tablet,,Strip,10,,Box,10,,2
Entacapone 200mg,Entacapone 200mg,Medicine,,tablet,No,100,Tablet,,Strip,10,,Box,10,,2
Donepezil 10mg,Donepezil 10mg,Medicine,,tablet,No,100,Tablet,,Strip,10,,Box,10,,2
Rasagiline 0.5mg,Rasagiline 0.5mg,Medicine,,tablet,No,100,Tablet,,Strip,10,,Box,10,,2
Rasagiline 1mg,Rasagiline 1mg,Medicine,,tablet,No,100,Tablet,,Strip,10,,Box,10,,2
Memantine 10mg,Memantine 10mg,Medicine,,tablet,No,100,Tablet,,Strip,10,,Box,10,,2
Donepezil 10mg + Memantine 10mg,Donepezil + Memantine,Medicine,,tablet,No,100,Tablet,,Strip,10,,Box,10,,2
Rivastigmine 3mg,Rivastigmine 3mg,Medicine,,capsule,No,100,Capsule,,Strip,10,,Box,10,,2
Rivastigmine 1.5mg,Rivastigmine 1.5mg,Medicine,,capsule,No,100,Capsule,,Strip,10,,Box,10,,2
Rivastigmine Patch 9.5mg,Rivastigmine transdermal patch,Medicine,,box,No,10,Piece,,,,,,,,1
Piracetam 400mg,Piracetam 400mg,Medicine,,tablet,No,100,Tablet,,Strip,10,,Box,10,,2
Citicoline 250mg,Citicoline 250mg,Medicine,,capsule,No,100,Capsule,,Strip,10,,Box,10,,2
Citicoline 500mg + Piracetam 800mg,Citicoline + Piracetam,Medicine,,tablet,No,100,Tablet,,Strip,10,,Box,10,,2
Piracetam 1200mg,Piracetam 1200mg,Medicine,,tablet,No,100,Tablet,,Strip,10,,Box,10,,2
Piracetam Syrup 100ml,Piracetam 500mg/5ml,Medicine,,bottle,No,10,Bottle,,,,,,,,1
Piracetam 800mg,Piracetam 800mg,Medicine,,tablet,No,100,Tablet,,Strip,10,,Box,10,,2
Ginkgo Biloba 60mg,Ginkgo Biloba 60mg,Medicine,,capsule,No,100,Capsule,,Strip,10,,Box,10,,2
Ginkgo Biloba 120mg,Ginkgo Biloba 120mg,Medicine,,capsule,No,100,Capsule,,Strip,10,,Box,10,,2
Ginkgo Biloba 40mg,Ginkgo Biloba 40mg,Medicine,,capsule,No,100,Capsule,,Strip,10,,Box,10,,2
Vinpocetine 5mg,Vinpocetine 5mg,Medicine,,tablet,No,100,Tablet,,Strip,10,,Box,10,,2
Vinpocetine 10mg,Vinpocetine 10mg,Medicine,,tablet,No,100,Tablet,,Strip,10,,Box,10,,2
Edaravone 30mg,Edaravone 30mg,Medicine,,tablet,No,100,Tablet,,Strip,10,,Box,10,,2
Nimodipine 30mg,Nimodipine 30mg,Medicine,,tablet,No,100,Tablet,,Strip,10,,Box,10,,2
Restyl 1,Alprazolam 1mg,Medicine,Sun Pharma,tablet,Yes,100,Tablet,,Strip,10,,Box,10,,2
Alprax 1,Alprazolam 1mg,Medicine,Torrent,tablet,Yes,100,Tablet,,Strip,10,,Box,10,,2
Restyl 0.25,Alprazolam 0.25mg,Medicine,Sun Pharma,tablet,Yes,100,Tablet,,Strip,10,,Box,10,,2
Lonazep 0.25,Clonazepam 0.25mg,Medicine,Sun Pharma,tablet,Yes,100,Tablet,,Strip,10,,Box,10,,2
Alprazolam 1mg,Alprazolam 1mg,Medicine,,tablet,Yes,100,Tablet,,Strip,10,,Box,10,,2
Lonazep 1,Clonazepam 1mg,Medicine,Sun Pharma,tablet,Yes,100,Tablet,,Strip,10,,Box,10,,2
Clonotril 0.25,Clonazepam 0.25mg,Medicine,Torrent,tablet,Yes,100,Tablet,,Strip,10,,Box,10,,2
Lonazep 2,Clonazepam 2mg,Medicine,Sun Pharma,tablet,Yes,100,Tablet,,Strip,10,,Box,10,,2
Clonotril 1,Clonazepam 1mg,Medicine,Torrent,tablet,Yes,100,Tablet,,Strip,10,,Box,10,,2
Clonotril 2,Clonazepam 2mg,Medicine,Torrent,tablet,Yes,100,Tablet,,Strip,10,,Box,10,,2
Clonazepam 0.25mg,Clonazepam 0.25mg,Medicine,,tablet,Yes,100,Tablet,,Strip,10,,Box,10,,2
Lonazep MD 0.5,Clonazepam mouth dissolving 0.5mg,Medicine,Sun Pharma,tablet,Yes,100,Tablet,,Strip,10,,Box,10,,2
Clonazepam 1mg,Clonazepam 1mg,Medicine,,tablet,Yes,100,Tablet,,Strip,10,,Box,10,,2
Diazepam 2mg,Diazepam 2mg,Medicine,,tablet,Yes,100,Tablet,,Strip,10,,Box,10,,2
Clonazepam 2mg,Clonazepam 2mg,Medicine,,tablet,Yes,100,Tablet,,Strip,10,,Box,10,,2
Diazepam 5mg,Diazepam 5mg,Medicine,,tablet,Yes,100,Tablet,,Strip,10,,Box,10,,2
Diazepam 10mg,Diazepam 10mg,Medicine,,tablet,Yes,100,Tablet,,Strip,10,,Box,10,,2
Lorazepam 2mg,Lorazepam 2mg,Medicine,,tablet,Yes,100,Tablet,,Strip,10,,Box,10,,2
Etilaam 0.25,Etizolam 0.25mg,Medicine,Intas,tablet,Yes,100,Tablet,,Strip,10,,Box,10,,2
Lorazepam Injection 2ml,Lorazepam 4mg/2ml,Medicine,,vial,Yes,10,Ampoule,,,,,,,,1
Etilaam 1,Etizolam 1mg,Medicine,Intas,tablet,Yes,100,Tablet,,Strip,10,,Box,10,,2
Etilaam MD 0.5,Etizolam mouth dissolving 0.5mg,Medicine,Intas,tablet,Yes,100,Tablet,,Strip,10,,Box,10,,2
Etizolam 0.25mg,Etizolam 0.25mg,Medicine,,tablet,Yes,100,Tablet,,Strip,10,,Box,10,,2
Etizolam 1mg,Etizolam 1mg,Medicine,,tablet,Yes,100,Tablet,,Strip,10,,Box,10,,2
Zolpidem 12.5mg,Zolpidem 12.5mg,Medicine,,tablet,Yes,100,Tablet,,Strip,10,,Box,10,,2
Zopiclone 7.5mg,Zopiclone 7.5mg,Medicine,,tablet,No,100,Tablet,,Strip,10,,Box,10,,2
Eszopiclone 1mg,Eszopiclone 1mg,Medicine,,tablet,No,100,Tablet,,Strip,10,,Box,10,,2
Eszopiclone 2mg,Eszopiclone 2mg,Medicine,,tablet,No,100,Tablet,,Strip,10,,Box,10,,2
Eszopiclone 3mg,Eszopiclone 3mg,Medicine,,tablet,No,100,Tablet,,Strip,10,,Box,10,,2
Melatonin 5mg,Melatonin 5mg,Medicine,,tablet,No,100,Tablet,,Strip,10,,Box,10,,2
Melatonin 3mg + Zolpidem 5mg,Melatonin + Zolpidem,Medicine,,tablet,Yes,100,Tablet,,Strip,10,,Box,10,,2
Melatonin 10mg,Melatonin 10mg,Medicine,,tablet,No,100,Tablet,,Strip,10,,Box,10,,2
Buspirone 10mg,Buspirone 10mg,Medicine,,tablet,No,100,Tablet,,Strip,10,,Box,10,,2
Buspirone 5mg,Buspirone 5mg,Medicine,,tablet,No,100,Tablet,,Strip,10,,Box,10,,2
Propranolol for anxiety 40mg,Propranolol for anxiety 40mg,Medicine,,tablet,No,100,Tablet,,Strip,10,,Box,10,,2
Chlordiazepoxide 10mg,Chlordiazepoxide 10mg,Medicine,,tablet,Yes,100,Tablet,,Strip,10,,Box,10,,2
Nexito 15,Escitalopram 15mg,Medicine,Sun Pharma,tablet,No,100,Tablet,,Strip,10,,Box,10,,2
Chlordiazepoxide 25mg,Chlordiazepoxide 25mg,Medicine,,tablet,Yes,100,Tablet,,Strip,10,,Box,10,,2
Midazolam Injection 5ml,Midazolam 5mg/ml,Medicine,,vial,Yes,10,Ampoule,,,,,,,,1
Nexito 20,Escitalopram 20mg,Medicine,Sun Pharma,tablet,No,100,Tablet,,Strip,10,,Box,10,,2
Cipralex 5,Escitalopram 5mg,Medicine,Lundbeck,tablet,No,100,Tablet,,Strip,10,,Box,10,,2
Cipralex 10,Escitalopram 10mg,Medicine,Lundbeck,tablet,No,100,Tablet,,Strip,10,,Box,10,,2
Escitalent 5,Escitalopram 5mg,Medicine,Intas,tablet,No,100,Tablet,,Strip,10,,Box,10,,2
Cipralex 20,Escitalopram 20mg,Medicine,Lundbeck,tablet,No,100,Tablet,,Strip,10,,Box,10,,2
Escitalent 20,Escitalopram 20mg,Medicine,Intas,tablet,No,100,Tablet,,Strip,10,,Box,10,,2
Escitalent 10,Escitalopram 10mg,Medicine,Intas,tablet,No,100,Tablet,,Strip,10,,Box,10,,2
Escitalopram 15mg,Escitalopram 15mg,Medicine,,tablet,No,100,Tablet,,Strip,10,,Box,10,,2
Escitalopram 20mg,Escitalopram 20mg,Medicine,,tablet,No,100,Tablet,,Strip,10,,Box,10,,2
Fluoxetine 10mg,Fluoxetine 10mg,Medicine,,capsule,No,100,Capsule,,Strip,10,,Box,10,,2
Escitalopram 10mg + Clonazepam 0.5mg,Escitalopram + Clonazepam,Medicine,,tablet,Yes,100,Tablet,,Strip,10,,Box,10,,2
Fluoxetine 20mg,Fluoxetine 20mg,Medicine,,capsule,No,100,Capsule,,Strip,10,,Box,10,,2
Fluoxetine 40mg,Fluoxetine 40mg,Medicine,,capsule,No,100,Capsule,,Strip,10,,Box,10,,2
Paroxetine 10mg,Paroxetine 10mg,Medicine,,tablet,No,100,Tablet,,Strip,10,,Box,10,,2
Sertraline 100mg,Sertraline 100mg,Medicine,,tablet,No,100,Tablet,,Strip,10,,Box,10,,2
Paroxetine 20mg,Paroxetine 20mg,Medicine,,tablet,No,100,Tablet,,Strip,10,,Box,10,,2
Paroxetine CR 25mg,Paroxetine controlled release 25mg,Medicine,,tablet,No,100,Tablet,,Strip,10,,Box,10,,2
Fluvoxamine 100mg,Fluvoxamine 100mg,Medicine,,tablet,No,100,Tablet,,Strip,10,,Box,10,,2
Fluvoxamine 50mg,Fluvoxamine 50mg,Medicine,,tablet,No,100,Tablet,,Strip,10,,Box,10,,2
Duloxetine 40mg,Duloxetine 40mg,Medicine,,capsule,No,100,Capsule,,Strip,10,,Box,10,,2
Duloxetine 60mg,Duloxetine 60mg,Medicine,,capsule,No,100,Capsule,,Strip,10,,Box,10,,2
Desvenlafaxine 50mg,Desvenlafaxine 50mg,Medicine,,tablet,No,100,Tablet,,Strip,10,,Box,10,,2
Venlafaxine XR 37.5mg,Venlafaxine XR 37.5mg,Medicine,,capsule,No,100,Capsule,,Strip,10,,Box,10,,2
Venlafaxine XR 150mg,Venlafaxine XR 150mg,Medicine,,capsule,No,100,Capsule,,Strip,10,,Box,10,,2
Desvenlafaxine 100mg,Desvenlafaxine 100mg,Medicine,,tablet,No,100,Tablet,,Strip,10,,Box,10,,2
Mirtazapine 7.5mg,Mirtazapine 7.5mg,Medicine,,tablet,No,100,Tablet,,Strip,10,,Box,10,,2
Mirtazapine 30mg,Mirtazapine 30mg,Medicine,,tablet,No,100,Tablet,,Strip,10,,Box,10,,2
Bupropion SR 150mg,Bupropion SR 150mg,Medicine,,tablet,No,100,Tablet,,Strip,10,,Box,10,,2
Bupropion SR 300mg,Bupropion SR 300mg,Medicine,,tablet,No,100,Tablet,,Strip,10,,Box,10,,2
Vortioxetine 10mg,Vortioxetine 10mg,Medicine,,tablet,No,100,Tablet,,Strip,10,,Box,10,,2
Vortioxetine 5mg,Vortioxetine 5mg,Medicine,,tablet,No,100,Tablet,,Strip,10,,Box,10,,2
Amitriptyline 75mg,Amitriptyline 75mg,Medicine,,tablet,No,100,Tablet,,Strip,10,,Box,10,,2
Amitriptyline 50mg,Amitriptyline 50mg,Medicine,,tablet,No,100,Tablet,,Strip,10,,Box,10,,2
Imipramine 75mg,Imipramine 75mg,Medicine,,tablet,No,100,Tablet,,Strip,10,,Box,10,,2
Imipramine 25mg,Imipramine 25mg,Medicine,,tablet,No,100,Tablet,,Strip,10,,Box,10,,2
Nortriptyline 10mg,Nortriptyline 10mg,Medicine,,tablet,No,100,Tablet,,Strip,10,,Box,10,,2
Dosulepin 25mg,Dosulepin 25mg,Medicine,,tablet,No,100,Tablet,,Strip,10,,Box,10,,2
Dosulepin 75mg,Dosulepin 75mg,Medicine,,tablet,No,100,Tablet,,Strip,10,,Box,10,,2
Olanzapine 2.5mg,Olanzapine 2.5mg,Medicine,,tablet,No,100,Tablet,,Strip,10,,Box,10,,2
Olanzapine 7.5mg,Olanzapine 7.5mg,Medicine,,tablet,No,100,Tablet,,Strip,10,,Box,10,,2
Olanzapine 20mg,Olanzapine 20mg,Medicine,,tablet,No,100,Tablet,,Strip,10,,Box,10,,2
Olanzapine 15mg,Olanzapine 15mg,Medicine,,tablet,No,100,Tablet,,Strip,10,,Box,10,,2
Olanzapine 5mg + Fluoxetine 20mg,Olanzapine + Fluoxetine,Medicine,,tablet,No,100,Tablet,,Strip,10,,Box,10,,2
Olanzapine 10mg Mouth Dissolving,Olanzapine 10mg orally disintegrating,Medicine,,tablet,No,100,Tablet,,Strip,10,,Box,10,,2
Risperidone 0.5mg,Risperidone 0.5mg,Medicine,,tablet,No,100,Tablet,,Strip,10,,Box,10,,2
Risperidone 1mg,Risperidone 1mg,Medicine,,tablet,No,100,Tablet,,Strip,10,,Box,10,,2
Risperidone 4mg,Risperidone 4mg,Medicine,,tablet,No,100,Tablet,,Strip,10,,Box,10,,2
Risperidone 3mg,Risperidone 3mg,Medicine,,tablet,No,100,Tablet,,Strip,10,,Box,10,,2
Risperidone Oral Solution 30ml,Risperidone 1mg/ml,Medicine,,bottle,No,10,Bottle,,,,,,,,1
Quetiapine 200mg,Quetiapine 200mg,Medicine,,tablet,No,100,Tablet,,Strip,10,,Box,10,,2
Quetiapine 50mg,Quetiapine 50mg,Medicine,,tablet,No,100,Tablet,,Strip,10,,Box,10,,2
Quetiapine 300mg,Quetiapine 300mg,Medicine,,tablet,No,100,Tablet,,Strip,10,,Box,10,,2
Quetiapine SR 200mg,Quetiapine sustained release 200mg,Medicine,,tablet,No,100,Tablet,,Strip,10,,Box,10,,2
Aripiprazole 15mg,Aripiprazole 15mg,Medicine,,tablet,No,100,Tablet,,Strip,10,,Box,10,,2
Aripiprazole 5mg,Aripiprazole 5mg,Medicine,,tablet,No,100,Tablet,,Strip,10,,Box,10,,2
Aripiprazole 2mg,Aripiprazole 2mg,Medicine,,tablet,No,100,Tablet,,Strip,10,,Box,10,,2
Aripiprazole 20mg,Aripiprazole 20mg,Medicine,,tablet,No,100,Tablet,,Strip,10,,Box,10,,2
Amisulpride 100mg,Amisulpride 100mg,Medicine,,tablet,No,100,Tablet,,Strip,10,,Box,10,,2
Amisulpride 50mg,Amisulpride 50mg,Medicine,,tablet,No,100,Tablet,,Strip,10,,Box,10,,2
Clozapine 25mg,Clozapine 25mg,Medicine,,tablet,No,100,Tablet,,Strip,10,,Box,10,,2
Amisulpride 200mg,Amisulpride 200mg,Medicine,,tablet,No,100,Tablet,,Strip,10,,Box,10,,2
Clozapine 100mg,Clozapine 100mg,Medicine,,tablet,No,100,Tablet,,Strip,10,,Box,10,,2
Clozapine 50mg,Clozapine 50mg,Medicine,,tablet,No,100,Tablet,,Strip,10,,Box,10,,2
Haloperidol 1.5mg,Haloperidol 1.5mg,Medicine,,tablet,No,100,Tablet,,Strip,10,,Box,10,,2
Haloperidol 10mg,Haloperidol 10mg,Medicine,,tablet,No,100,Tablet,,Strip,10,,Box,10,,2
Haloperidol Decanoate Injection 1ml,Haloperidol Decanoate 50mg/ml,Medicine,,vial,No,10,Ampoule,,,,,,,,1
Trifluoperazine 1mg,Trifluoperazine 1mg,Medicine,,tablet,No,100,Tablet,,Strip,10,,Box,10,,2
Chlorpromazine 25mg,Chlorpromazine 25mg,Medicine,,tablet,No,100,Tablet,,Strip,10,,Box,10,,2
Trifluoperazine 5mg,Trifluoperazine 5mg,Medicine,,tablet,No,100,Tablet,,Strip,10,,Box,10,,2
Chlorpromazine 50mg,Chlorpromazine 50mg,Medicine,,tablet,No,100,Tablet,,Strip,10,,Box,10,,2
Chlorpromazine 100mg,Chlorpromazine 100mg,Medicine,,tablet,No,100,Tablet,,Strip,10,,Box,10,,2
Lithium Carbonate SR 450mg,Lithium Carbonate sustained release 450mg,Medicine,,tablet,No,100,Tablet,,Strip,10,,Box,10,,2
Lithium Carbonate 400mg,Lithium Carbonate 400mg,Medicine,,tablet,No,100,Tablet,,Strip,10,,Box,10,,2
Flupentixol + Melitracen 0.5mg,Flupentixol + Melitracen 0.5mg,Medicine,,tablet,No,100,Tablet,,Strip,10,,Box,10,,2
Flupentixol 0.5mg + Melitracen 10mg,Flupentixol + Melitracen,Medicine,,tablet,No,100,Tablet,,Strip,10,,Box,10,,2
Atomoxetine 10mg,Atomoxetine 10mg,Medicine,,tablet,No,100,Tablet,,Strip,10,,Box,10,,2
Atomoxetine 18mg,Atomoxetine 18mg,Medicine,,tablet,No,100,Tablet,,Strip,10,,Box,10,,2
Atomoxetine 40mg,Atomoxetine 40mg,Medicine,,tablet,No,100,Tablet,,Strip,10,,Box,10,,2
Methylphenidate 5mg,Methylphenidate 5mg,Medicine,,tablet,No,100,Tablet,,Strip,10,,Box,10,,2
Atomoxetine 25mg,Atomoxetine 25mg,Medicine,,tablet,No,100,Tablet,,Strip,10,,Box,10,,2
Naltrexone 50mg,Naltrexone 50mg,Medicine,,tablet,No,100,Tablet,,Strip,10,,Box,10,,2
Methylphenidate 10mg,Methylphenidate 10mg,Medicine,,tablet,No,100,Tablet,,Strip,10,,Box,10,,2
Disulfiram 250mg,Disulfiram 250mg,Medicine,,tablet,No,100,Tablet,,Strip,10,,Box,10,,2
Acamprosate 333mg,Acamprosate 333mg,Medicine,,tablet,No,100,Tablet,,Strip,10,,Box,10,,2
Clotrimazole Cream 15g,Clotrimazole 1% cream,Medicine,,tube,No,6,Tube,,,,,,,,1
Baclofen for alcohol 10mg,Baclofen for alcohol 10mg,Medicine,,tablet,No,100,Tablet,,Strip,10,,Box,10,,2
Clotrimazole Lotion 15ml,Clotrimazole 1% lotion,Medicine,,bottle,No,10,Bottle,,,,,,,,1
Miconazole Cream 15g,Miconazole Nitrate 2% cream,Medicine,,tube,No,6,Tube,,,,,,,,1
Miconazole Dusting Powder 50g,Miconazole 2% powder,Medicine,,bottle,No,10,Bottle,,,,,,,,1
Clotrimazole Dusting Powder 50g,Clotrimazole 1% powder,Medicine,,bottle,No,10,Bottle,,,,,,,,1
Sertaconazole Cream 30g,Sertaconazole 2% cream,Medicine,,tube,No,6,Tube,,,,,,,,1
Terbinafine Cream 15g,Terbinafine 1% cream,Medicine,,tube,No,6,Tube,,,,,,,,1
Terbinafine Spray 30ml,Terbinafine 1% spray,Medicine,,bottle,No,10,Bottle,,,,,,,,1
Sertaconazole Dusting Powder 50g,Sertaconazole 2% powder,Medicine,,bottle,No,10,Bottle,,,,,,,,1
Eberconazole Cream 15g,Eberconazole 1% cream,Medicine,,tube,No,6,Tube,,,,,,,,1
Luliconazole Lotion 30ml,Luliconazole 1% lotion,Medicine,,bottle,No,10,Bottle,,,,,,,,1
Amorolfine Cream 15g,Amorolfine 0.25% cream,Medicine,,tube,No,6,Tube,,,,,,,,1
Luliconazole Cream 20g,Luliconazole 1% cream,Medicine,,tube,No,6,Tube,,,,,,,,1
Selenium Sulphide Shampoo 60ml,Selenium Sulphide 2.5% shampoo,Medicine,,bottle,No,10,Bottle,,,,,,,,1
Ketoconazole + Zinc Pyrithione Cream 30g,Ketoconazole + Zinc Pyrithione,Medicine,,tube,No,6,Tube,,,,,,,,1
Ketoconazole + Zinc Pyrithione Shampoo 100ml,Antidandruff shampoo,Medicine,,bottle,No,10,Bottle,,,,,,,,1
Zinc Pyrithione Shampoo 100ml,Zinc Pyrithione 1% shampoo,Medicine,,bottle,No,10,Bottle,,,,,,,,1
Ciclopirox Olamine Shampoo 100ml,Ciclopirox Olamine 1% shampoo,Medicine,,bottle,No,10,Bottle,,,,,,,,1
Beclomethasone + Clotrimazole + Neomycin Cream 15g,Three drug skin cream,Medicine,,tube,No,6,Tube,,,,,,,,1
Ketoconazole Lotion 100ml,Ketoconazole 2% lotion,Medicine,,bottle,No,10,Bottle,,,,,,,,1
Ciclopirox Olamine Cream 30g,Ciclopirox Olamine 1% cream,Medicine,,tube,No,6,Tube,,,,,,,,1
Ofloxacin + Ornidazole + Terbinafine + Clobetasol Cream 15g,Four drug skin cream,Medicine,,tube,No,6,Tube,,,,,,,,1
Mometasone Lotion 30ml,Mometasone 0.1% lotion,Medicine,,tube,No,6,Tube,,,,,,,,1
Mometasone + Terbinafine Cream 15g,Mometasone + Terbinafine,Medicine,,tube,No,6,Tube,,,,,,,,1
Luliconazole + Mometasone Cream 15g,Luliconazole + Mometasone,Medicine,,tube,No,6,Tube,,,,,,,,1
Halobetasol Cream 15g,Halobetasol Propionate 0.05% cream,Medicine,,tube,No,6,Tube,,,,,,,,1
Mometasone Ointment 15g,Mometasone 0.1% ointment,Medicine,,tube,No,6,Tube,,,,,,,,1
Fluticasone Cream 15g,Fluticasone Propionate 0.05% cream,Medicine,,tube,No,6,Tube,,,,,,,,1
Halobetasol + Salicylic Acid Ointment 15g,Halobetasol + Salicylic Acid,Medicine,,tube,No,6,Tube,,,,,,,,1
Betamethasone + Salicylic Acid Ointment 15g,Betamethasone + Salicylic Acid,Medicine,,tube,No,6,Tube,,,,,,,,1
Desonide Cream 15g,Desonide 0.05% cream,Medicine,,tube,No,6,Tube,,,,,,,,1
Betamethasone Cream 15g,Betamethasone Valerate 0.1% cream,Medicine,,tube,No,6,Tube,,,,,,,,1
Clobetasol + Salicylic Acid Ointment 15g,Clobetasol + Salicylic Acid,Medicine,,tube,No,6,Tube,,,,,,,,1
Fluocinolone Cream 15g,Fluocinolone Acetonide 0.01% cream,Medicine,,tube,No,6,Tube,,,,,,,,1
Clobetasol Scalp Solution 30ml,Clobetasol 0.05% scalp solution,Medicine,,bottle,No,10,Bottle,,,,,,,,1
Clobetasol Lotion 30ml,Clobetasol Propionate 0.05% lotion,Medicine,,bottle,No,10,Bottle,,,,,,,,1
Hydrocortisone Butyrate Cream 15g,Hydrocortisone Butyrate 0.1% cream,Medicine,,tube,No,6,Tube,,,,,,,,1
Mupirocin Cream 10g,Mupirocin 2% cream,Medicine,,tube,No,6,Tube,,,,,,,,1
Fusidic Acid Ointment 10g,Fusidic Acid 2% ointment,Medicine,,tube,No,6,Tube,,,,,,,,1
Fluocinolone Scalp Oil 60ml,Fluocinolone 0.01% scalp oil,Medicine,,bottle,No,10,Bottle,,,,,,,,1
Neomycin + Bacitracin Ointment 10g,Neomycin + Bacitracin,Medicine,,tube,No,6,Tube,,,,,,,,1
Framycetin Cream 20g,Framycetin Sulphate 1% cream,Medicine,,tube,No,6,Tube,,,,,,,,1
Fusidic Acid + Mometasone Cream 10g,Fusidic Acid + Mometasone,Medicine,,tube,No,6,Tube,,,,,,,,1
Nadifloxacin Cream 10g,Nadifloxacin 1% cream,Medicine,,tube,No,6,Tube,,,,,,,,1
Collagen Wound Dressing Gel 20g,Collagen wound gel,Medicine,,tube,No,6,Tube,,,,,,,,1
Sucralfate + Metronidazole Ointment 20g,Wound healing ointment,Medicine,,tube,No,6,Tube,,,,,,,,1
Metronidazole Gel 30g,Metronidazole 1% topical gel,Medicine,,tube,No,6,Tube,,,,,,,,1
Povidone Iodine Ointment 20g,Povidone Iodine 5% ointment,Medicine,,tube,No,6,Tube,,,,,,,,1
Hydrogen Peroxide Solution 450ml,Hydrogen Peroxide 6%,Medicine,,bottle,No,10,Bottle,,,,,,,,1
Adapalene Gel 15g,Adapalene 0.1% gel,Medicine,,tube,No,6,Tube,,,,,,,,1
Povidone Iodine Scrub 100ml,Povidone Iodine 7.5% surgical scrub,Medicine,,bottle,No,10,Bottle,,,,,,,,1
Chlorhexidine 5% Solution 500ml,Chlorhexidine Gluconate 5%,Medicine,,bottle,No,10,Bottle,,,,,,,,1
Adapalene 0.3% Gel 15g,Adapalene 0.3% gel,Medicine,,tube,No,6,Tube,,,,,,,,1
Adapalene + Benzoyl Peroxide Gel 15g,Adapalene + Benzoyl Peroxide,Medicine,,tube,No,6,Tube,,,,,,,,1
Benzoyl Peroxide 2.5% Gel 20g,Benzoyl Peroxide 2.5% gel,Medicine,,tube,No,6,Tube,,,,,,,,1
Adapalene + Clindamycin Gel 15g,Adapalene + Clindamycin,Medicine,,tube,No,6,Tube,,,,,,,,1
Benzoyl Peroxide 5% Gel 20g,Benzoyl Peroxide 5% gel,Medicine,,tube,No,6,Tube,,,,,,,,1
Clindamycin + Adapalene Gel 20g,Clindamycin + Adapalene,Medicine,,tube,No,6,Tube,,,,,,,,1
Azelaic Acid 10% Gel 15g,Azelaic Acid 10% gel,Medicine,,tube,No,6,Tube,,,,,,,,1
Clindamycin + Nicotinamide Gel 15g,Clindamycin + Nicotinamide,Medicine,,tube,No,6,Tube,,,,,,,,1
Tretinoin 0.05% Cream 20g,Tretinoin 0.05% cream,Medicine,,tube,No,6,Tube,,,,,,,,1
Salicylic Acid Face Wash 60ml,Salicylic acid cleanser,Medicine,,bottle,No,10,Bottle,,,,,,,,1
Tretinoin 0.1% Gel 15g,Tretinoin 0.1% gel,Medicine,,tube,No,6,Tube,,,,,,,,1
Benzoyl Peroxide Face Wash 60ml,Benzoyl peroxide cleanser,Medicine,,bottle,No,10,Bottle,,,,,,,,1
Hydroquinone + Tretinoin + Mometasone Cream 15g,Triple combination depigmenting cream,Medicine,,tube,No,6,Tube,,,,,,,,1
Hydroquinone 2% Cream 20g,Hydroquinone 2% cream,Medicine,,tube,No,6,Tube,,,,,,,,1
Kojic Acid Cream 20g,Kojic Acid cream,Medicine,,tube,No,6,Tube,,,,,,,,1
Arbutin + Niacinamide Serum 30ml,Alpha Arbutin + Niacinamide serum,Medicine,,tube,No,6,Tube,,,,,,,,1
Glycolic Acid 6% Cream 30g,Glycolic Acid 6% cream,Medicine,,tube,No,6,Tube,,,,,,,,1
Vitamin C Serum 20ml,Ascorbic acid topical serum,Medicine,,tube,No,6,Tube,,,,,,,,1
Glycolic Acid Face Wash 60ml,Glycolic acid cleanser,Medicine,,bottle,No,10,Bottle,,,,,,,,1
Calcipotriol + Betamethasone Ointment 15g,Calcipotriol + Betamethasone,Medicine,,tube,No,6,Tube,,,,,,,,1
Coal Tar Lotion 100ml,Coal Tar lotion,Medicine,,bottle,No,10,Bottle,,,,,,,,1
Salicylic Acid + Coal Tar Ointment 30g,Salicylic Acid + Coal Tar,Medicine,,tube,No,6,Tube,,,,,,,,1
Isotretinoin 30mg,Isotretinoin 30mg,Medicine,,capsule,No,100,Capsule,,Strip,10,,Box,10,,2
Isotretinoin 10mg,Isotretinoin 10mg,Medicine,,capsule,No,100,Capsule,,Strip,10,,Box,10,,2
Tazarotene Gel 15g,Tazarotene 0.1% gel,Medicine,,tube,No,6,Tube,,,,,,,,1
Acitretin 10mg,Acitretin 10mg,Medicine,,tablet,No,100,Tablet,,Strip,10,,Box,10,,2
Acitretin 25mg,Acitretin 25mg,Medicine,,tablet,No,100,Tablet,,Strip,10,,Box,10,,2
Dapsone 100mg,Dapsone 100mg,Medicine,,tablet,No,100,Tablet,,Strip,10,,Box,10,,2
Dapsone 5% Gel 15g,Dapsone 5% topical gel,Medicine,,tube,No,6,Tube,,,,,,,,1
Benzyl Benzoate Lotion 60ml,Benzyl Benzoate 25% lotion,Medicine,,bottle,No,10,Bottle,,,,,,,,1
Permethrin 1% Lotion 60ml,Permethrin 1% lotion,Medicine,,bottle,No,10,Bottle,,,,,,,,1
Crotamiton Lotion 60ml,Crotamiton 10% lotion,Medicine,,bottle,No,10,Bottle,,,,,,,,1
Permethrin 5% Cream 30g,Permethrin 5% cream,Medicine,,tube,No,6,Tube,,,,,,,,1
Salicylic Acid 12% Lotion 15ml,Salicylic Acid wart lotion,Medicine,,bottle,No,10,Bottle,,,,,,,,1
Podophyllotoxin 0.5% Solution 5ml,Podophyllotoxin solution,Medicine,,bottle,No,10,Bottle,,,,,,,,1
Imiquimod 5% Cream 5g,Imiquimod 5% cream,Medicine,,tube,No,6,Tube,,,,,,,,1
Permethrin Lice Shampoo 60ml,Permethrin 1% shampoo,Medicine,,bottle,No,10,Bottle,,,,,,,,1
Urea 40% Cream 30g,Urea 40% cream,Medicine,,tube,No,6,Tube,,,,,,,,1
Silver Nitrate Stick,Silver nitrate cautery stick,Medicine,,tube,No,6,Tube,,,,,,,,1
Liquid Paraffin + White Soft Paraffin Cream 100g,Emollient cream,Medicine,,tube,No,6,Tube,,,,,,,,1
Urea 10% Cream 50g,Urea 10% cream,Medicine,,tube,No,6,Tube,,,,,,,,1
Tacrolimus 0.03% Ointment 10g,Tacrolimus 0.03% ointment,Medicine,,tube,No,6,Tube,,,,,,,,1
Moisturising Lotion 200ml,Body moisturising lotion,Medicine,,bottle,No,10,Bottle,,,,,,,,1
Syndet Cleansing Bar 75g,Soap free cleansing bar,Medicine,,bottle,No,10,Bottle,,,,,,,,1
Ceramide Moisturising Cream 100g,Ceramide based moisturiser,Medicine,,tube,No,6,Tube,,,,,,,,1
Sunscreen Gel SPF 40 60g,Broad spectrum sunscreen gel,Medicine,,bottle,No,10,Bottle,,,,,,,,1
Zinc Oxide Cream 50g,Zinc Oxide barrier cream,Medicine,,tube,No,6,Tube,,,,,,,,1
Sunscreen Lotion SPF 50 75ml,Broad spectrum sunscreen SPF 50,Medicine,,bottle,No,10,Bottle,,,,,,,,1
Pimecrolimus 1% Cream 10g,Pimecrolimus 1% cream,Medicine,,tube,No,6,Tube,,,,,,,,1
Sunscreen Cream SPF 30 50g,Broad spectrum sunscreen SPF 30,Medicine,,tube,No,6,Tube,,,,,,,,1
Minoxidil 10% Solution 60ml,Minoxidil 10% topical solution,Medicine,,bottle,No,10,Bottle,,,,,,,,1
Minoxidil 2% Solution 60ml,Minoxidil 2% topical solution,Medicine,,bottle,No,10,Bottle,,,,,,,,1
Calamine with Aloe Lotion 100ml,Calamine lotion with aloe,Medicine,,bottle,No,10,Bottle,,,,,,,,1
Biotin 5mg,Biotin 5mg,Medicine,,tablet,No,100,Tablet,,Strip,10,,Box,10,,2
Anti-Hairfall Shampoo 200ml,Hair fall control shampoo,Medicine,,bottle,No,10,Bottle,,,,,,,,1
Minoxidil + Finasteride Solution 60ml,Minoxidil with Finasteride topical,Medicine,,bottle,No,10,Bottle,,,,,,,,1
Redensyl Hair Serum 60ml,Redensyl hair growth serum,Medicine,,bottle,No,10,Bottle,,,,,,,,1
Biotin 10mg,Biotin 10mg,Medicine,,capsule,No,100,Capsule,,Strip,10,,Box,10,,2
Amorolfine Nail Lacquer 3ml,Amorolfine 5% nail lacquer,Medicine,,bottle,No,10,Bottle,,,,,,,,1
Hair Multivitamin Capsule,Multivitamin for hair and nails,Medicine,,capsule,No,100,Capsule,,Strip,10,,Box,10,,2
Ketoconazole + Salicylic Acid Shampoo 100ml,Antidandruff shampoo,Medicine,,bottle,No,10,Bottle,,,,,,,,1
Calamine + Menthol Lotion 100ml,Antipruritic lotion,Medicine,,tube,No,6,Tube,,,,,,,,1
Ciclopirox Nail Lacquer 3ml,Ciclopirox 8% nail lacquer,Medicine,,bottle,No,10,Bottle,,,,,,,,1
Lignocaine 5% Ointment 30g,Lignocaine 5% ointment,Medicine,,tube,No,6,Tube,,,,,,,,1
Antifungal Dusting Powder 100g,Antifungal dusting powder,Medicine,,tube,No,6,Tube,,,,,,,,1
Menthol + Camphor Cream 50g,Cooling antipruritic cream,Medicine,,tube,No,6,Tube,,,,,,,,1
Diphenhydramine Cream 20g,Diphenhydramine topical cream,Medicine,,tube,No,6,Tube,,,,,,,,1
Moxifloxacin + Dexamethasone Eye Drops 5ml,Moxifloxacin + Dexamethasone,Medicine,,drops,No,6,Bottle,,,,,,,,1
Lignocaine 4% Topical Solution 30ml,Lignocaine 4% solution,Medicine,,bottle,No,10,Bottle,,,,,,,,1
Mupirocin + Beclomethasone Cream 10g,Mupirocin + Beclomethasone,Medicine,,tube,No,6,Tube,,,,,,,,1
Ofloxacin Eye Drops 5ml,Ofloxacin 0.3% eye drops,Medicine,,drops,No,6,Bottle,,,,,,,,1
Gatifloxacin + Dexamethasone Eye Drops 5ml,Gatifloxacin + Dexamethasone,Medicine,,drops,No,6,Bottle,,,,,,,,1
Moxifloxacin + Loteprednol Eye Drops 5ml,Moxifloxacin + Loteprednol,Medicine,,drops,No,6,Bottle,,,,,,,,1
Levofloxacin Eye Drops 5ml,Levofloxacin 0.5% eye drops,Medicine,,drops,No,6,Bottle,,,,,,,,1
Ofloxacin + Dexamethasone Eye Drops 5ml,Ofloxacin + Dexamethasone,Medicine,,drops,No,6,Bottle,,,,,,,,1
Tobramycin Eye Ointment 3.5g,Tobramycin 0.3% eye ointment,Medicine,,tube,No,6,Tube,,,,,,,,1
Tobramycin Eye Drops 5ml,Tobramycin 0.3% eye drops,Medicine,,drops,No,6,Bottle,,,,,,,,1
Voriconazole Eye Drops 5ml,Voriconazole 1% eye drops,Medicine,,drops,No,6,Bottle,,,,,,,,1
Natamycin Eye Drops 5ml,Natamycin 5% eye suspension,Medicine,,drops,No,6,Bottle,,,,,,,,1
Besifloxacin Eye Drops 5ml,Besifloxacin 0.6% eye drops,Medicine,,drops,No,6,Bottle,,,,,,,,1
Ganciclovir Eye Gel 5g,Ganciclovir 0.15% eye gel,Medicine,,drops,No,6,Bottle,,,,,,,,1
Gentamicin Eye Ointment 5g,Gentamicin 0.3% eye ointment,Medicine,,tube,No,6,Tube,,,,,,,,1
Acyclovir Eye Ointment 5g,Acyclovir 3% eye ointment,Medicine,,tube,No,6,Tube,,,,,,,,1
Fluorometholone Eye Drops 5ml,Fluorometholone 0.1% eye drops,Medicine,,drops,No,6,Bottle,,,,,,,,1
Sulphacetamide Eye Drops 10ml,Sulphacetamide 10% eye drops,Medicine,,drops,No,6,Bottle,,,,,,,,1
Prednisolone Acetate Eye Drops 5ml,Prednisolone Acetate 1% eye drops,Medicine,,drops,No,6,Bottle,,,,,,,,1
Dexamethasone + Chloramphenicol Eye Drops 10ml,Dexamethasone + Chloramphenicol,Medicine,,drops,No,6,Bottle,,,,,,,,1
Bromfenac Eye Drops 5ml,Bromfenac 0.09% eye drops,Medicine,,drops,No,6,Bottle,,,,,,,,1
Loteprednol Eye Drops 5ml,Loteprednol Etabonate 0.5% eye drops,Medicine,,drops,No,6,Bottle,,,,,,,,1
Nepafenac Eye Drops 5ml,Nepafenac 0.1% eye drops,Medicine,,drops,No,6,Bottle,,,,,,,,1
Difluprednate Eye Drops 5ml,Difluprednate 0.05% eye emulsion,Medicine,,drops,No,6,Bottle,,,,,,,,1
Sodium Cromoglycate Eye Drops 10ml,Sodium Cromoglycate 2% eye drops,Medicine,,drops,No,6,Bottle,,,,,,,,1
Olopatadine 0.2% Eye Drops 5ml,Olopatadine 0.2% eye drops,Medicine,,drops,No,6,Bottle,,,,,,,,1
Ketorolac Eye Drops 5ml,Ketorolac Tromethamine 0.5% eye drops,Medicine,,drops,No,6,Bottle,,,,,,,,1
Ketotifen Eye Drops 5ml,Ketotifen Fumarate 0.025% eye drops,Medicine,,drops,No,6,Bottle,,,,,,,,1
Carboxymethylcellulose 1% Eye Drops 10ml,Carboxymethylcellulose 1%,Medicine,,drops,No,6,Bottle,,,,,,,,1
Cyclosporine Eye Drops 3ml,Cyclosporine 0.05% eye emulsion,Medicine,,drops,No,6,Bottle,,,,,,,,1
Azelastine Eye Drops 5ml,Azelastine 0.05% eye drops,Medicine,,drops,No,6,Bottle,,,,,,,,1
Carboxymethylcellulose 0.5% Eye Drops 10ml,Carboxymethylcellulose 0.5%,Medicine,,drops,No,6,Bottle,,,,,,,,1
Sodium Hyaluronate Eye Drops 10ml,Sodium Hyaluronate 0.1% eye drops,Medicine,,drops,No,6,Bottle,,,,,,,,1
Timolol 0.25% Eye Drops 5ml,Timolol Maleate 0.25% eye drops,Medicine,,drops,No,6,Bottle,,,,,,,,1
Carbomer Eye Gel 10g,Carbomer 0.2% eye gel,Medicine,,tube,No,6,Tube,,,,,,,,1
Hydroxypropyl Methylcellulose Eye Drops 10ml,HPMC 0.3% eye drops,Medicine,,drops,No,6,Bottle,,,,,,,,1
Polyethylene Glycol + Propylene Glycol Eye Drops 10ml,Lubricant eye drops,Medicine,,drops,No,6,Bottle,,,,,,,,1
Latanoprost Eye Drops 2.5ml,Latanoprost 0.005% eye drops,Medicine,,drops,No,6,Bottle,,,,,,,,1
Brimonidine + Timolol Eye Drops 5ml,Brimonidine + Timolol,Medicine,,drops,No,6,Bottle,,,,,,,,1
Bimatoprost Eye Drops 3ml,Bimatoprost 0.01% eye drops,Medicine,,drops,No,6,Bottle,,,,,,,,1
Bimatoprost + Timolol Eye Drops 3ml,Bimatoprost + Timolol,Medicine,,drops,No,6,Bottle,,,,,,,,1
Brimonidine Eye Drops 5ml,Brimonidine Tartrate 0.15% eye drops,Medicine,,drops,No,6,Bottle,,,,,,,,1
Travoprost Eye Drops 2.5ml,Travoprost 0.004% eye drops,Medicine,,drops,No,6,Bottle,,,,,,,,1
Latanoprost + Timolol Eye Drops 2.5ml,Latanoprost + Timolol,Medicine,,drops,No,6,Bottle,,,,,,,,1
Acetazolamide 500mg SR,Acetazolamide SR 500mg,Medicine,,tablet,No,100,Tablet,,Strip,10,,Box,10,,2
Pilocarpine Eye Drops 5ml,Pilocarpine 2% eye drops,Medicine,,drops,No,6,Bottle,,,,,,,,1
Brinzolamide + Brimonidine Eye Drops 5ml,Brinzolamide + Brimonidine,Medicine,,drops,No,6,Bottle,,,,,,,,1
Dorzolamide Eye Drops 5ml,Dorzolamide 2% eye drops,Medicine,,drops,No,6,Bottle,,,,,,,,1
Brinzolamide Eye Drops 5ml,Brinzolamide 1% eye suspension,Medicine,,drops,No,6,Bottle,,,,,,,,1
Atropine Eye Ointment 5g,Atropine 1% eye ointment,Medicine,,tube,No,6,Tube,,,,,,,,1
Tropicamide + Phenylephrine Eye Drops 5ml,Tropicamide + Phenylephrine,Medicine,,drops,No,6,Bottle,,,,,,,,1
Cyclopentolate Eye Drops 5ml,Cyclopentolate 1% eye drops,Medicine,,drops,No,6,Bottle,,,,,,,,1
Atropine Eye Drops 5ml,Atropine Sulphate 1% eye drops,Medicine,,drops,No,6,Bottle,,,,,,,,1
Fluorescein Eye Drops 5ml,Fluorescein Sodium 2% eye drops,Medicine,,drops,No,6,Bottle,,,,,,,,1
Proparacaine Eye Drops 5ml,Proparacaine 0.5% eye drops,Medicine,,drops,No,6,Bottle,,,,,,,,1
Fluorescein Strips,Fluorescein sodium ophthalmic strips,Consumable,,box,No,10,Piece,,,,,,,,1
Carbachol Intraocular Solution,Carbachol 0.01% intraocular,Medicine,,drops,No,6,Bottle,,,,,,,,1
Eye Vitamin Capsule,Multivitamin for eye health,Medicine,,capsule,No,100,Capsule,,Strip,10,,Box,10,,2
Lutein + Zeaxanthin Tablet,Lutein with Zeaxanthin and antioxidants,Medicine,,tablet,No,100,Tablet,,Strip,10,,Box,10,,2
Lignocaine + Phenazone Ear Drops 10ml,Analgesic ear drops,Medicine,,drops,No,6,Bottle,,,,,,,,1
Ciprofloxacin Ear Drops 5ml,Ciprofloxacin 0.3% ear drops,Medicine,,drops,No,6,Bottle,,,,,,,,1
Neomycin + Polymyxin + Hydrocortisone Ear Drops 5ml,Antibiotic steroid ear drops,Medicine,,drops,No,6,Bottle,,,,,,,,1
Ofloxacin + Dexamethasone Ear Drops 5ml,Ofloxacin + Dexamethasone ear drops,Medicine,,drops,No,6,Bottle,,,,,,,,1
Chloramphenicol Ear Drops 10ml,Chloramphenicol 5% ear drops,Medicine,,drops,No,6,Bottle,,,,,,,,1
Povidone Iodine Mouthwash 100ml,Povidone Iodine 1% mouthwash,Medicine,,bottle,No,10,Bottle,,,,,,,,1
Olive Oil Ear Drops 10ml,Olive oil ear drops,Medicine,,drops,No,6,Bottle,,,,,,,,1
Carbamide Peroxide Ear Drops 10ml,Carbamide Peroxide 6.5% ear drops,Medicine,,drops,No,6,Bottle,,,,,,,,1
Chlorhexidine + Sodium Fluoride Mouthwash 150ml,Chlorhexidine with fluoride mouthwash,Medicine,,bottle,No,10,Bottle,,,,,,,,1
Ear Bud Soft,Cotton ear buds,Other,,box,No,10,Piece,,,,,,,,1
Benzydamine Mouthwash 100ml,Benzydamine 0.15% mouthwash,Medicine,,bottle,No,10,Bottle,,,,,,,,1
Benzocaine Oral Gel 10g,Benzocaine 20% oral gel,Medicine,,tube,No,6,Tube,,,,,,,,1
Choline Salicylate + Lignocaine Gel 15g,Oral ulcer gel,Medicine,,tube,No,6,Tube,,,,,,,,1
Triamcinolone Oral Paste 5g,Triamcinolone Acetonide 0.1% oral paste,Medicine,,tube,No,6,Tube,,,,,,,,1
Benzydamine Throat Spray 30ml,Benzydamine throat spray,Medicine,,bottle,No,10,Bottle,,,,,,,,1
Vitamin B Complex for mouth ulcers,Vitamin B complex with zinc,Medicine,,tablet,No,100,Tablet,,Strip,10,,Box,10,,2
Ginger Lemon Lozenges,Herbal throat lozenges,Other,,box,No,5,Box,,,,,,,,1
Amoxicillin Throat Lozenges,Antiseptic throat lozenges,Medicine,,box,No,5,Box,,,,,,,,1
Chlorhexidine Lozenges,Chlorhexidine throat lozenges,Medicine,,box,No,5,Box,,,,,,,,1
Potassium Nitrate Toothpaste 70g,Toothpaste for sensitive teeth,Other,,tube,No,6,Tube,,,,,,,,1
Clove Oil 10ml,Clove oil for toothache,Other,,tube,No,6,Tube,,,,,,,,1
Fluoride Gel 50g,Topical fluoride gel,Medicine,,tube,No,6,Tube,,,,,,,,1
Fluoride Mouth Rinse 250ml,Sodium fluoride mouth rinse,Medicine,,bottle,No,10,Bottle,,,,,,,,1
Interdental Brush,Interdental cleaning brush,Other,,box,No,10,Piece,,,,,,,,1
Calcium Carbonate 500mg + Vitamin D3 400 IU,Calcium with Vitamin D3,Medicine,,tablet,No,100,Tablet,,Strip,10,,Box,10,,2
Denture Cleaning Tablets,Effervescent denture cleanser,Other,,box,No,5,Box,,,,,,,,1
Tongue Cleaner,Stainless steel tongue cleaner,Other,,box,No,10,Piece,,,,,,,,1
Orthodontic Wax,Dental relief wax,Other,,box,No,10,Piece,,,,,,,,1
Denture Adhesive Cream 20g,Denture fixative cream,Other,,box,No,10,Piece,,,,,,,,1
Calcium Carbonate 625mg + Vitamin D3 400 IU,Calcium with Vitamin D3,Medicine,,tablet,No,100,Tablet,,Strip,10,,Box,10,,2
Calcium + Vitamin D3 + Magnesium + Zinc Tablet,Calcium with minerals,Medicine,,tablet,No,100,Tablet,,Strip,10,,Box,10,,2
Calcium Citrate 500mg + Vitamin D3 200 IU,Calcium Citrate with Vitamin D3,Medicine,,tablet,No,100,Tablet,,Strip,10,,Box,10,,2
Calcium Syrup 200ml,Calcium with Vitamin D3 syrup,Medicine,,bottle,No,10,Bottle,,,,,,,,1
Calcium + Vitamin K2-7 + D3 Tablet,Calcium with K2-7 and D3,Medicine,,tablet,No,100,Tablet,,Strip,10,,Box,10,,2
Calcium Sachet Orange,Calcium with Vitamin D3 effervescent,Medicine,,sachet,No,30,Sachet,,Strip,10,,Box,10,,2
Calcium Effervescent Tablet,Calcium with Vitamin C effervescent,Medicine,,tablet,No,100,Tablet,,Strip,10,,Box,10,,2
Coral Calcium Tablet,Coral calcium with Vitamin D3,Medicine,,tablet,No,100,Tablet,,Strip,10,,Box,10,,2
Cholecalciferol 60000 IU Soft Gel,"Cholecalciferol 60,000 IU",Medicine,,capsule,No,100,Capsule,,Strip,10,,Box,10,,2
Cholecalciferol 60000 IU Granules,"Cholecalciferol 60,000 IU granules",Medicine,,sachet,No,30,Sachet,,Strip,10,,Box,10,,2
Cholecalciferol Drops 30ml,Cholecalciferol 400 IU/ml,Medicine,,drops,No,6,Bottle,,,,,,,,1
Cholecalciferol 1000 IU Chewable,Cholecalciferol 1000 IU chewable,Medicine,,tablet,No,100,Tablet,,Strip,10,,Box,10,,2
Carbonyl Iron + Folic Acid + Vitamin B12,Carbonyl Iron with vitamins,Medicine,,tablet,No,100,Tablet,,Strip,10,,Box,10,,2
Ferrous Fumarate 300mg + Folic Acid 1.5mg,Ferrous Fumarate + Folic Acid,Medicine,,tablet,No,100,Tablet,,Strip,10,,Box,10,,2
Vitamin D3 6 Lakh Injection,"Cholecalciferol 6,00,000 IU",Medicine,,vial,No,10,Vial,,,,,,,,1
Ferrous Ascorbate 100mg + Folic Acid 1.5mg + Zinc,Iron with folic acid and zinc,Medicine,,capsule,No,100,Capsule,,Strip,10,,Box,10,,2
Iron + Folic Acid + Vitamin B12 + Zinc Tablet,Haematinic tablet,Medicine,,tablet,No,100,Tablet,,Strip,10,,Box,10,,2
Ferrous Ascorbate Syrup 200ml,Ferrous Ascorbate with Folic Acid,Medicine,,bottle,No,10,Bottle,,,,,,,,1
Iron Drops for Infants 15ml,Ferrous ascorbate paediatric drops,Medicine,,drops,No,6,Bottle,,,,,,,,1
Iron Polymaltose Complex Capsule,Iron Polymaltose Complex,Medicine,,capsule,No,100,Capsule,,Strip,10,,Box,10,,2
Ferric Carboxymaltose 500mg Injection,Ferric Carboxymaltose 500mg/10ml,Medicine,,vial,No,10,Vial,,,,,,,,1
Iron Polymaltose Syrup 150ml,Iron Polymaltose Complex syrup,Medicine,,bottle,No,10,Bottle,,,,,,,,1
Iron Sucrose 100mg Injection 5ml,Iron Sucrose 100mg,Medicine,,vial,No,10,Vial,,,,,,,,1
Folic Acid 1mg,Folic Acid 1mg,Medicine,,tablet,No,100,Tablet,,Strip,10,,Box,10,,2
Folic Acid 5mg + Vitamin B12,Folic Acid with Vitamin B12,Medicine,,tablet,No,100,Tablet,,Strip,10,,Box,10,,2
Erythropoietin 4000 IU Injection,Recombinant Human Erythropoietin 4000 IU,Medicine,,vial,No,10,Vial,,,,,,,,1
Erythropoietin 10000 IU Injection,Recombinant Human Erythropoietin 10000 IU,Medicine,,vial,No,10,Vial,,,,,,,,1
Vitamin B1 100mg,Thiamine 100mg,Medicine,,tablet,No,100,Tablet,,Strip,10,,Box,10,,2
Vitamin B2 10mg,Riboflavin 10mg,Medicine,,tablet,No,100,Tablet,,Strip,10,,Box,10,,2
Vitamin B6 50mg,Pyridoxine 50mg,Medicine,,tablet,No,100,Tablet,,Strip,10,,Box,10,,2
Vitamin B6 100mg,Pyridoxine 100mg,Medicine,,tablet,No,100,Tablet,,Strip,10,,Box,10,,2
Vitamin B12 500mcg,Cyanocobalamin 500mcg,Medicine,,tablet,No,100,Tablet,,Strip,10,,Box,10,,2
Methylcobalamin + Folic Acid + Pyridoxine,Methylcobalamin combination,Medicine,,capsule,No,100,Capsule,,Strip,10,,Box,10,,2
Methylcobalamin 750mcg,Methylcobalamin 750mcg,Medicine,,tablet,No,100,Tablet,,Strip,10,,Box,10,,2
Methylcobalamin 1000mcg,Methylcobalamin 1000mcg,Medicine,,tablet,No,100,Tablet,,Strip,10,,Box,10,,2
Vitamin B Complex Capsule with Vitamin C,B complex with Vitamin C,Medicine,,capsule,No,100,Capsule,,Strip,10,,Box,10,,2
Vitamin B Complex with Zinc Tablet,B complex with zinc,Medicine,,tablet,No,100,Tablet,,Strip,10,,Box,10,,2
Vitamin B Complex Drops 15ml,Vitamin B complex drops,Medicine,,drops,No,6,Bottle,,,,,,,,1
Vitamin B Complex Syrup 200ml,Vitamin B complex syrup,Medicine,,bottle,No,10,Bottle,,,,,,,,1
Benfotiamine 150mg,Benfotiamine 150mg,Medicine,,capsule,No,100,Capsule,,Strip,10,,Box,10,,2
Niacinamide 500mg,Niacinamide 500mg,Medicine,,tablet,No,100,Tablet,,Strip,10,,Box,10,,2
Benfotiamine + Methylcobalamin + Alpha Lipoic Acid,Neurotropic vitamin combination,Medicine,,capsule,No,100,Capsule,,Strip,10,,Box,10,,2
Vitamin C 1000mg Effervescent,Ascorbic Acid 1000mg effervescent,Medicine,,tablet,No,100,Tablet,,Strip,10,,Box,10,,2
Vitamin C 500mg Chewable,Ascorbic Acid 500mg chewable,Medicine,,tablet,No,100,Tablet,,Strip,10,,Box,10,,2
Vitamin C + Zinc Tablet,Ascorbic Acid with Zinc,Medicine,,tablet,No,100,Tablet,,Strip,10,,Box,10,,2
Vitamin E 200mg,Vitamin E 200mg,Medicine,,capsule,No,100,Capsule,,Strip,10,,Box,10,,2
Vitamin E 600mg,Vitamin E 600mg,Medicine,,capsule,No,100,Capsule,,Strip,10,,Box,10,,2
Vitamin A 25000 IU,"Retinol 25,000 IU",Medicine,,capsule,No,100,Capsule,,Strip,10,,Box,10,,2
Vitamin K 10mg,Menadione 10mg,Medicine,,tablet,No,100,Tablet,,Strip,10,,Box,10,,2
Vitamin A + D Drops 15ml,Vitamin A and D drops,Medicine,,drops,No,6,Bottle,,,,,,,,1
Vitamin K2-7 100mcg,Menaquinone-7 100mcg,Medicine,,tablet,No,100,Tablet,,Strip,10,,Box,10,,2
Multivitamin Multimineral Tablet,Multivitamin with minerals,Medicine,,tablet,No,100,Tablet,,Strip,10,,Box,10,,2
Multivitamin Drops 15ml,Multivitamin drops for infants,Medicine,,drops,No,6,Bottle,,,,,,,,1
Multivitamin Multimineral Capsule,Multivitamin with minerals,Medicine,,capsule,No,100,Capsule,,Strip,10,,Box,10,,2
Multivitamin Syrup 200ml,Multivitamin syrup,Medicine,,bottle,No,10,Bottle,,,,,,,,1
Multivitamin Effervescent Tablet,Multivitamin effervescent,Medicine,,tablet,No,100,Tablet,,Strip,10,,Box,10,,2
Multivitamin with Antioxidants Tablet,Multivitamin with antioxidants,Medicine,,tablet,No,100,Tablet,,Strip,10,,Box,10,,2
Multivitamin with Ginseng Capsule,Multivitamin with ginseng,Medicine,,tablet,No,100,Tablet,,Strip,10,,Box,10,,2
Iron and Vitamin Tonic 200ml,Haematinic tonic,Medicine,,bottle,No,10,Bottle,,,,,,,,1
Appetite and Growth Syrup 200ml,Nutritional tonic for children,Medicine,,bottle,No,10,Bottle,,,,,,,,1
Prenatal Multivitamin Tablet,Multivitamin for pregnancy,Medicine,,tablet,No,100,Tablet,,Strip,10,,Box,10,,2
Antioxidant with Lycopene Capsule,Lycopene with antioxidants,Medicine,,capsule,No,100,Capsule,,Strip,10,,Box,10,,2
Wheat Germ Oil Capsule,Wheat germ oil with vitamin E,Medicine,,capsule,No,100,Capsule,,Strip,10,,Box,10,,2
Lycopene 2000mcg Capsule,Lycopene 2000mcg,Medicine,,capsule,No,100,Capsule,,Strip,10,,Box,10,,2
Evening Primrose Oil 500mg,Evening Primrose Oil 500mg,Medicine,,capsule,No,100,Capsule,,Strip,10,,Box,10,,2
Fish Oil 1000mg Capsule,Omega-3 fish oil 1000mg,Medicine,,capsule,No,100,Capsule,,Strip,10,,Box,10,,2
Krill Oil Capsule,Krill oil omega-3,Medicine,,capsule,No,100,Capsule,,Strip,10,,Box,10,,2
Coenzyme Q10 100mg,Coenzyme Q10 100mg,Medicine,,tablet,No,100,Tablet,,Strip,10,,Box,10,,2
Coenzyme Q10 with Omega-3,Coenzyme Q10 with omega-3,Medicine,,capsule,No,100,Capsule,,Strip,10,,Box,10,,2
Flaxseed Oil Capsule,Flaxseed oil omega-3,Medicine,,capsule,No,100,Capsule,,Strip,10,,Box,10,,2
L-Arginine Sachet 3g,L-Arginine 3g,Medicine,,sachet,No,30,Sachet,,Strip,10,,Box,10,,2
L-Arginine + Proanthocyanidin Sachet,L-Arginine with proanthocyanidin,Medicine,,capsule,No,100,Capsule,,Strip,10,,Box,10,,2
L-Carnitine 500mg,Levocarnitine 500mg,Medicine,,tablet,No,100,Tablet,,Strip,10,,Box,10,,2
Taurine 500mg,Taurine 500mg,Medicine,,tablet,No,100,Tablet,,Strip,10,,Box,10,,2
L-Carnitine Syrup 200ml,Levocarnitine syrup,Medicine,,bottle,No,10,Bottle,,,,,,,,1
Zinc Acetate 50mg,Zinc Acetate 50mg,Medicine,,tablet,No,100,Tablet,,Strip,10,,Box,10,,2
Zinc Gluconate 50mg,Zinc Gluconate 50mg,Medicine,,tablet,No,100,Tablet,,Strip,10,,Box,10,,2
Zinc 20mg Dispersible Sachet,Zinc Sulphate 20mg,Medicine,,sachet,No,30,Sachet,,Strip,10,,Box,10,,2
Magnesium Oxide 400mg,Magnesium Oxide 400mg,Medicine,,tablet,No,100,Tablet,,Strip,10,,Box,10,,2
Magnesium Glycinate 100mg,Magnesium Glycinate 100mg,Medicine,,tablet,No,100,Tablet,,Strip,10,,Box,10,,2
Potassium Citrate 1100mg,Potassium Citrate 1100mg,Medicine,,tablet,No,100,Tablet,,Strip,10,,Box,10,,2
Selenium 100mcg,Selenium 100mcg,Medicine,,tablet,No,100,Tablet,,Strip,10,,Box,10,,2
Chromium Picolinate 200mcg,Chromium Picolinate 200mcg,Medicine,,tablet,No,100,Tablet,,Strip,10,,Box,10,,2
Electrolyte Energy Drink Sachet,Electrolyte with glucose,Other,,sachet,No,30,Sachet,,Strip,10,,Box,10,,2
Iodine 150mcg,Potassium Iodide 150mcg,Medicine,,tablet,No,100,Tablet,,Strip,10,,Box,10,,2
Protein Powder for Diabetics 400g,"Protein supplement, sugar free",Other,,box,No,5,Box,,,,,,,,1
Soya Protein Powder 200g,Soya protein supplement,Other,,box,No,5,Box,,,,,,,,1
Whey Protein Powder 400g,Whey protein supplement,Other,,box,No,5,Box,,,,,,,,1
Renal Nutrition Powder 400g,Nutrition powder for kidney patients,Other,,box,No,5,Box,,,,,,,,1
Paediatric Nutrition Powder 400g,Children's nutrition powder,Other,,box,No,5,Box,,,,,,,,1
High Protein Powder Chocolate 400g,Protein supplement,Other,,box,No,5,Box,,,,,,,,1
Diabetic Nutrition Powder 400g,Nutrition powder for diabetics,Other,,box,No,5,Box,,,,,,,,1
Ready to Drink Nutrition 200ml,Liquid nutrition supplement,Other,,bottle,No,10,Bottle,,,,,,,,1
Glucose Powder 500g,Glucose with vitamin C,Other,,box,No,5,Box,,,,,,,,1
Isotonic Glucose Powder 1kg,Glucose powder,Other,,box,No,5,Box,,,,,,,,1
Malt Based Health Drink 500g,Malt health drink,Other,,box,No,5,Box,,,,,,,,1
Glucosamine 1500mg,Glucosamine Sulphate 1500mg,Medicine,,tablet,No,100,Tablet,,Strip,10,,Box,10,,2
Glucosamine 1500mg Sachet,Glucosamine Sulphate 1500mg,Medicine,,sachet,No,30,Sachet,,Strip,10,,Box,10,,2
Collagen Peptide Tablet,Hydrolysed collagen peptide,Medicine,,tablet,No,100,Tablet,,Strip,10,,Box,10,,2
Collagen Peptide Powder Sachet,Hydrolysed collagen peptide,Medicine,,sachet,No,30,Sachet,,Strip,10,,Box,10,,2
Boswellia Serrata 400mg,Boswellia Serrata extract,Medicine,,tablet,No,100,Tablet,,Strip,10,,Box,10,,2
Methylsulfonylmethane 500mg,MSM 500mg,Medicine,,tablet,No,100,Tablet,,Strip,10,,Box,10,,2
Turmeric Extract Capsule,Curcuminoid extract,Medicine,,capsule,No,100,Capsule,,Strip,10,,Box,10,,2
Curcumin 500mg,Curcumin with piperine,Medicine,,tablet,No,100,Tablet,,Strip,10,,Box,10,,2
Milk Thistle 200mg,Silybum marianum extract,Medicine,,tablet,No,100,Tablet,,Strip,10,,Box,10,,2
Saw Palmetto 320mg,Saw Palmetto extract,Medicine,,capsule,No,100,Capsule,,Strip,10,,Box,10,,2
Shilajit Capsule,Purified shilajit,Other,,tablet,No,100,Tablet,,Strip,10,,Box,10,,2
Ashwagandha 500mg,Withania somnifera extract,Medicine,,tablet,No,100,Tablet,,Strip,10,,Box,10,,2
Spirulina 500mg,Spirulina 500mg,Other,,capsule,No,100,Capsule,,Strip,10,,Box,10,,2
Garlic Oil Capsule,Garlic oil 500mg,Other,,capsule,No,100,Capsule,,Strip,10,,Box,10,,2
Probiotic with Prebiotic Tablet,Probiotic with prebiotic,Medicine,,tablet,No,100,Tablet,,Strip,10,,Box,10,,2
Melatonin with L-Theanine Capsule,Melatonin with L-Theanine,Medicine,,capsule,No,100,Capsule,,Strip,10,,Box,10,,2
Sugar Free Liquid 100ml,Sucralose liquid sweetener,Other,,bottle,No,10,Bottle,,,,,,,,1
Sugar Free Tablet 100s,Aspartame sweetener tablets,Other,,tablet,No,100,Tablet,,Strip,10,,Box,10,,2
Progesterone 100mg,Natural Micronised Progesterone 100mg,Medicine,,capsule,No,100,Capsule,,Strip,10,,Box,10,,2
Progesterone 300mg,Natural Micronised Progesterone 300mg,Medicine,,capsule,No,100,Capsule,,Strip,10,,Box,10,,2
Progesterone SR 200mg,Progesterone sustained release 200mg,Medicine,,tablet,No,100,Tablet,,Strip,10,,Box,10,,2
Progesterone 400mg Vaginal,Natural Micronised Progesterone 400mg,Medicine,,capsule,No,100,Capsule,,Strip,10,,Box,10,,2
Dydrogesterone 10mg Film Coated,Dydrogesterone 10mg,Medicine,,tablet,No,100,Tablet,,Strip,10,,Box,10,,2
Medroxyprogesterone 5mg,Medroxyprogesterone 5mg,Medicine,,tablet,No,100,Tablet,,Strip,10,,Box,10,,2
Hydroxyprogesterone Caproate 250mg Injection,Hydroxyprogesterone Caproate 250mg,Medicine,,vial,No,10,Vial,,,,,,,,1
Medroxyprogesterone 150mg Injection,Medroxyprogesterone Acetate 150mg,Medicine,,vial,No,10,Vial,,,,,,,,1
Norethisterone 5mg,Norethisterone 5mg,Medicine,,tablet,No,100,Tablet,,Strip,10,,Box,10,,2
Estradiol Valerate 2mg,Estradiol Valerate 2mg,Medicine,,tablet,No,100,Tablet,,Strip,10,,Box,10,,2
Estriol Vaginal Cream 15g,Estriol 1mg/g vaginal cream,Medicine,,tube,No,6,Tube,,,,,,,,1
Tibolone 2.5mg,Tibolone 2.5mg,Medicine,,tablet,No,100,Tablet,,Strip,10,,Box,10,,2
Conjugated Estrogens 0.625mg,Conjugated Estrogens 0.625mg,Medicine,,tablet,No,100,Tablet,,Strip,10,,Box,10,,2
Ulipristal Acetate 30mg,Ulipristal Acetate 30mg,Medicine,,tablet,No,100,Tablet,,Strip,10,,Box,10,,2
Letrozole 2.5mg with Folic Acid,Letrozole with Folic Acid,Medicine,,tablet,No,100,Tablet,,Strip,10,,Box,10,,2
Ormeloxifene 60mg,Ormeloxifene 60mg,Medicine,,tablet,No,100,Tablet,,Strip,10,,Box,10,,2
Metformin 500mg for PCOS,Metformin 500mg,Medicine,,tablet,No,100,Tablet,,Strip,10,,Box,10,,2
Clomiphene 25mg,Clomiphene Citrate 25mg,Medicine,,tablet,No,100,Tablet,,Strip,10,,Box,10,,2
Myo-Inositol Sachet,Myo-Inositol with folic acid,Medicine,,sachet,No,30,Sachet,,Strip,10,,Box,10,,2
Myo-Inositol + D-Chiro Inositol Tablet,Myo-Inositol with D-Chiro Inositol,Medicine,,tablet,No,100,Tablet,,Strip,10,,Box,10,,2
Spironolactone 50mg for PCOS,Spironolactone 50mg,Medicine,,tablet,No,100,Tablet,,Strip,10,,Box,10,,2
N-Acetyl Cysteine 600mg for PCOS,N-Acetylcysteine 600mg,Medicine,,tablet,No,100,Tablet,,Strip,10,,Box,10,,2
Cyproterone 2mg + Ethinylestradiol 0.035mg,Cyproterone + Ethinylestradiol,Medicine,,tablet,No,100,Tablet,,Strip,10,,Box,10,,2
Drospirenone 3mg + Ethinylestradiol 0.03mg,Drospirenone + Ethinylestradiol,Medicine,,tablet,No,100,Tablet,,Strip,10,,Box,10,,2
Levonorgestrel 0.15mg + Ethinylestradiol 0.03mg,Levonorgestrel + Ethinylestradiol,Medicine,,tablet,No,100,Tablet,,Strip,10,,Box,10,,2
Desogestrel 0.15mg + Ethinylestradiol 0.03mg,Desogestrel + Ethinylestradiol,Medicine,,tablet,No,100,Tablet,,Strip,10,,Box,10,,2
Centchroman 30mg,Centchroman 30mg,Medicine,,tablet,No,100,Tablet,,Strip,10,,Box,10,,2
Levonorgestrel 0.75mg,Levonorgestrel 0.75mg,Medicine,,tablet,No,100,Tablet,,Strip,10,,Box,10,,2
Multiload IUD,Intrauterine contraceptive device,Consumable,,box,No,10,Piece,,,,,,,,1
Follicle Stimulating Hormone 75 IU Injection,FSH 75 IU,Medicine,,vial,No,10,Vial,,,,,,,,1
Copper T 380A,Intrauterine contraceptive device,Consumable,,box,No,10,Piece,,,,,,,,1
Human Chorionic Gonadotropin 5000 IU Injection,hCG 5000 IU,Medicine,,vial,No,10,Vial,,,,,,,,1
Gonadotropin 150 IU Injection,Human Menopausal Gonadotropin 150 IU,Medicine,,vial,No,10,Vial,,,,,,,,1
Folic Acid 5mg + Iron + Calcium Tablet,Antenatal supplement,Medicine,,tablet,No,100,Tablet,,Strip,10,,Box,10,,2
DHA 200mg Capsule,Docosahexaenoic Acid 200mg,Medicine,,tablet,No,100,Tablet,,Strip,10,,Box,10,,2
Calcium 500mg + Vitamin D3 for pregnancy,Calcium with Vitamin D3,Medicine,,tablet,No,100,Tablet,,Strip,10,,Box,10,,2
DHA with Folic Acid Capsule,DHA with folic acid for pregnancy,Medicine,,capsule,No,100,Capsule,,Strip,10,,Box,10,,2
Iron + Folic Acid Tablet for pregnancy,Iron with folic acid,Medicine,,tablet,No,100,Tablet,,Strip,10,,Box,10,,2
Isoxsuprine 10mg,Isoxsuprine Hydrochloride 10mg,Medicine,,tablet,No,100,Tablet,,Strip,10,,Box,10,,2
Isoxsuprine SR 40mg,Isoxsuprine sustained release 40mg,Medicine,,tablet,No,100,Tablet,,Strip,10,,Box,10,,2
Isoxsuprine Injection 2ml,Isoxsuprine 10mg/2ml,Medicine,,vial,No,10,Vial,,,,,,,,1
Oxytocin Injection 1ml 10 IU,Oxytocin 10 IU/ml,Medicine,,vial,No,10,Vial,,,,,,,,1
Nifedipine 10mg for tocolysis,Nifedipine 10mg,Medicine,,tablet,No,100,Tablet,,Strip,10,,Box,10,,2
Magnesium Sulphate 50% Injection 10ml,Magnesium Sulphate 50%,Medicine,,vial,No,10,Vial,,,,,,,,1
Misoprostol 25mcg,Misoprostol 25mcg,Medicine,,tablet,No,100,Tablet,,Strip,10,,Box,10,,2
Mifepristone + Misoprostol Kit,Mifepristone 200mg with Misoprostol,Medicine,,box,No,5,Box,,,,,,,,1
Carboprost 125mcg Injection,Carboprost Tromethamine 125mcg,Medicine,,vial,No,10,Vial,,,,,,,,1
Cabergoline 0.5mg for lactation,Cabergoline 0.5mg,Medicine,,tablet,No,100,Tablet,,Strip,10,,Box,10,,2
Methylergometrine 0.25mg,Methylergometrine 0.25mg,Medicine,,tablet,No,100,Tablet,,Strip,10,,Box,10,,2
Lanolin Nipple Cream 15g,Purified lanolin nipple cream,Other,,tube,No,6,Tube,,,,,,,,1
Domperidone 10mg for lactation,Domperidone 10mg,Medicine,,tablet,No,100,Tablet,,Strip,10,,Box,10,,2
Stretch Mark Oil 100ml,Stretch mark prevention oil,Other,,bottle,No,10,Bottle,,,,,,,,1
Stretch Mark Cream 50g,Stretch mark cream,Other,,tube,No,6,Tube,,,,,,,,1
Clotrimazole Vaginal Tablet 200mg,Clotrimazole 200mg vaginal tablet,Medicine,,box,No,10,Piece,,,,,,,,1
Clotrimazole Vaginal Tablet 500mg,Clotrimazole 500mg vaginal tablet,Medicine,,box,No,10,Piece,,,,,,,,1
Clotrimazole Vaginal Cream 30g,Clotrimazole 2% vaginal cream,Medicine,,tube,No,6,Tube,,,,,,,,1
Clindamycin Vaginal Suppository 100mg,Clindamycin 100mg suppository,Medicine,,box,No,10,Piece,,,,,,,,1
Metronidazole Vaginal Gel 30g,Metronidazole 0.75% vaginal gel,Medicine,,tube,No,6,Tube,,,,,,,,1
Metronidazole Vaginal Suppository,Metronidazole vaginal suppository,Medicine,,box,No,10,Piece,,,,,,,,1
Clindamycin Vaginal Cream 30g,Clindamycin 2% vaginal cream,Medicine,,tube,No,6,Tube,,,,,,,,1
Clotrimazole + Metronidazole Vaginal Tablet,Clotrimazole + Metronidazole,Medicine,,box,No,10,Piece,,,,,,,,1
Intimate Wash 100ml,Intimate hygiene wash,Other,,bottle,No,10,Bottle,,,,,,,,1
Fluconazole 150mg Single Dose,Fluconazole 150mg,Medicine,,box,No,10,Piece,,,,,,,,1
Vaginal Moisturiser Gel 30g,Vaginal moisturising gel,Other,,tube,No,6,Tube,,,,,,,,1
Lactic Acid Intimate Wash 100ml,Lactic acid intimate wash,Other,,bottle,No,10,Bottle,,,,,,,,1
Tamsulosin 0.4mg + Solifenacin 6mg,Tamsulosin + Solifenacin,Medicine,,tablet,No,100,Tablet,,Strip,10,,Box,10,,2
Tamsulosin 0.2mg,Tamsulosin 0.2mg,Medicine,,capsule,No,100,Capsule,,Strip,10,,Box,10,,2
Vaginal Probiotic Capsule,Lactobacillus vaginal capsule,Medicine,,box,No,10,Piece,,,,,,,,1
Silodosin 8mg,Silodosin 8mg,Medicine,,tablet,No,100,Tablet,,Strip,10,,Box,10,,2
Alfuzosin 10mg,Alfuzosin SR 10mg,Medicine,,tablet,No,100,Tablet,,Strip,10,,Box,10,,2
Silodosin 4mg,Silodosin 4mg,Medicine,,tablet,No,100,Tablet,,Strip,10,,Box,10,,2
Prazosin 5mg,Prazosin XL 5mg,Medicine,,tablet,No,100,Tablet,,Strip,10,,Box,10,,2
Terazosin 2mg,Terazosin 2mg,Medicine,,tablet,No,100,Tablet,,Strip,10,,Box,10,,2
Dutasteride 0.5mg + Tamsulosin 0.4mg,Dutasteride + Tamsulosin,Medicine,,tablet,No,100,Tablet,,Strip,10,,Box,10,,2
Sildenafil 25mg,Sildenafil 25mg,Medicine,,tablet,No,100,Tablet,,Strip,10,,Box,10,,2
Tadalafil 2.5mg,Tadalafil 2.5mg,Medicine,,tablet,No,100,Tablet,,Strip,10,,Box,10,,2
Tadalafil 5mg,Tadalafil 5mg,Medicine,,tablet,No,100,Tablet,,Strip,10,,Box,10,,2
Vardenafil 20mg,Vardenafil 20mg,Medicine,,tablet,No,100,Tablet,,Strip,10,,Box,10,,2
Udenafil 100mg,Udenafil 100mg,Medicine,,tablet,No,100,Tablet,,Strip,10,,Box,10,,2
Dapoxetine 30mg,Dapoxetine 30mg,Medicine,,tablet,No,100,Tablet,,Strip,10,,Box,10,,2
Dapoxetine 60mg,Dapoxetine 60mg,Medicine,,tablet,No,100,Tablet,,Strip,10,,Box,10,,2
Testosterone Undecanoate 40mg,Testosterone Undecanoate 40mg,Medicine,,tablet,No,100,Tablet,,Strip,10,,Box,10,,2
Sildenafil 50mg + Dapoxetine 30mg,Sildenafil + Dapoxetine,Medicine,,tablet,No,100,Tablet,,Strip,10,,Box,10,,2
Lignocaine Delay Spray 20ml,Lignocaine topical spray,Medicine,,bottle,No,10,Bottle,,,,,,,,1
Testosterone Enanthate 250mg Injection,Testosterone Enanthate 250mg,Medicine,,vial,No,10,Vial,,,,,,,,1
Zinc + Selenium + Lycopene for fertility,Male fertility supplement,Medicine,,tablet,No,100,Tablet,,Strip,10,,Box,10,,2
Testosterone Gel 1% 50g,Testosterone 1% topical gel,Medicine,,tube,No,6,Tube,,,,,,,,1
L-Carnitine + Coenzyme Q10 Sachet,Male fertility supplement,Medicine,,sachet,No,30,Sachet,,Strip,10,,Box,10,,2
Solifenacin 10mg,Solifenacin 10mg,Medicine,,tablet,No,100,Tablet,,Strip,10,,Box,10,,2
Tolterodine 2mg,Tolterodine 2mg,Medicine,,tablet,No,100,Tablet,,Strip,10,,Box,10,,2
Tolterodine ER 4mg,Tolterodine extended release 4mg,Medicine,,tablet,No,100,Tablet,,Strip,10,,Box,10,,2
Mirabegron 25mg,Mirabegron 25mg,Medicine,,tablet,No,100,Tablet,,Strip,10,,Box,10,,2
Mirabegron 50mg,Mirabegron 50mg,Medicine,,tablet,No,100,Tablet,,Strip,10,,Box,10,,2
Trospium 20mg,Trospium Chloride 20mg,Medicine,,tablet,No,100,Tablet,,Strip,10,,Box,10,,2
Flavoxate 200mg,Flavoxate 200mg,Medicine,,tablet,No,100,Tablet,,Strip,10,,Box,10,,2
Oxybutynin ER 10mg,Oxybutynin extended release 10mg,Medicine,,tablet,No,100,Tablet,,Strip,10,,Box,10,,2
Disodium Hydrogen Citrate Syrup 100ml,Disodium Hydrogen Citrate,Medicine,,bottle,No,10,Bottle,,,,,,,,1
Potassium Magnesium Citrate Sachet,Potassium Magnesium Citrate,Medicine,,sachet,No,30,Sachet,,Strip,10,,Box,10,,2
Potassium Citrate Syrup 100ml,Potassium Citrate syrup,Medicine,,bottle,No,10,Bottle,,,,,,,,1
Sevelamer 400mg,Sevelamer Carbonate 400mg,Medicine,,tablet,No,100,Tablet,,Strip,10,,Box,10,,2
Sodium Bicarbonate 500mg for kidney,Sodium Bicarbonate 500mg,Medicine,,tablet,No,100,Tablet,,Strip,10,,Box,10,,2
Sevelamer 800mg,Sevelamer Carbonate 800mg,Medicine,,tablet,No,100,Tablet,,Strip,10,,Box,10,,2
Calcium Acetate 667mg,Calcium Acetate 667mg,Medicine,,tablet,No,100,Tablet,,Strip,10,,Box,10,,2
Lanthanum Carbonate 500mg,Lanthanum Carbonate 500mg,Medicine,,tablet,No,100,Tablet,,Strip,10,,Box,10,,2
Cinacalcet 30mg,Cinacalcet 30mg,Medicine,,tablet,No,100,Tablet,,Strip,10,,Box,10,,2
Nephro Protein Powder 200g,Renal nutrition powder,Other,,sachet,No,30,Sachet,,Strip,10,,Box,10,,2
Ketoanalogue Tablet,Ketoanalogues of essential amino acids,Medicine,,sachet,No,30,Sachet,,Strip,10,,Box,10,,2
Cystone Syrup 200ml,Ayurvedic for urinary stones,Other,Himalaya,bottle,No,10,Bottle,,,,,,,,1
Neeri Tablet,Ayurvedic for urinary stones,Other,Aimil,tablet,No,100,Tablet,,Strip,10,,Box,10,,2
Neeri Syrup 200ml,Ayurvedic for urinary stones,Other,Aimil,bottle,No,10,Bottle,,,,,,,,1
Methenamine Hippurate 1g,Methenamine Hippurate 1g,Medicine,,tablet,No,100,Tablet,,Strip,10,,Box,10,,2
Phenazopyridine 200mg,Phenazopyridine 200mg,Medicine,,tablet,No,100,Tablet,,Strip,10,,Box,10,,2
Tamsulosin with Tadalafil,Tamsulosin 0.4mg + Tadalafil 5mg,Medicine,,tablet,No,100,Tablet,,Strip,10,,Box,10,,2
D-Mannose Sachet,D-Mannose for urinary health,Other,,sachet,No,30,Sachet,,Strip,10,,Box,10,,2
Paracetamol Suspension 250mg 60ml,Paracetamol 250mg/5ml,Medicine,,bottle,No,10,Bottle,,,,,,,,1
Paracetamol 125mg Dispersible,Paracetamol 125mg dispersible,Medicine,,tablet,No,100,Tablet,,Strip,10,,Box,10,,2
Paracetamol Infant Drops 30ml,Paracetamol 100mg/ml,Medicine,,drops,No,6,Bottle,,,,,,,,1
Paracetamol 250mg Dispersible,Paracetamol 250mg dispersible,Medicine,,tablet,No,100,Tablet,,Strip,10,,Box,10,,2
Paracetamol Suspension 120mg 100ml,Paracetamol 120mg/5ml,Medicine,,bottle,No,10,Bottle,,,,,,,,1
Mefenamic Acid Suspension 100ml,Mefenamic Acid 50mg/5ml,Medicine,,bottle,No,10,Bottle,,,,,,,,1
Ibuprofen Suspension 100ml,Ibuprofen 100mg/5ml,Medicine,,bottle,No,10,Bottle,,,,,,,,1
Nimesulide Paediatric Suspension 30ml,Nimesulide 50mg/5ml,Medicine,,bottle,No,10,Bottle,,,,,,,,1
Ibuprofen Infant Drops 15ml,Ibuprofen 100mg/ml,Medicine,,drops,No,6,Bottle,,,,,,,,1
Amoxicillin 125mg Dispersible,Amoxicillin 125mg dispersible,Medicine,,tablet,No,100,Tablet,,Strip,10,,Box,10,,2
Amoxicillin 250mg Dispersible,Amoxicillin 250mg dispersible,Medicine,,tablet,No,100,Tablet,,Strip,10,,Box,10,,2
Amoxicillin + Clavulanate 228.5mg Dispersible,Amoxicillin 200mg + Clavulanate 28.5mg,Medicine,,tablet,No,100,Tablet,,Strip,10,,Box,10,,2
Amoxicillin Dry Syrup 30ml 250mg,Amoxicillin 250mg/5ml,Medicine,,bottle,No,10,Bottle,,,,,,,,1
Cefixime 50mg Dispersible,Cefixime 50mg dispersible,Medicine,,tablet,No,100,Tablet,,Strip,10,,Box,10,,2
Amoxicillin + Clavulanate 457mg Dispersible,Amoxicillin 400mg + Clavulanate 57mg,Medicine,,tablet,No,100,Tablet,,Strip,10,,Box,10,,2
Cefixime 100mg Dispersible,Cefixime 100mg dispersible,Medicine,,tablet,No,100,Tablet,,Strip,10,,Box,10,,2
Cefpodoxime 50mg Dispersible,Cefpodoxime 50mg dispersible,Medicine,,tablet,No,100,Tablet,,Strip,10,,Box,10,,2
Cefpodoxime 100mg Dispersible,Cefpodoxime 100mg dispersible,Medicine,,tablet,No,100,Tablet,,Strip,10,,Box,10,,2
Cefuroxime Dry Syrup 30ml,Cefuroxime 125mg/5ml,Medicine,,bottle,No,10,Bottle,,,,,,,,1
Cefuroxime 125mg Dispersible,Cefuroxime Axetil 125mg dispersible,Medicine,,tablet,No,100,Tablet,,Strip,10,,Box,10,,2
Azithromycin 100mg Dispersible,Azithromycin 100mg dispersible,Medicine,,tablet,No,100,Tablet,,Strip,10,,Box,10,,2
Azithromycin Dry Syrup 200mg 15ml,Azithromycin 200mg/5ml,Medicine,,bottle,No,10,Bottle,,,,,,,,1
Azithromycin 200mg Dispersible,Azithromycin 200mg dispersible,Medicine,,tablet,No,100,Tablet,,Strip,10,,Box,10,,2
Ornidazole 250mg Dispersible,Ornidazole 250mg dispersible,Medicine,,tablet,No,100,Tablet,,Strip,10,,Box,10,,2
Cefdinir Dry Syrup 30ml,Cefdinir 125mg/5ml,Medicine,,bottle,No,10,Bottle,,,,,,,,1
Ofloxacin Paediatric Suspension 30ml,Ofloxacin 50mg/5ml,Medicine,,bottle,No,10,Bottle,,,,,,,,1
Cotrimoxazole Suspension 100ml,Sulfamethoxazole + Trimethoprim suspension,Medicine,,bottle,No,10,Bottle,,,,,,,,1
Cephalexin Dry Syrup 30ml 250mg,Cephalexin 250mg/5ml,Medicine,,bottle,No,10,Bottle,,,,,,,,1
Paediatric Expectorant Syrup 60ml,Guaiphenesin paediatric syrup,Medicine,,bottle,No,10,Bottle,,,,,,,,1
Paediatric Dry Cough Syrup 60ml,Dextromethorphan paediatric syrup,Medicine,,bottle,No,10,Bottle,,,,,,,,1
Cefixime + Ofloxacin Dry Syrup 30ml,Cefixime + Ofloxacin suspension,Medicine,,bottle,No,10,Bottle,,,,,,,,1
Montelukast + Levocetirizine Paediatric Syrup 30ml,Montelukast with Levocetirizine,Medicine,,bottle,No,10,Bottle,,,,,,,,1
Nasal Saline Drops for Infants 10ml,Sodium Chloride 0.65% nasal drops,Medicine,,drops,No,6,Bottle,,,,,,,,1
Ambroxol + Guaiphenesin Paediatric Syrup 60ml,Ambroxol with Guaiphenesin,Medicine,,bottle,No,10,Bottle,,,,,,,,1
Levosalbutamol + Ambroxol + Guaiphenesin Syrup 60ml,Paediatric cough syrup,Medicine,,bottle,No,10,Bottle,,,,,,,,1
Montelukast 5mg Chewable,Montelukast 5mg chewable,Medicine,,tablet,No,100,Tablet,,Strip,10,,Box,10,,2
Montelukast 4mg Chewable,Montelukast 4mg chewable,Medicine,,tablet,No,100,Tablet,,Strip,10,,Box,10,,2
Salbutamol Paediatric Syrup 60ml,Salbutamol 2mg/5ml,Medicine,,bottle,No,10,Bottle,,,,,,,,1
Gripe Water 150ml,Ayurvedic gripe water,Other,,bottle,No,10,Bottle,,,,,,,,1
Simethicone Paediatric Drops 30ml,Simethicone 40mg/ml,Medicine,,drops,No,6,Bottle,,,,,,,,1
Dill Oil + Fennel + Simethicone Drops 30ml,Colic relief drops,Medicine,,drops,No,6,Bottle,,,,,,,,1
Domperidone Paediatric Suspension 30ml,Domperidone 1mg/ml,Medicine,,bottle,No,10,Bottle,,,,,,,,1
Budesonide Respules 0.5mg for children,Budesonide 0.5mg/2ml,Medicine,,vial,No,10,Vial,,,,,,,,1
Ondansetron Paediatric Syrup 30ml,Ondansetron 2mg/5ml,Medicine,,bottle,No,10,Bottle,,,,,,,,1
Albendazole Suspension 20ml,Albendazole 200mg/5ml,Medicine,,bottle,No,10,Bottle,,,,,,,,1
Ondansetron 4mg Mouth Dissolving for children,Ondansetron 4mg orally disintegrating,Medicine,,tablet,No,100,Tablet,,Strip,10,,Box,10,,2
Albendazole 400mg Chewable,Albendazole 400mg chewable,Medicine,,tablet,No,100,Tablet,,Strip,10,,Box,10,,2
Mebendazole Suspension 30ml,Mebendazole 100mg/5ml,Medicine,,bottle,No,10,Bottle,,,,,,,,1
Zinc Paediatric Syrup 60ml,Zinc 20mg/5ml,Medicine,,bottle,No,10,Bottle,,,,,,,,1
Zinc + ORS Paediatric Pack,Zinc with oral rehydration salts,Medicine,,sachet,No,30,Sachet,,Strip,10,,Box,10,,2
Probiotic Drops for Infants 5ml,Lactobacillus reuteri drops,Medicine,,sachet,No,30,Sachet,,Strip,10,,Box,10,,2
Lactulose Paediatric Syrup 100ml,Lactulose 10g/15ml,Medicine,,bottle,No,10,Bottle,,,,,,,,1
Zinc Drops 15ml,Zinc 10mg/ml,Medicine,,drops,No,6,Bottle,,,,,,,,1
Multivitamin Paediatric Syrup 100ml,Multivitamin syrup for children,Medicine,,bottle,No,10,Bottle,,,,,,,,1
Digestive Enzyme Paediatric Syrup 100ml,Digestive enzyme syrup,Medicine,,bottle,No,10,Bottle,,,,,,,,1
Probiotic Sachet for Children,Probiotic powder sachet,Medicine,,sachet,No,30,Sachet,,Strip,10,,Box,10,,2
Calcium + Vitamin D3 Drops 30ml,Calcium with Vitamin D3 drops,Medicine,,drops,No,6,Bottle,,,,,,,,1
Iron Paediatric Syrup 100ml,Iron with folic acid syrup,Medicine,,bottle,No,10,Bottle,,,,,,,,1
Calcium Paediatric Syrup 200ml,Calcium with Vitamin D3 syrup,Medicine,,bottle,No,10,Bottle,,,,,,,,1
Multivitamin Infant Drops 30ml,Multivitamin drops,Medicine,,drops,No,6,Bottle,,,,,,,,1
Lysine + Multivitamin Syrup 200ml,Lysine with B complex,Medicine,,bottle,No,10,Bottle,,,,,,,,1
Vitamin D3 1000 IU Chewable for children,Cholecalciferol 1000 IU chewable,Medicine,,tablet,No,100,Tablet,,Strip,10,,Box,10,,2
Appetite Stimulant Syrup 200ml,Cyproheptadine with tricholine,Medicine,,bottle,No,10,Bottle,,,,,,,,1
Multivitamin Gummies,Multivitamin gummy tablets,Other,,tablet,No,100,Tablet,,Strip,10,,Box,10,,2
Vitamin C Gummies,Vitamin C gummy tablets,Other,,tablet,No,100,Tablet,,Strip,10,,Box,10,,2
Omega-3 DHA Syrup 100ml,DHA syrup for children,Medicine,,bottle,No,10,Bottle,,,,,,,,1
Infant Formula Stage 1 400g,Infant milk formula 0-6 months,Other,,box,No,5,Box,,,,,,,,1
Protein Syrup for Children 200ml,Protein and vitamin syrup,Medicine,,bottle,No,10,Bottle,,,,,,,,1
Infant Formula Stage 3 400g,Growing up milk formula,Other,,box,No,5,Box,,,,,,,,1
Lactose Free Infant Formula 400g,Lactose free infant formula,Other,,box,No,5,Box,,,,,,,,1
Infant Formula Stage 2 400g,Follow on formula 6-12 months,Other,,box,No,5,Box,,,,,,,,1
Preterm Infant Formula 400g,Formula for low birth weight infants,Other,,box,No,5,Box,,,,,,,,1
Soy Based Infant Formula 400g,Soy protein infant formula,Other,,box,No,5,Box,,,,,,,,1
Infant Cereal Rice 300g,Rice based infant cereal,Other,,box,No,5,Box,,,,,,,,1
Infant Cereal Mixed Fruit 300g,Infant cereal with fruit,Other,,box,No,5,Box,,,,,,,,1
Baby Body Wash 200ml,Gentle baby body wash,Other,,bottle,No,10,Bottle,,,,,,,,1
Baby Massage Oil 100ml,Baby massage oil,Other,,bottle,No,10,Bottle,,,,,,,,1
Baby Rash Cream 30g,Zinc oxide nappy rash cream,Other,,tube,No,6,Tube,,,,,,,,1
Baby Wipes 80s,Fragrance free baby wipes,Other,,box,No,5,Box,,,,,,,,1
Sipper Cup,Children's sipper cup,Other,,box,No,10,Piece,,,,,,,,1
Digital Baby Thermometer,Digital thermometer for infants,Other,,box,No,10,Piece,,,,,,,,1
Medicine Dropper,Oral medicine dropper,Consumable,,box,No,10,Piece,,,,,,,,1
Baby Feeding Bottle 150ml,Feeding bottle,Other,,box,No,10,Piece,,,,,,,,1
Cloth Nappy Pack,Reusable cloth nappies,Other,,box,No,5,Box,,,,,,,,1
Nasal Saline Spray for Infants,Saline nasal spray,Medicine,,box,No,10,Piece,,,,,,,,1
Teething Gel 15g,Teething relief gel,Other,,box,No,5,Box,,,,,,,,1
Baby Cologne 100ml,Baby cologne,Other,,bottle,No,10,Bottle,,,,,,,,1
Paediatric Moisturising Cream 100g,Emollient cream for children,Medicine,,tube,No,6,Tube,,,,,,,,1
Paediatric Sunscreen Lotion 75ml,Sunscreen for children,Other,,bottle,No,10,Bottle,,,,,,,,1
Permethrin 2.5% Cream for children 30g,Permethrin 2.5% cream,Medicine,,tube,No,6,Tube,,,,,,,,1
Paediatric Antifungal Powder 50g,Antifungal dusting powder,Medicine,,bottle,No,10,Bottle,,,,,,,,1
Paediatric Antibiotic Eye Drops 5ml,Chloramphenicol eye drops,Medicine,,drops,No,6,Bottle,,,,,,,,1
Head Lice Treatment Lotion 60ml,Permethrin lice lotion,Medicine,,bottle,No,10,Bottle,,,,,,,,1
Ceftriaxone 2g + Sulbactam 1g Injection,Ceftriaxone + Sulbactam,Medicine,,vial,No,10,Vial,,,,,,,,1
Calamine Lotion for children 100ml,Calamine lotion,Medicine,,tube,No,6,Tube,,,,,,,,1
Ceftriaxone 1g + Tazobactam 125mg Injection,Ceftriaxone + Tazobactam,Medicine,,vial,No,10,Vial,,,,,,,,1
Cefepime 2g Injection,Cefepime 2g,Medicine,,vial,No,10,Vial,,,,,,,,1
Cefotaxime 250mg Injection,Cefotaxime 250mg,Medicine,,vial,No,10,Vial,,,,,,,,1
Ceftazidime 250mg Injection,Ceftazidime 250mg,Medicine,,vial,No,10,Vial,,,,,,,,1
Cefuroxime 1.5g Injection,Cefuroxime 1.5g,Medicine,,vial,No,10,Vial,,,,,,,,1
Ceftazidime + Avibactam Injection,Ceftazidime 2g + Avibactam 500mg,Medicine,,vial,No,10,Vial,,,,,,,,1
Ampicillin 1g Injection,Ampicillin 1g,Medicine,,vial,No,10,Vial,,,,,,,,1
Cefazolin 1g Injection,Cefazolin 1g,Medicine,,vial,No,10,Vial,,,,,,,,1
Piperacillin + Tazobactam 1.125g Injection,Piperacillin 1g + Tazobactam 125mg,Medicine,,vial,No,10,Vial,,,,,,,,1
Amoxicillin 500mg Injection,Amoxicillin 500mg,Medicine,,vial,No,10,Vial,,,,,,,,1
Cefoxitin 1g Injection,Cefoxitin 1g,Medicine,,vial,No,10,Vial,,,,,,,,1
Aztreonam 1g Injection,Aztreonam 1g,Medicine,,vial,No,10,Vial,,,,,,,,1
Meropenem 250mg Injection,Meropenem 250mg,Medicine,,vial,No,10,Vial,,,,,,,,1
Meropenem + Vaborbactam Injection,Meropenem with Vaborbactam,Medicine,,vial,No,10,Vial,,,,,,,,1
Vancomycin 250mg Injection,Vancomycin 250mg,Medicine,,vial,No,10,Vial,,,,,,,,1
Daptomycin 500mg Injection,Daptomycin 500mg,Medicine,,vial,No,10,Vial,,,,,,,,1
Doripenem 500mg Injection,Doripenem 500mg,Medicine,,vial,No,10,Vial,,,,,,,,1
Metronidazole Infusion 100ml 500mg,Metronidazole 500mg/100ml,Medicine,,vial,No,10,Vial,,,,,,,,1
Tigecycline 50mg Injection,Tigecycline 50mg,Medicine,,vial,No,10,Vial,,,,,,,,1
Linezolid 600mg Infusion 300ml,Linezolid 600mg/300ml,Medicine,,vial,No,10,Vial,,,,,,,,1
Azithromycin 500mg Injection,Azithromycin 500mg,Medicine,,vial,No,10,Vial,,,,,,,,1
Ornidazole Infusion 100ml,Ornidazole 500mg/100ml,Medicine,,vial,No,10,Vial,,,,,,,,1
Rifampicin 600mg Injection,Rifampicin 600mg,Medicine,,vial,No,10,Vial,,,,,,,,1
Doxycycline 100mg Injection,Doxycycline 100mg,Medicine,,vial,No,10,Vial,,,,,,,,1
Clarithromycin 500mg Injection,Clarithromycin 500mg,Medicine,,vial,No,10,Vial,,,,,,,,1
Isepamicin 200mg Injection,Isepamicin 200mg,Medicine,,vial,No,10,Vial,,,,,,,,1
Netilmicin 300mg Injection,Netilmicin 300mg,Medicine,,vial,No,10,Vial,,,,,,,,1
Betamethasone Injection 2ml,Betamethasone 4mg/ml,Medicine,,vial,No,10,Ampoule,,,,,,,,1
Methylprednisolone 125mg Injection,Methylprednisolone 125mg,Medicine,,vial,No,10,Vial,,,,,,,,1
Dexamethasone Injection 1ml,Dexamethasone 4mg/ml,Medicine,,vial,No,10,Ampoule,,,,,,,,1
Methylprednisolone 1g Injection,Methylprednisolone 1g,Medicine,,vial,No,10,Vial,,,,,,,,1
Diclofenac Injection 1ml,Diclofenac 25mg/ml,Medicine,,vial,No,10,Ampoule,,,,,,,,1
Atropine Injection 10ml,Atropine 0.6mg/ml,Medicine,,vial,No,10,Ampoule,,,,,,,,1
Tramadol Injection 1ml,Tramadol 50mg/ml,Medicine,,vial,Yes,10,Ampoule,,,,,,,,1
Paracetamol Injection 100ml,Paracetamol 1g/100ml,Medicine,,vial,No,10,Ampoule,,,,,,,,1
Ketorolac Injection 2ml,Ketorolac 60mg/2ml,Medicine,,vial,No,10,Ampoule,,,,,,,,1
Hyoscine Injection 1ml,Hyoscine Butylbromide 20mg/ml,Medicine,,vial,No,10,Ampoule,,,,,,,,1
Pentazocine Injection 1ml,Pentazocine 30mg/ml,Medicine,,vial,No,10,Ampoule,,,,,,,,1
Neostigmine Injection 1ml,Neostigmine 0.5mg/ml,Medicine,,vial,No,10,Ampoule,,,,,,,,1
Naloxone Injection 1ml,Naloxone 0.4mg/ml,Medicine,,vial,No,10,Ampoule,,,,,,,,1
Glycopyrrolate Injection 1ml,Glycopyrrolate 0.2mg/ml,Medicine,,vial,No,10,Ampoule,,,,,,,,1
Flumazenil Injection 5ml,Flumazenil 0.5mg/5ml,Medicine,,vial,No,10,Ampoule,,,,,,,,1
Calcium Gluconate Injection 10ml 10%,Calcium Gluconate 10%,Medicine,,vial,No,10,Ampoule,,,,,,,,1
Sodium Bicarbonate Injection 25ml,Sodium Bicarbonate 7.5%,Medicine,,vial,No,10,Ampoule,,,,,,,,1
Dextrose 25% Injection 25ml,Dextrose 25%,Medicine,,vial,No,10,Ampoule,,,,,,,,1
Potassium Chloride Injection 20ml,Potassium Chloride 15%,Medicine,,vial,No,10,Ampoule,,,,,,,,1
Dextrose 50% Injection 25ml,Dextrose 50%,Medicine,,vial,No,10,Ampoule,,,,,,,,1
Adrenaline Injection 30ml,Adrenaline 1mg/ml multidose,Medicine,,vial,No,10,Ampoule,,,,,,,,1
Ephedrine Injection 1ml,Ephedrine 30mg/ml,Medicine,,vial,No,10,Ampoule,,,,,,,,1
Phenylephrine Injection 1ml,Phenylephrine 10mg/ml,Medicine,,vial,No,10,Ampoule,,,,,,,,1
Vasopressin Injection 1ml,Vasopressin 20 units/ml,Medicine,,vial,No,10,Ampoule,,,,,,,,1
Esmolol Injection 10ml,Esmolol 100mg/10ml,Medicine,,vial,No,10,Ampoule,,,,,,,,1
Terlipressin 1mg Injection,Terlipressin 1mg,Medicine,,vial,No,10,Ampoule,,,,,,,,1
Furosemide Injection 4ml,Furosemide 40mg/4ml,Medicine,,vial,No,10,Ampoule,,,,,,,,1
Nitroglycerin Injection 10ml,Nitroglycerin 50mg/10ml,Medicine,,vial,No,10,Ampoule,,,,,,,,1
Labetalol Injection 4ml,Labetalol 20mg/4ml,Medicine,,vial,No,10,Ampoule,,,,,,,,1
Hydralazine Injection 1ml,Hydralazine 20mg/ml,Medicine,,vial,No,10,Ampoule,,,,,,,,1
Lignocaine with Adrenaline Injection 30ml,Lignocaine 2% with Adrenaline,Medicine,,vial,No,10,Ampoule,,,,,,,,1
Amiodarone Injection 3ml,Amiodarone 150mg/3ml,Medicine,,vial,No,10,Ampoule,,,,,,,,1
Adenosine Injection 2ml,Adenosine 6mg/2ml,Medicine,,vial,No,10,Ampoule,,,,,,,,1
Lignocaine 2% Injection 5ml,Lignocaine 2%,Medicine,,vial,No,10,Ampoule,,,,,,,,1
Ropivacaine 0.75% Injection 20ml,Ropivacaine 0.75%,Medicine,,vial,No,10,Ampoule,,,,,,,,1
Thiopentone 500mg Injection,Thiopentone Sodium 500mg,Medicine,,vial,No,10,Ampoule,,,,,,,,1
Propofol Injection 20ml,Propofol 200mg/20ml,Medicine,,vial,No,10,Ampoule,,,,,,,,1
Ketamine Injection 10ml,Ketamine 50mg/ml,Medicine,,vial,Yes,10,Ampoule,,,,,,,,1
Bupivacaine Heavy 0.5% Injection 4ml,Bupivacaine Heavy 0.5%,Medicine,,vial,No,10,Ampoule,,,,,,,,1
Normal Saline 0.45% 500ml,Sodium Chloride 0.45% IV fluid,Medicine,,bottle,No,10,Bottle,,,,,,,,1
Normal Saline 0.9% 1000ml,Sodium Chloride 0.9% IV fluid,Medicine,,bottle,No,10,Bottle,,,,,,,,1
Vecuronium 4mg Injection,Vecuronium Bromide 4mg,Medicine,,vial,No,10,Ampoule,,,,,,,,1
Atracurium Injection 2.5ml,Atracurium 25mg/2.5ml,Medicine,,vial,No,10,Ampoule,,,,,,,,1
Succinylcholine 500mg Injection,Succinylcholine Chloride 500mg,Medicine,,vial,No,10,Ampoule,,,,,,,,1
Dextrose 5% 1000ml,Dextrose 5% IV fluid,Medicine,,bottle,No,10,Bottle,,,,,,,,1
Isolyte-G 500ml,Multiple electrolyte IV fluid,Medicine,Baxter,bottle,No,10,Bottle,,,,,,,,1
Normal Saline 3% 500ml,Sodium Chloride 3% IV fluid,Medicine,,bottle,No,10,Bottle,,,,,,,,1
Ringer Lactate 1000ml,Compound Sodium Lactate IV fluid,Medicine,,bottle,No,10,Bottle,,,,,,,,1
Dextrose 5% 100ml,Dextrose 5% IV fluid,Medicine,,bottle,No,10,Bottle,,,,,,,,1
Hydroxyethyl Starch 6% 500ml,Hydroxyethyl Starch 6% colloid,Medicine,,bottle,No,10,Bottle,,,,,,,,1
Mannitol 20% 350ml,Mannitol 20% IV infusion,Medicine,,bottle,No,10,Bottle,,,,,,,,1
Sterofundin 500ml,Balanced electrolyte IV fluid,Medicine,B. Braun,bottle,No,10,Bottle,,,,,,,,1
Lipid Emulsion 20% 100ml,Intravenous lipid emulsion,Medicine,,bottle,No,10,Bottle,,,,,,,,1
Amino Acid Infusion 500ml,Amino acid parenteral nutrition,Medicine,,bottle,No,10,Bottle,,,,,,,,1
Multivitamin Infusion 5ml,Parenteral multivitamin,Medicine,,bottle,No,10,Bottle,,,,,,,,1
Gelatin Polysuccinate 500ml,Gelatin colloid infusion,Medicine,,bottle,No,10,Bottle,,,,,,,,1
Human Albumin 20% 100ml,Human Albumin 20%,Medicine,,bottle,No,10,Bottle,,,,,,,,1
Tetanus Toxoid 5ml Multidose,Tetanus Toxoid vaccine,Medicine,,vial,No,10,Vial,,,,,,,,1
Water for Injection 5ml,Sterile water for injection,Medicine,,bottle,No,10,Bottle,,,,,,,,1
Potassium Chloride in Dextrose 500ml,Dextrose with potassium chloride,Medicine,,bottle,No,10,Bottle,,,,,,,,1
Water for Injection 100ml,Sterile water for injection,Medicine,,bottle,No,10,Bottle,,,,,,,,1
Sodium Bicarbonate Infusion 100ml,Sodium Bicarbonate 5%,Medicine,,bottle,No,10,Bottle,,,,,,,,1
Hepatitis B Vaccine 0.5ml Paediatric,Hepatitis B vaccine paediatric,Medicine,,vial,No,10,Vial,,,,,,,,1
Rabies Vaccine 1ml,Purified chick embryo rabies vaccine,Medicine,,vial,No,10,Vial,,,,,,,,1
Tdap Vaccine 0.5ml,"Tetanus, diphtheria and pertussis vaccine",Medicine,,vial,No,10,Vial,,,,,,,,1
MMR Vaccine 0.5ml,"Measles, mumps and rubella vaccine",Medicine,,vial,No,10,Vial,,,,,,,,1
Hepatitis A + B Vaccine 1ml,Combined hepatitis A and B vaccine,Medicine,,vial,No,10,Vial,,,,,,,,1
Hepatitis A Vaccine 0.5ml,Hepatitis A vaccine,Medicine,,vial,No,10,Vial,,,,,,,,1
Varicella Vaccine 0.5ml,Chickenpox vaccine,Medicine,,vial,No,10,Vial,,,,,,,,1
Meningococcal Vaccine 0.5ml,Meningococcal conjugate vaccine,Medicine,,vial,No,10,Vial,,,,,,,,1
Pneumococcal Conjugate Vaccine 0.5ml,PCV 13 vaccine,Medicine,,vial,No,10,Vial,,,,,,,,1
Pneumococcal Polysaccharide Vaccine 0.5ml,PPSV 23 vaccine,Medicine,,vial,No,10,Vial,,,,,,,,1
Japanese Encephalitis Vaccine 0.5ml,JE vaccine,Medicine,,vial,No,10,Vial,,,,,,,,1
Rotavirus Vaccine Oral,Oral rotavirus vaccine,Medicine,,vial,No,10,Vial,,,,,,,,1
Oral Polio Vaccine,Oral poliovirus vaccine,Medicine,,vial,No,10,Vial,,,,,,,,1
Inactivated Polio Vaccine 0.5ml,IPV vaccine,Medicine,,vial,No,10,Vial,,,,,,,,1
DPT Vaccine 0.5ml,"Diphtheria, pertussis and tetanus vaccine",Medicine,,vial,No,10,Vial,,,,,,,,1
Typhoid Conjugate Vaccine 0.5ml,Typhoid conjugate vaccine,Medicine,,vial,No,10,Vial,,,,,,,,1
BCG Vaccine,Bacillus Calmette-Guerin vaccine,Medicine,,vial,No,10,Vial,,,,,,,,1
Pentavalent Vaccine 0.5ml,DPT with Hepatitis B and Hib,Medicine,,vial,No,10,Vial,,,,,,,,1
Hepatitis B Immunoglobulin 100 IU,Hepatitis B immunoglobulin,Medicine,,vial,No,10,Vial,,,,,,,,1
Normal Human Immunoglobulin 5g,Intravenous immunoglobulin,Medicine,,vial,No,10,Vial,,,,,,,,1
Anti-D Immunoglobulin 300mcg,Anti-D Rho(D) immunoglobulin,Medicine,,vial,No,10,Vial,,,,,,,,1
Anti-Snake Venom Polyvalent,Polyvalent anti-snake venom,Medicine,,vial,No,10,Vial,,,,,,,,1
Anti-Rabies Monoclonal Antibody,Rabies monoclonal antibody,Medicine,,vial,No,10,Vial,,,,,,,,1
Ethamsylate Injection 2ml,Ethamsylate 250mg/2ml,Medicine,,vial,No,10,Vial,,,,,,,,1
Tranexamic Acid Injection 10ml,Tranexamic Acid 1g/10ml,Medicine,,vial,No,10,Vial,,,,,,,,1
Thiamine Injection 2ml,Thiamine 100mg/2ml,Medicine,,vial,No,10,Vial,,,,,,,,1
Vitamin C Injection 5ml,Ascorbic Acid 500mg/5ml,Medicine,,vial,No,10,Vial,,,,,,,,1
Glucagon 1mg Injection,Glucagon 1mg,Medicine,,vial,No,10,Vial,,,,,,,,1
Iron Dextran Injection 2ml,Iron Dextran 100mg/2ml,Medicine,,vial,No,10,Vial,,,,,,,,1
Somatostatin 3mg Injection,Somatostatin 3mg,Medicine,,vial,No,10,Vial,,,,,,,,1
Octreotide 100mcg Injection,Octreotide 100mcg,Medicine,,vial,No,10,Vial,,,,,,,,1
Filgrastim 300mcg Injection,Filgrastim 300mcg,Medicine,,vial,No,10,Vial,,,,,,,,1
Phytomenadione Injection 0.5ml,Vitamin K1 1mg/0.5ml paediatric,Medicine,,vial,No,10,Vial,,,,,,,,1
Hydroxocobalamin Injection 1ml,Hydroxocobalamin 1000mcg,Medicine,,vial,No,10,Vial,,,,,,,,1
Protamine Sulphate Injection 5ml,Protamine Sulphate 50mg/5ml,Medicine,,vial,No,10,Vial,,,,,,,,1
Heparin 25000 IU Injection 5ml,Heparin 5000 IU/ml,Medicine,,vial,No,10,Vial,,,,,,,,1
Pantoprazole 80mg Injection,Pantoprazole 80mg,Medicine,,vial,No,10,Vial,,,,,,,,1
Granisetron 3mg Injection,Granisetron 3mg/3ml,Medicine,,vial,No,10,Vial,,,,,,,,1
Insulin Regular 100 IU Vial 10ml,Human Insulin Regular 100 IU/ml,Medicine,,vial,No,10,Vial,,,,,,,,1
Ondansetron 8mg Injection,Ondansetron 8mg,Medicine,,vial,No,10,Vial,,,,,,,,1
Dexmedetomidine 200mcg Injection,Dexmedetomidine 200mcg/2ml,Medicine,,vial,No,10,Vial,,,,,,,,1
Himalaya Bonnisan Tablet,Ayurvedic digestive for children,Other,Himalaya,tablet,No,100,Tablet,,Strip,10,,Box,10,,2
Himalaya Lukol Tablet,Ayurvedic for leucorrhoea,Other,Himalaya,tablet,No,100,Tablet,,Strip,10,,Box,10,,2
Himalaya Confido Tablet,Ayurvedic men's health,Other,Himalaya,tablet,No,100,Tablet,,Strip,10,,Box,10,,2
Himalaya Evecare Tablet,Ayurvedic for menstrual health,Other,Himalaya,tablet,No,100,Tablet,,Strip,10,,Box,10,,2
Himalaya Evecare Syrup 200ml,Ayurvedic for menstrual health,Other,Himalaya,bottle,No,10,Bottle,,,,,,,,1
Himalaya Tentex Forte Tablet,Ayurvedic men's health,Other,Himalaya,tablet,No,100,Tablet,,Strip,10,,Box,10,,2
Himalaya Himplasia Tablet,Ayurvedic for prostate health,Other,Himalaya,tablet,No,100,Tablet,,Strip,10,,Box,10,,2
Himalaya Bresol Syrup 100ml,Ayurvedic for respiratory health,Other,Himalaya,bottle,No,10,Bottle,,,,,,,,1
Himalaya Bresol Tablet,Ayurvedic for respiratory health,Other,Himalaya,tablet,No,100,Tablet,,Strip,10,,Box,10,,2
Himalaya Pilex Tablet,Ayurvedic for piles,Other,Himalaya,tablet,No,100,Tablet,,Strip,10,,Box,10,,2
Himalaya Pilex Ointment 30g,Ayurvedic ointment for piles,Other,Himalaya,tube,No,6,Tube,,,,,,,,1
Himalaya Reosto Tablet,Ayurvedic for bone health,Other,Himalaya,tablet,No,100,Tablet,,Strip,10,,Box,10,,2
Himalaya Herbolax Tablet,Ayurvedic laxative,Other,Himalaya,tablet,No,100,Tablet,,Strip,10,,Box,10,,2
Himalaya Diarex Tablet,Ayurvedic for diarrhoea,Other,Himalaya,tablet,No,100,Tablet,,Strip,10,,Box,10,,2
Himalaya Anxocare Tablet,Ayurvedic calming formula,Other,Himalaya,tablet,No,100,Tablet,,Strip,10,,Box,10,,2
Himalaya Mentat Tablet,Ayurvedic for memory,Other,Himalaya,tablet,No,100,Tablet,,Strip,10,,Box,10,,2
Himalaya Brahmi Tablet,Bacopa monnieri extract,Other,Himalaya,tablet,No,100,Tablet,,Strip,10,,Box,10,,2
Himalaya Mentat Syrup 200ml,Ayurvedic for memory,Other,Himalaya,bottle,No,10,Bottle,,,,,,,,1
Himalaya Tulsi Tablet,Holy basil extract,Other,Himalaya,tablet,No,100,Tablet,,Strip,10,,Box,10,,2
Himalaya Neem Tablet,Neem extract,Other,Himalaya,tablet,No,100,Tablet,,Strip,10,,Box,10,,2
Himalaya Triphala Tablet,Triphala extract,Other,Himalaya,tablet,No,100,Tablet,,Strip,10,,Box,10,,2
Himalaya Guduchi Tablet,Tinospora cordifolia extract,Other,Himalaya,tablet,No,100,Tablet,,Strip,10,,Box,10,,2
Himalaya Punarnava Tablet,Boerhavia diffusa extract,Other,Himalaya,tablet,No,100,Tablet,,Strip,10,,Box,10,,2
Himalaya Garlic Tablet,Garlic extract,Other,Himalaya,tablet,No,100,Tablet,,Strip,10,,Box,10,,2
Himalaya Gokshura Tablet,Tribulus terrestris extract,Other,Himalaya,tablet,No,100,Tablet,,Strip,10,,Box,10,,2
Himalaya Karela Tablet,Bitter gourd extract,Other,Himalaya,tablet,No,100,Tablet,,Strip,10,,Box,10,,2
Himalaya Liv 52 Drops 30ml,Ayurvedic liver tonic for infants,Other,Himalaya,bottle,No,10,Bottle,,,,,,,,1
Himalaya Anti-Wrinkle Cream 50g,Anti-wrinkle face cream,Other,Himalaya,tube,No,6,Tube,,,,,,,,1
Himalaya Anti-Dandruff Shampoo 200ml,Anti-dandruff shampoo,Other,Himalaya,bottle,No,10,Bottle,,,,,,,,1
Himalaya Protein Hair Oil 200ml,Herbal hair oil,Other,Himalaya,bottle,No,10,Bottle,,,,,,,,1
Himalaya Nourishing Skin Cream 50ml,Moisturising cream,Other,Himalaya,tube,No,6,Tube,,,,,,,,1
Himalaya Purifying Neem Pack 100g,Neem face pack,Other,Himalaya,tube,No,6,Tube,,,,,,,,1
Himalaya Foot Care Cream 50g,Foot care cream,Other,Himalaya,tube,No,6,Tube,,,,,,,,1
Dabur Chyawanprash Sugar Free 500g,Sugar free ayurvedic tonic,Other,Dabur,bottle,No,10,Bottle,,,,,,,,1
Dabur Chyawanprash 1kg,Ayurvedic immunity tonic,Other,Dabur,bottle,No,10,Bottle,,,,,,,,1
Dabur Honitus Hot Sip 4g,Herbal hot drink for cough,Other,Dabur,bottle,No,10,Bottle,,,,,,,,1
Dabur Shilajit Gold Capsule,Shilajit with gold bhasma,Other,Dabur,bottle,No,10,Bottle,,,,,,,,1
Dabur Honitus Lozenges,Herbal cough lozenges,Other,Dabur,box,No,5,Box,,,,,,,,1
Dabur Shilajit Capsule,Purified shilajit,Other,Dabur,tablet,No,100,Tablet,,Strip,10,,Box,10,,2
Dabur Stresscom Capsule,Ashwagandha capsules,Other,Dabur,bottle,No,10,Bottle,,,,,,,,1
Dabur Triphala Churna 120g,Triphala powder,Other,Dabur,bottle,No,10,Bottle,,,,,,,,1
Dabur Nature Care Powder 250g,Isabgol based laxative,Other,Dabur,bottle,No,10,Bottle,,,,,,,,1
Dabur Hingoli Tablet,Ayurvedic digestive,Other,Dabur,bottle,No,10,Bottle,,,,,,,,1
Dabur Sat Isabgol 200g,Psyllium husk,Other,Dabur,bottle,No,10,Bottle,,,,,,,,1
Dabur Dashmularishta 450ml,Ayurvedic tonic,Other,Dabur,bottle,No,10,Bottle,,,,,,,,1
Dabur Ashwagandha Churna 100g,Ashwagandha powder,Other,Dabur,bottle,No,10,Bottle,,,,,,,,1
Dabur Arjunarishta 450ml,Ayurvedic heart tonic,Other,Dabur,bottle,No,10,Bottle,,,,,,,,1
Dabur Lavan Bhaskar Churna 60g,Ayurvedic digestive powder,Other,Dabur,bottle,No,10,Bottle,,,,,,,,1
Dabur Ashokarishta 450ml,Ayurvedic women's tonic,Other,Dabur,bottle,No,10,Bottle,,,,,,,,1
Dabur Pudin Hara Active 30ml,Ayurvedic digestive liquid,Other,Dabur,bottle,No,10,Bottle,,,,,,,,1
Dabur Amla Juice 1L,Amla juice,Other,Dabur,bottle,No,10,Bottle,,,,,,,,1
Dabur Vatika Hair Oil 300ml,Herbal hair oil,Other,Dabur,bottle,No,10,Bottle,,,,,,,,1
Dabur Red Toothpaste 200g,Ayurvedic toothpaste,Other,Dabur,tube,No,6,Tube,,,,,,,,1
Dabur Janma Ghunti 60ml,Ayurvedic infant tonic,Other,Dabur,bottle,No,10,Bottle,,,,,,,,1
Dabur Aloe Vera Juice 1L,Aloe vera juice,Other,Dabur,bottle,No,10,Bottle,,,,,,,,1
Dabur Giloy Juice 1L,Giloy juice,Other,Dabur,bottle,No,10,Bottle,,,,,,,,1
Dabur Baby Massage Oil 200ml,Baby massage oil,Other,Dabur,bottle,No,10,Bottle,,,,,,,,1
Zandu Vigorex Capsule,Ayurvedic vitality supplement,Other,Zandu,bottle,No,10,Bottle,,,,,,,,1
Zandu Nityam Tablet,Ayurvedic laxative,Other,Zandu,bottle,No,10,Bottle,,,,,,,,1
Zandu Balm Ultra Power 8ml,Ayurvedic pain balm,Other,Zandu,bottle,No,10,Bottle,,,,,,,,1
Zandu Kesari Jivan 450g,Ayurvedic health tonic,Other,Zandu,bottle,No,10,Bottle,,,,,,,,1
Zandu Rhumasyl Oil 50ml,Ayurvedic pain relief oil,Other,Zandu,bottle,No,10,Bottle,,,,,,,,1
Zandu Ashwagandha Tablet,Ashwagandha extract,Other,Zandu,bottle,No,10,Bottle,,,,,,,,1
Baidyanath Kesari Kalp Chyawanprash 500g,Ayurvedic tonic,Other,Baidyanath,bottle,No,10,Bottle,,,,,,,,1
Baidyanath Mahanarayan Oil 100ml,Ayurvedic massage oil,Other,Baidyanath,bottle,No,10,Bottle,,,,,,,,1
Baidyanath Yogendra Ras,Classical ayurvedic preparation,Other,Baidyanath,tablet,No,100,Tablet,,Strip,10,,Box,10,,2
Baidyanath Arogyavardhini Vati,Ayurvedic liver formulation,Other,Baidyanath,tablet,No,100,Tablet,,Strip,10,,Box,10,,2
Baidyanath Ashwagandharishta 450ml,Ayurvedic tonic,Other,Baidyanath,bottle,No,10,Bottle,,,,,,,,1
Baidyanath Shilajit Vati,Shilajit tablets,Other,Baidyanath,tablet,No,100,Tablet,,Strip,10,,Box,10,,2
Baidyanath Abhayarishta 450ml,Ayurvedic laxative tonic,Other,Baidyanath,bottle,No,10,Bottle,,,,,,,,1
Baidyanath Chandraprabha Vati 80 tab,Ayurvedic urinary formulation,Other,Baidyanath,tablet,No,100,Tablet,,Strip,10,,Box,10,,2
Baidyanath Sitopaladi Churna 60g,Ayurvedic cough powder,Other,Baidyanath,tablet,No,100,Tablet,,Strip,10,,Box,10,,2
Baidyanath Kumaryasava 450ml,Ayurvedic tonic,Other,Baidyanath,bottle,No,10,Bottle,,,,,,,,1
Charak Evanova Capsule,Ayurvedic menopause support,Other,Charak,tablet,No,100,Tablet,,Strip,10,,Box,10,,2
Charak Neo Tablet,Ayurvedic supplement,Other,Charak,tablet,No,100,Tablet,,Strip,10,,Box,10,,2
Charak Livomyn Tablet,Ayurvedic liver support,Other,Charak,tablet,No,100,Tablet,,Strip,10,,Box,10,,2
Charak M2 Tone Syrup 200ml,Ayurvedic women's tonic,Other,Charak,bottle,No,10,Bottle,,,,,,,,1
Charak Calcury Tablet,Ayurvedic for urinary stones,Other,Charak,tablet,No,100,Tablet,,Strip,10,,Box,10,,2
Aimil Amree Plus Capsule,Ayurvedic for blood sugar,Other,Aimil,tablet,No,100,Tablet,,Strip,10,,Box,10,,2
Aimil Amlycure DS Syrup 200ml,Ayurvedic liver tonic,Other,Aimil,bottle,No,10,Bottle,,,,,,,,1
Aimil Purodil Syrup 200ml,Ayurvedic blood purifier,Other,Aimil,bottle,No,10,Bottle,,,,,,,,1
Kanchanar Guggulu 60 tab,Classical ayurvedic preparation,Other,,bottle,No,10,Bottle,,,,,,,,1
Yograj Guggulu 60 tab,Classical ayurvedic preparation,Other,,bottle,No,10,Bottle,,,,,,,,1
Aimil Zymnet Plus Syrup 200ml,Ayurvedic digestive,Other,Aimil,bottle,No,10,Bottle,,,,,,,,1
Sitopaladi Churna 100g,Ayurvedic cough powder,Other,,bottle,No,10,Bottle,,,,,,,,1
Gokshuradi Guggulu 60 tab,Classical ayurvedic preparation,Other,,bottle,No,10,Bottle,,,,,,,,1
Punarnavadi Mandur 60 tab,Classical ayurvedic preparation,Other,,bottle,No,10,Bottle,,,,,,,,1
Triphala Guggulu 60 tab,Classical ayurvedic preparation,Other,,bottle,No,10,Bottle,,,,,,,,1
Talisadi Churna 100g,Ayurvedic cough powder,Other,,bottle,No,10,Bottle,,,,,,,,1
Panchakol Churna 100g,Ayurvedic digestive powder,Other,,bottle,No,10,Bottle,,,,,,,,1
Hingwashtak Churna 100g,Ayurvedic digestive powder,Other,,bottle,No,10,Bottle,,,,,,,,1
Avipattikar Churna 100g,Ayurvedic digestive powder,Other,,bottle,No,10,Bottle,,,,,,,,1
Swarna Bhasma,Classical ayurvedic bhasma,Other,,bottle,No,10,Bottle,,,,,,,,1
Giloy Ghan Vati,Tinospora tablets,Other,,bottle,No,10,Bottle,,,,,,,,1
Mahasudarshan Churna 100g,Ayurvedic antipyretic powder,Other,,bottle,No,10,Bottle,,,,,,,,1
Brahmi Vati,Classical ayurvedic preparation,Other,,bottle,No,10,Bottle,,,,,,,,1
Praval Pishti 10g,Classical ayurvedic preparation,Other,,bottle,No,10,Bottle,,,,,,,,1
Shatavari Powder 100g,Asparagus racemosus powder,Other,,bottle,No,10,Bottle,,,,,,,,1
Jatamansi Powder 100g,Nardostachys jatamansi powder,Other,,bottle,No,10,Bottle,,,,,,,,1
Lohasava 450ml,Ayurvedic iron tonic,Other,,bottle,No,10,Bottle,,,,,,,,1
Khadirarishta 450ml,Ayurvedic blood purifier,Other,,bottle,No,10,Bottle,,,,,,,,1
Saraswatarishta 450ml Sugar Free,Ayurvedic tonic,Other,,bottle,No,10,Bottle,,,,,,,,1
Neem Powder 100g,Azadirachta indica powder,Other,,bottle,No,10,Bottle,,,,,,,,1
Karela Jamun Juice 1L,Bitter gourd and jamun juice,Other,,bottle,No,10,Bottle,,,,,,,,1
Methi Powder 100g,Fenugreek seed powder,Other,,bottle,No,10,Bottle,,,,,,,,1
Amla Powder 100g,Emblica officinalis powder,Other,,bottle,No,10,Bottle,,,,,,,,1
Nilibhringadi Oil 100ml,Ayurvedic hair oil,Other,,bottle,No,10,Bottle,,,,,,,,1
Mahabhringraj Oil 100ml,Ayurvedic hair oil,Other,,bottle,No,10,Bottle,,,,,,,,1
Wheatgrass Juice 500ml,Wheatgrass juice,Other,,bottle,No,10,Bottle,,,,,,,,1
Noni Juice 500ml,Morinda citrifolia juice,Other,,bottle,No,10,Bottle,,,,,,,,1
Ksheerabala Oil 100ml,Ayurvedic massage oil,Other,,bottle,No,10,Bottle,,,,,,,,1
Pinda Oil 100ml,Ayurvedic massage oil,Other,,bottle,No,10,Bottle,,,,,,,,1
Ayurvedic Pain Oil 60ml,Herbal pain relief oil,Other,,bottle,No,10,Bottle,,,,,,,,1
Ayurvedic Pain Balm 25g,Herbal pain relief balm,Other,,tube,No,6,Tube,,,,,,,,1
Dhanwantharam Oil 100ml,Ayurvedic massage oil,Other,,bottle,No,10,Bottle,,,,,,,,1
Herbal Digestive Syrup 200ml,Ayurvedic digestive syrup,Other,,bottle,No,10,Bottle,,,,,,,,1
Kumkumadi Oil 15ml,Ayurvedic facial oil,Other,,tube,No,6,Tube,,,,,,,,1
Aloe Vera Gel 150g,Aloe vera skin gel,Other,,tube,No,6,Tube,,,,,,,,1
Herbal Cough Syrup 100ml,Ayurvedic cough syrup,Other,,bottle,No,10,Bottle,,,,,,,,1
Herbal Face Wash 100ml,Herbal face wash,Other,,bottle,No,10,Bottle,,,,,,,,1
Herbal Hair Oil 200ml,Herbal hair oil,Other,,bottle,No,10,Bottle,,,,,,,,1
Herbal Multivitamin Tablet,Herbal multivitamin,Other,,tablet,No,100,Tablet,,Strip,10,,Box,10,,2
Tulsi Drops 20ml,Holy basil concentrated drops,Other,,bottle,No,10,Bottle,,,,,,,,1
Moringa Capsule,Moringa oleifera capsules,Other,,bottle,No,10,Bottle,,,,,,,,1
Wheat Grass Powder 100g,Wheatgrass powder,Other,,bottle,No,10,Bottle,,,,,,,,1
Giloy Ghanvati Tablet,Tinospora cordifolia tablets,Other,,bottle,No,10,Bottle,,,,,,,,1
Arnica Montana 30 10ml,Homeopathic dilution 30,Other,,bottle,No,10,Bottle,,,,,,,,1
Isabgol with Senna 100g,Psyllium with senna laxative,Other,,bottle,No,10,Bottle,,,,,,,,1
Arnica Montana 1M 10ml,Homeopathic dilution 1M,Other,,bottle,No,10,Bottle,,,,,,,,1
Arnica Montana 200 10ml,Homeopathic dilution 200,Other,,bottle,No,10,Bottle,,,,,,,,1
Belladonna 30 10ml,Homeopathic dilution 30,Other,,bottle,No,10,Bottle,,,,,,,,1
Belladonna 200 10ml,Homeopathic dilution 200,Other,,bottle,No,10,Bottle,,,,,,,,1
Belladonna 1M 10ml,Homeopathic dilution 1M,Other,,bottle,No,10,Bottle,,,,,,,,1
Bryonia Alba 30 10ml,Homeopathic dilution 30,Other,,bottle,No,10,Bottle,,,,,,,,1
Bryonia Alba 1M 10ml,Homeopathic dilution 1M,Other,,bottle,No,10,Bottle,,,,,,,,1
Nux Vomica 200 10ml,Homeopathic dilution 200,Other,,bottle,No,10,Bottle,,,,,,,,1
Nux Vomica 30 10ml,Homeopathic dilution 30,Other,,bottle,No,10,Bottle,,,,,,,,1
Bryonia Alba 200 10ml,Homeopathic dilution 200,Other,,bottle,No,10,Bottle,,,,,,,,1
Rhus Toxicodendron 1M 10ml,Homeopathic dilution 1M,Other,,bottle,No,10,Bottle,,,,,,,,1
Nux Vomica 1M 10ml,Homeopathic dilution 1M,Other,,bottle,No,10,Bottle,,,,,,,,1
Rhus Toxicodendron 30 10ml,Homeopathic dilution 30,Other,,bottle,No,10,Bottle,,,,,,,,1
Rhus Toxicodendron 200 10ml,Homeopathic dilution 200,Other,,bottle,No,10,Bottle,,,,,,,,1
Pulsatilla 1M 10ml,Homeopathic dilution 1M,Other,,bottle,No,10,Bottle,,,,,,,,1
Pulsatilla 30 10ml,Homeopathic dilution 30,Other,,bottle,No,10,Bottle,,,,,,,,1
Pulsatilla 200 10ml,Homeopathic dilution 200,Other,,bottle,No,10,Bottle,,,,,,,,1
Sulphur 30 10ml,Homeopathic dilution 30,Other,,bottle,No,10,Bottle,,,,,,,,1
Sulphur 1M 10ml,Homeopathic dilution 1M,Other,,bottle,No,10,Bottle,,,,,,,,1
Sulphur 200 10ml,Homeopathic dilution 200,Other,,bottle,No,10,Bottle,,,,,,,,1
Calcarea Carbonica 30 10ml,Homeopathic dilution 30,Other,,bottle,No,10,Bottle,,,,,,,,1
Calcarea Carbonica 200 10ml,Homeopathic dilution 200,Other,,bottle,No,10,Bottle,,,,,,,,1
Lycopodium 1M 10ml,Homeopathic dilution 1M,Other,,bottle,No,10,Bottle,,,,,,,,1
Lycopodium 30 10ml,Homeopathic dilution 30,Other,,bottle,No,10,Bottle,,,,,,,,1
Lycopodium 200 10ml,Homeopathic dilution 200,Other,,bottle,No,10,Bottle,,,,,,,,1
Calcarea Carbonica 1M 10ml,Homeopathic dilution 1M,Other,,bottle,No,10,Bottle,,,,,,,,1
Natrum Muriaticum 200 10ml,Homeopathic dilution 200,Other,,bottle,No,10,Bottle,,,,,,,,1
Natrum Muriaticum 1M 10ml,Homeopathic dilution 1M,Other,,bottle,No,10,Bottle,,,,,,,,1
Phosphorus 30 10ml,Homeopathic dilution 30,Other,,bottle,No,10,Bottle,,,,,,,,1
Natrum Muriaticum 30 10ml,Homeopathic dilution 30,Other,,bottle,No,10,Bottle,,,,,,,,1
Phosphorus 200 10ml,Homeopathic dilution 200,Other,,bottle,No,10,Bottle,,,,,,,,1
Arsenicum Album 200 10ml,Homeopathic dilution 200,Other,,bottle,No,10,Bottle,,,,,,,,1
Arsenicum Album 30 10ml,Homeopathic dilution 30,Other,,bottle,No,10,Bottle,,,,,,,,1
Phosphorus 1M 10ml,Homeopathic dilution 1M,Other,,bottle,No,10,Bottle,,,,,,,,1
Gelsemium 200 10ml,Homeopathic dilution 200,Other,,bottle,No,10,Bottle,,,,,,,,1
Arsenicum Album 1M 10ml,Homeopathic dilution 1M,Other,,bottle,No,10,Bottle,,,,,,,,1
Gelsemium 30 10ml,Homeopathic dilution 30,Other,,bottle,No,10,Bottle,,,,,,,,1
Gelsemium 1M 10ml,Homeopathic dilution 1M,Other,,bottle,No,10,Bottle,,,,,,,,1
Ipecacuanha 1M 10ml,Homeopathic dilution 1M,Other,,bottle,No,10,Bottle,,,,,,,,1
Ipecacuanha 200 10ml,Homeopathic dilution 200,Other,,bottle,No,10,Bottle,,,,,,,,1
Chamomilla 30 10ml,Homeopathic dilution 30,Other,,bottle,No,10,Bottle,,,,,,,,1
Chamomilla 200 10ml,Homeopathic dilution 200,Other,,bottle,No,10,Bottle,,,,,,,,1
Ipecacuanha 30 10ml,Homeopathic dilution 30,Other,,bottle,No,10,Bottle,,,,,,,,1
Mercurius Solubilis 30 10ml,Homeopathic dilution 30,Other,,bottle,No,10,Bottle,,,,,,,,1
Hepar Sulphuris 200 10ml,Homeopathic dilution 200,Other,,bottle,No,10,Bottle,,,,,,,,1
Hepar Sulphuris 30 10ml,Homeopathic dilution 30,Other,,bottle,No,10,Bottle,,,,,,,,1
Hepar Sulphuris 1M 10ml,Homeopathic dilution 1M,Other,,bottle,No,10,Bottle,,,,,,,,1
Chamomilla 1M 10ml,Homeopathic dilution 1M,Other,,bottle,No,10,Bottle,,,,,,,,1
Silicea 200 10ml,Homeopathic dilution 200,Other,,bottle,No,10,Bottle,,,,,,,,1
Mercurius Solubilis 200 10ml,Homeopathic dilution 200,Other,,bottle,No,10,Bottle,,,,,,,,1
Mercurius Solubilis 1M 10ml,Homeopathic dilution 1M,Other,,bottle,No,10,Bottle,,,,,,,,1
Silicea 1M 10ml,Homeopathic dilution 1M,Other,,bottle,No,10,Bottle,,,,,,,,1
Silicea 30 10ml,Homeopathic dilution 30,Other,,bottle,No,10,Bottle,,,,,,,,1
Thuja Occidentalis 30 10ml,Homeopathic dilution 30,Other,,bottle,No,10,Bottle,,,,,,,,1
Apis Mellifica 200 10ml,Homeopathic dilution 200,Other,,bottle,No,10,Bottle,,,,,,,,1
Apis Mellifica 30 10ml,Homeopathic dilution 30,Other,,bottle,No,10,Bottle,,,,,,,,1
Thuja Occidentalis 200 10ml,Homeopathic dilution 200,Other,,bottle,No,10,Bottle,,,,,,,,1
Thuja Occidentalis 1M 10ml,Homeopathic dilution 1M,Other,,bottle,No,10,Bottle,,,,,,,,1
Apis Mellifica 1M 10ml,Homeopathic dilution 1M,Other,,bottle,No,10,Bottle,,,,,,,,1
Aconitum Napellus 30 10ml,Homeopathic dilution 30,Other,,bottle,No,10,Bottle,,,,,,,,1
Aconitum Napellus 200 10ml,Homeopathic dilution 200,Other,,bottle,No,10,Bottle,,,,,,,,1
Aconitum Napellus 1M 10ml,Homeopathic dilution 1M,Other,,bottle,No,10,Bottle,,,,,,,,1
Ferrum Phosphoricum 200 10ml,Homeopathic dilution 200,Other,,bottle,No,10,Bottle,,,,,,,,1
Ferrum Phosphoricum 30 10ml,Homeopathic dilution 30,Other,,bottle,No,10,Bottle,,,,,,,,1
Ferrum Phosphoricum 1M 10ml,Homeopathic dilution 1M,Other,,bottle,No,10,Bottle,,,,,,,,1
Antimonium Crudum 30 10ml,Homeopathic dilution 30,Other,,bottle,No,10,Bottle,,,,,,,,1
Antimonium Crudum 200 10ml,Homeopathic dilution 200,Other,,bottle,No,10,Bottle,,,,,,,,1
Antimonium Crudum 1M 10ml,Homeopathic dilution 1M,Other,,bottle,No,10,Bottle,,,,,,,,1
Carbo Vegetabilis 30 10ml,Homeopathic dilution 30,Other,,bottle,No,10,Bottle,,,,,,,,1
Carbo Vegetabilis 200 10ml,Homeopathic dilution 200,Other,,bottle,No,10,Bottle,,,,,,,,1
China Officinalis 1M 10ml,Homeopathic dilution 1M,Other,,bottle,No,10,Bottle,,,,,,,,1
China Officinalis 200 10ml,Homeopathic dilution 200,Other,,bottle,No,10,Bottle,,,,,,,,1
Colocynthis 30 10ml,Homeopathic dilution 30,Other,,bottle,No,10,Bottle,,,,,,,,1
China Officinalis 30 10ml,Homeopathic dilution 30,Other,,bottle,No,10,Bottle,,,,,,,,1
Carbo Vegetabilis 1M 10ml,Homeopathic dilution 1M,Other,,bottle,No,10,Bottle,,,,,,,,1
Dulcamara 30 10ml,Homeopathic dilution 30,Other,,bottle,No,10,Bottle,,,,,,,,1
Colocynthis 1M 10ml,Homeopathic dilution 1M,Other,,bottle,No,10,Bottle,,,,,,,,1
Colocynthis 200 10ml,Homeopathic dilution 200,Other,,bottle,No,10,Bottle,,,,,,,,1
Dulcamara 200 10ml,Homeopathic dilution 200,Other,,bottle,No,10,Bottle,,,,,,,,1
Dulcamara 1M 10ml,Homeopathic dilution 1M,Other,,bottle,No,10,Bottle,,,,,,,,1
Euphrasia 1M 10ml,Homeopathic dilution 1M,Other,,bottle,No,10,Bottle,,,,,,,,1
Euphrasia 30 10ml,Homeopathic dilution 30,Other,,bottle,No,10,Bottle,,,,,,,,1
Euphrasia 200 10ml,Homeopathic dilution 200,Other,,bottle,No,10,Bottle,,,,,,,,1
Hypericum Perforatum 30 10ml,Homeopathic dilution 30,Other,,bottle,No,10,Bottle,,,,,,,,1
Kali Bichromicum 1M 10ml,Homeopathic dilution 1M,Other,,bottle,No,10,Bottle,,,,,,,,1
Kali Bichromicum 200 10ml,Homeopathic dilution 200,Other,,bottle,No,10,Bottle,,,,,,,,1
Hypericum Perforatum 200 10ml,Homeopathic dilution 200,Other,,bottle,No,10,Bottle,,,,,,,,1
Hypericum Perforatum 1M 10ml,Homeopathic dilution 1M,Other,,bottle,No,10,Bottle,,,,,,,,1
Kali Bichromicum 30 10ml,Homeopathic dilution 30,Other,,bottle,No,10,Bottle,,,,,,,,1
Ledum Palustre 200 10ml,Homeopathic dilution 200,Other,,bottle,No,10,Bottle,,,,,,,,1
Ledum Palustre 1M 10ml,Homeopathic dilution 1M,Other,,bottle,No,10,Bottle,,,,,,,,1
Ledum Palustre 30 10ml,Homeopathic dilution 30,Other,,bottle,No,10,Bottle,,,,,,,,1
Magnesia Phosphorica 200 10ml,Homeopathic dilution 200,Other,,bottle,No,10,Bottle,,,,,,,,1
Nux Moschata 30 10ml,Homeopathic dilution 30,Other,,bottle,No,10,Bottle,,,,,,,,1
Magnesia Phosphorica 30 10ml,Homeopathic dilution 30,Other,,bottle,No,10,Bottle,,,,,,,,1
Magnesia Phosphorica 1M 10ml,Homeopathic dilution 1M,Other,,bottle,No,10,Bottle,,,,,,,,1
Nux Moschata 200 10ml,Homeopathic dilution 200,Other,,bottle,No,10,Bottle,,,,,,,,1
Petroleum 30 10ml,Homeopathic dilution 30,Other,,bottle,No,10,Bottle,,,,,,,,1
Nux Moschata 1M 10ml,Homeopathic dilution 1M,Other,,bottle,No,10,Bottle,,,,,,,,1
Petroleum 200 10ml,Homeopathic dilution 200,Other,,bottle,No,10,Bottle,,,,,,,,1
Ruta Graveolens 30 10ml,Homeopathic dilution 30,Other,,bottle,No,10,Bottle,,,,,,,,1
Petroleum 1M 10ml,Homeopathic dilution 1M,Other,,bottle,No,10,Bottle,,,,,,,,1
Ruta Graveolens 200 10ml,Homeopathic dilution 200,Other,,bottle,No,10,Bottle,,,,,,,,1
Sepia 30 10ml,Homeopathic dilution 30,Other,,bottle,No,10,Bottle,,,,,,,,1
Ruta Graveolens 1M 10ml,Homeopathic dilution 1M,Other,,bottle,No,10,Bottle,,,,,,,,1
Sepia 200 10ml,Homeopathic dilution 200,Other,,bottle,No,10,Bottle,,,,,,,,1
Staphysagria 200 10ml,Homeopathic dilution 200,Other,,bottle,No,10,Bottle,,,,,,,,1
Staphysagria 1M 10ml,Homeopathic dilution 1M,Other,,bottle,No,10,Bottle,,,,,,,,1
Staphysagria 30 10ml,Homeopathic dilution 30,Other,,bottle,No,10,Bottle,,,,,,,,1
Sepia 1M 10ml,Homeopathic dilution 1M,Other,,bottle,No,10,Bottle,,,,,,,,1
Symphytum 30 10ml,Homeopathic dilution 30,Other,,bottle,No,10,Bottle,,,,,,,,1
Urtica Urens 30 10ml,Homeopathic dilution 30,Other,,bottle,No,10,Bottle,,,,,,,,1
Urtica Urens 200 10ml,Homeopathic dilution 200,Other,,bottle,No,10,Bottle,,,,,,,,1
Symphytum 200 10ml,Homeopathic dilution 200,Other,,bottle,No,10,Bottle,,,,,,,,1
Symphytum 1M 10ml,Homeopathic dilution 1M,Other,,bottle,No,10,Bottle,,,,,,,,1
Veratrum Album 200 10ml,Homeopathic dilution 200,Other,,bottle,No,10,Bottle,,,,,,,,1
Urtica Urens 1M 10ml,Homeopathic dilution 1M,Other,,bottle,No,10,Bottle,,,,,,,,1
Veratrum Album 30 10ml,Homeopathic dilution 30,Other,,bottle,No,10,Bottle,,,,,,,,1
Calendula Officinalis Q Mother Tincture 30ml,Homeopathic mother tincture,Other,,bottle,No,10,Bottle,,,,,,,,1
Veratrum Album 1M 10ml,Homeopathic dilution 1M,Other,,bottle,No,10,Bottle,,,,,,,,1
Arnica Montana Q Mother Tincture 30ml,Homeopathic mother tincture,Other,,bottle,No,10,Bottle,,,,,,,,1
Echinacea Angustifolia Q Mother Tincture 30ml,Homeopathic mother tincture,Other,,bottle,No,10,Bottle,,,,,,,,1
Gymnema Sylvestre Q Mother Tincture 30ml,Homeopathic mother tincture,Other,,bottle,No,10,Bottle,,,,,,,,1
Hydrastis Canadensis Q Mother Tincture 30ml,Homeopathic mother tincture,Other,,bottle,No,10,Bottle,,,,,,,,1
Syzygium Jambolanum Q Mother Tincture 30ml,Homeopathic mother tincture,Other,,bottle,No,10,Bottle,,,,,,,,1
Crataegus Oxyacantha Q Mother Tincture 30ml,Homeopathic mother tincture,Other,,bottle,No,10,Bottle,,,,,,,,1
Chelidonium Majus Q Mother Tincture 30ml,Homeopathic mother tincture,Other,,bottle,No,10,Bottle,,,,,,,,1
Carica Papaya Q Mother Tincture 30ml,Homeopathic mother tincture,Other,,bottle,No,10,Bottle,,,,,,,,1
Berberis Vulgaris Q Mother Tincture 30ml,Homeopathic mother tincture,Other,,bottle,No,10,Bottle,,,,,,,,1
Cephalandra Indica Q Mother Tincture 30ml,Homeopathic mother tincture,Other,,bottle,No,10,Bottle,,,,,,,,1
Alfalfa Q Mother Tincture 30ml,Homeopathic mother tincture,Other,,bottle,No,10,Bottle,,,,,,,,1
Passiflora Incarnata Q Mother Tincture 30ml,Homeopathic mother tincture,Other,,bottle,No,10,Bottle,,,,,,,,1
Withania Somnifera Q Mother Tincture 30ml,Homeopathic mother tincture,Other,,bottle,No,10,Bottle,,,,,,,,1
Avena Sativa Q Mother Tincture 30ml,Homeopathic mother tincture,Other,,bottle,No,10,Bottle,,,,,,,,1
Thuja Occidentalis Q Mother Tincture 30ml,Homeopathic mother tincture,Other,,bottle,No,10,Bottle,,,,,,,,1
Ficus Religiosa Q Mother Tincture 30ml,Homeopathic mother tincture,Other,,bottle,No,10,Bottle,,,,,,,,1
Damiana Q Mother Tincture 30ml,Homeopathic mother tincture,Other,,bottle,No,10,Bottle,,,,,,,,1
Taraxacum Officinale Q Mother Tincture 30ml,Homeopathic mother tincture,Other,,bottle,No,10,Bottle,,,,,,,,1
Cynara Scolymus Q Mother Tincture 30ml,Homeopathic mother tincture,Other,,bottle,No,10,Bottle,,,,,,,,1
Biochemic Calcarea Fluorica 6X 25g,Biochemic tissue salt,Other,,bottle,No,10,Bottle,,,,,,,,1
Biochemic Calcarea Phosphorica 12X 25g,Biochemic tissue salt,Other,,bottle,No,10,Bottle,,,,,,,,1
Biochemic Calcarea Phosphorica 6X 25g,Biochemic tissue salt,Other,,bottle,No,10,Bottle,,,,,,,,1
Biochemic Calcarea Fluorica 12X 25g,Biochemic tissue salt,Other,,bottle,No,10,Bottle,,,,,,,,1
Biochemic Calcarea Fluorica 30X 25g,Biochemic tissue salt,Other,,bottle,No,10,Bottle,,,,,,,,1
Biochemic Calcarea Sulphurica 30X 25g,Biochemic tissue salt,Other,,bottle,No,10,Bottle,,,,,,,,1
Biochemic Calcarea Sulphurica 12X 25g,Biochemic tissue salt,Other,,bottle,No,10,Bottle,,,,,,,,1
Biochemic Calcarea Phosphorica 30X 25g,Biochemic tissue salt,Other,,bottle,No,10,Bottle,,,,,,,,1
Biochemic Calcarea Sulphurica 6X 25g,Biochemic tissue salt,Other,,bottle,No,10,Bottle,,,,,,,,1
Biochemic Kali Muriaticum 6X 25g,Biochemic tissue salt,Other,,bottle,No,10,Bottle,,,,,,,,1
Biochemic Ferrum Phosphoricum 12X 25g,Biochemic tissue salt,Other,,bottle,No,10,Bottle,,,,,,,,1
Biochemic Ferrum Phosphoricum 30X 25g,Biochemic tissue salt,Other,,bottle,No,10,Bottle,,,,,,,,1
Biochemic Ferrum Phosphoricum 6X 25g,Biochemic tissue salt,Other,,bottle,No,10,Bottle,,,,,,,,1
Biochemic Kali Phosphoricum 12X 25g,Biochemic tissue salt,Other,,bottle,No,10,Bottle,,,,,,,,1
Biochemic Kali Phosphoricum 6X 25g,Biochemic tissue salt,Other,,bottle,No,10,Bottle,,,,,,,,1
Biochemic Kali Muriaticum 12X 25g,Biochemic tissue salt,Other,,bottle,No,10,Bottle,,,,,,,,1
Biochemic Kali Muriaticum 30X 25g,Biochemic tissue salt,Other,,bottle,No,10,Bottle,,,,,,,,1
Biochemic Kali Sulphuricum 30X 25g,Biochemic tissue salt,Other,,bottle,No,10,Bottle,,,,,,,,1
Biochemic Kali Phosphoricum 30X 25g,Biochemic tissue salt,Other,,bottle,No,10,Bottle,,,,,,,,1
Biochemic Kali Sulphuricum 12X 25g,Biochemic tissue salt,Other,,bottle,No,10,Bottle,,,,,,,,1
Biochemic Kali Sulphuricum 6X 25g,Biochemic tissue salt,Other,,bottle,No,10,Bottle,,,,,,,,1
Biochemic Magnesia Phosphorica 12X 25g,Biochemic tissue salt,Other,,bottle,No,10,Bottle,,,,,,,,1
Biochemic Magnesia Phosphorica 6X 25g,Biochemic tissue salt,Other,,bottle,No,10,Bottle,,,,,,,,1
Biochemic Magnesia Phosphorica 30X 25g,Biochemic tissue salt,Other,,bottle,No,10,Bottle,,,,,,,,1
Biochemic Natrum Phosphoricum 12X 25g,Biochemic tissue salt,Other,,bottle,No,10,Bottle,,,,,,,,1
Biochemic Natrum Muriaticum 30X 25g,Biochemic tissue salt,Other,,bottle,No,10,Bottle,,,,,,,,1
Biochemic Natrum Phosphoricum 6X 25g,Biochemic tissue salt,Other,,bottle,No,10,Bottle,,,,,,,,1
Biochemic Natrum Muriaticum 12X 25g,Biochemic tissue salt,Other,,bottle,No,10,Bottle,,,,,,,,1
Biochemic Natrum Muriaticum 6X 25g,Biochemic tissue salt,Other,,bottle,No,10,Bottle,,,,,,,,1
Biochemic Natrum Phosphoricum 30X 25g,Biochemic tissue salt,Other,,bottle,No,10,Bottle,,,,,,,,1
Biochemic Natrum Sulphuricum 12X 25g,Biochemic tissue salt,Other,,bottle,No,10,Bottle,,,,,,,,1
Biochemic Natrum Sulphuricum 30X 25g,Biochemic tissue salt,Other,,bottle,No,10,Bottle,,,,,,,,1
Biochemic Natrum Sulphuricum 6X 25g,Biochemic tissue salt,Other,,bottle,No,10,Bottle,,,,,,,,1
Dr. Reckeweg R1 22ml,Homeopathic speciality drops,Other,Dr. Reckeweg,bottle,No,10,Bottle,,,,,,,,1
Biochemic Silicea 12X 25g,Biochemic tissue salt,Other,,bottle,No,10,Bottle,,,,,,,,1
Dr. Reckeweg R2 22ml,Homeopathic speciality drops,Other,Dr. Reckeweg,bottle,No,10,Bottle,,,,,,,,1
Biochemic Silicea 30X 25g,Biochemic tissue salt,Other,,bottle,No,10,Bottle,,,,,,,,1
Biochemic Silicea 6X 25g,Biochemic tissue salt,Other,,bottle,No,10,Bottle,,,,,,,,1
Dr. Reckeweg R7 22ml,Homeopathic speciality drops,Other,Dr. Reckeweg,bottle,No,10,Bottle,,,,,,,,1
Dr. Reckeweg R17 22ml,Homeopathic speciality drops,Other,Dr. Reckeweg,bottle,No,10,Bottle,,,,,,,,1
Dr. Reckeweg R11 22ml,Homeopathic speciality drops,Other,Dr. Reckeweg,bottle,No,10,Bottle,,,,,,,,1
Dr. Reckeweg R19 22ml,Homeopathic speciality drops,Other,Dr. Reckeweg,bottle,No,10,Bottle,,,,,,,,1
Dr. Reckeweg R41 22ml,Homeopathic speciality drops,Other,Dr. Reckeweg,bottle,No,10,Bottle,,,,,,,,1
Dr. Reckeweg R40 22ml,Homeopathic speciality drops,Other,Dr. Reckeweg,bottle,No,10,Bottle,,,,,,,,1
Dr. Reckeweg R49 22ml,Homeopathic speciality drops,Other,Dr. Reckeweg,bottle,No,10,Bottle,,,,,,,,1
Dr. Reckeweg R89 22ml,Homeopathic speciality drops,Other,Dr. Reckeweg,bottle,No,10,Bottle,,,,,,,,1
SBL Bio Combination 6 25g,Biochemic combination,Other,SBL,bottle,No,10,Bottle,,,,,,,,1
SBL Alfalfa Tonic 500ml,Homeopathic general tonic,Other,SBL,bottle,No,10,Bottle,,,,,,,,1
SBL Nixocid Tablet,Homeopathic for acidity,Other,SBL,bottle,No,10,Bottle,,,,,,,,1
SBL Five Phos Tablet,Biochemic combination tablets,Other,SBL,bottle,No,10,Bottle,,,,,,,,1
SBL Arnica Shampoo 200ml,Homeopathic shampoo,Other,SBL,bottle,No,10,Bottle,,,,,,,,1
SBL Bio Combination 12 25g,Biochemic combination,Other,SBL,bottle,No,10,Bottle,,,,,,,,1
SBL Arnica Hair Oil 100ml,Homeopathic hair oil,Other,SBL,bottle,No,10,Bottle,,,,,,,,1
SBL Bio Combination 25 25g,Biochemic combination,Other,SBL,bottle,No,10,Bottle,,,,,,,,1
SBL Calendula Ointment 25g,Homeopathic wound ointment,Other,SBL,tube,No,6,Tube,,,,,,,,1
Schwabe Damiaplant Drops 30ml,Homeopathic men's tonic,Other,Dr. Willmar Schwabe,bottle,No,10,Bottle,,,,,,,,1
Schwabe Alpha-CF Tablet,Homeopathic for cold and fever,Other,Dr. Willmar Schwabe,bottle,No,10,Bottle,,,,,,,,1
SBL Dibonil Drops 30ml,Homeopathic for blood sugar,Other,SBL,bottle,No,10,Bottle,,,,,,,,1
Schwabe Alpha-Acid Tablet,Homeopathic for acidity,Other,Dr. Willmar Schwabe,bottle,No,10,Bottle,,,,,,,,1
Schwabe Alpha-WD Tablet,Homeopathic for worms,Other,Dr. Willmar Schwabe,bottle,No,10,Bottle,,,,,,,,1
Schwabe Essentia Aurea Drops 30ml,Homeopathic heart tonic,Other,Dr. Willmar Schwabe,bottle,No,10,Bottle,,,,,,,,1
Schwabe Topi Heal Cream 25g,Homeopathic healing cream,Other,Dr. Willmar Schwabe,tube,No,6,Tube,,,,,,,,1
Schwabe Nervon Tablet,Homeopathic nerve tonic,Other,Dr. Willmar Schwabe,bottle,No,10,Bottle,,,,,,,,1
Bakson Rose Face Wash 100ml,Herbal face wash,Other,Bakson,bottle,No,10,Bottle,,,,,,,,1
Bakson Sunny Herbals Aloe Vera Gel 60g,Herbal skin gel,Other,Bakson,bottle,No,10,Bottle,,,,,,,,1
Bakson B-Cough Syrup 115ml,Homeopathic cough syrup,Other,Bakson,bottle,No,10,Bottle,,,,,,,,1
Adel 1 Apo-Hepat Drops 20ml,Homeopathic liver drops,Other,Adel,bottle,No,10,Bottle,,,,,,,,1
Adel 7 Apo-Tuss Drops 20ml,Homeopathic cough drops,Other,Adel,bottle,No,10,Bottle,,,,,,,,1
Adel 3 Apo-Rheum Drops 20ml,Homeopathic joint drops,Other,Adel,bottle,No,10,Bottle,,,,,,,,1
Bakson Sunny Hair Oil 100ml,Herbal hair oil,Other,Bakson,bottle,No,10,Bottle,,,,,,,,1
Calendula Cream 30g,Homeopathic calendula cream,Other,,tube,No,6,Tube,,,,,,,,1
Homeopathic Cold Drops 30ml,Homeopathic cold drops,Other,,bottle,No,10,Bottle,,,,,,,,1
Homeopathic Cough Syrup 100ml,Homeopathic cough syrup,Other,,bottle,No,10,Bottle,,,,,,,,1
Arnica Montana Hair Oil 100ml,Homeopathic hair oil,Other,,bottle,No,10,Bottle,,,,,,,,1
Dispensing Alcohol 100ml,Homeopathic dispensing alcohol,Other,,bottle,No,10,Bottle,,,,,,,,1
Homeopathic Globules No. 40 25g,Blank medicated globules,Other,,box,No,5,Box,,,,,,,,1
Homeopathic Globules No. 30 25g,Blank medicated globules,Other,,box,No,5,Box,,,,,,,,1
Homeopathic Dropper Bottle 30ml,Amber dropper bottle,Other,,box,No,10,Piece,,,,,,,,1
Letrozole for oncology 2.5mg,Letrozole for oncology 2.5mg,Medicine,,tablet,No,100,Tablet,,Strip,10,,Box,10,,2
Anastrozole 1mg,Anastrozole 1mg,Medicine,,tablet,No,100,Tablet,,Strip,10,,Box,10,,2
Tamoxifen 10mg,Tamoxifen 10mg,Medicine,,tablet,No,100,Tablet,,Strip,10,,Box,10,,2
Bicalutamide 50mg,Bicalutamide 50mg,Medicine,,tablet,No,100,Tablet,,Strip,10,,Box,10,,2
Exemestane 25mg,Exemestane 25mg,Medicine,,tablet,No,100,Tablet,,Strip,10,,Box,10,,2
Abiraterone 250mg,Abiraterone 250mg,Medicine,,tablet,No,100,Tablet,,Strip,10,,Box,10,,2
Flutamide 250mg,Flutamide 250mg,Medicine,,tablet,No,100,Tablet,,Strip,10,,Box,10,,2
Imatinib 100mg,Imatinib 100mg,Medicine,,tablet,No,100,Tablet,,Strip,10,,Box,10,,2
Enzalutamide 40mg,Enzalutamide 40mg,Medicine,,tablet,No,100,Tablet,,Strip,10,,Box,10,,2
Abiraterone 500mg,Abiraterone 500mg,Medicine,,tablet,No,100,Tablet,,Strip,10,,Box,10,,2
Erlotinib 100mg,Erlotinib 100mg,Medicine,,tablet,No,100,Tablet,,Strip,10,,Box,10,,2
Imatinib 400mg,Imatinib 400mg,Medicine,,tablet,No,100,Tablet,,Strip,10,,Box,10,,2
Erlotinib 150mg,Erlotinib 150mg,Medicine,,tablet,No,100,Tablet,,Strip,10,,Box,10,,2
Gefitinib 250mg,Gefitinib 250mg,Medicine,,tablet,No,100,Tablet,,Strip,10,,Box,10,,2
Sorafenib 200mg,Sorafenib 200mg,Medicine,,tablet,No,100,Tablet,,Strip,10,,Box,10,,2
Sunitinib 12.5mg,Sunitinib 12.5mg,Medicine,,tablet,No,100,Tablet,,Strip,10,,Box,10,,2
Sunitinib 25mg,Sunitinib 25mg,Medicine,,tablet,No,100,Tablet,,Strip,10,,Box,10,,2
Sunitinib 50mg,Sunitinib 50mg,Medicine,,tablet,No,100,Tablet,,Strip,10,,Box,10,,2
Lenvatinib 4mg,Lenvatinib 4mg,Medicine,,tablet,No,100,Tablet,,Strip,10,,Box,10,,2
Lenvatinib 10mg,Lenvatinib 10mg,Medicine,,tablet,No,100,Tablet,,Strip,10,,Box,10,,2
Temozolomide 100mg,Temozolomide 100mg,Medicine,,tablet,No,100,Tablet,,Strip,10,,Box,10,,2
Capecitabine 500mg,Capecitabine 500mg,Medicine,,tablet,No,100,Tablet,,Strip,10,,Box,10,,2
Temozolomide 20mg,Temozolomide 20mg,Medicine,,tablet,No,100,Tablet,,Strip,10,,Box,10,,2
Hydroxyurea 500mg,Hydroxyurea 500mg,Medicine,,tablet,No,100,Tablet,,Strip,10,,Box,10,,2
Temozolomide 250mg,Temozolomide 250mg,Medicine,,tablet,No,100,Tablet,,Strip,10,,Box,10,,2
Lenalidomide 10mg,Lenalidomide 10mg,Medicine,,tablet,No,100,Tablet,,Strip,10,,Box,10,,2
Lenalidomide 5mg,Lenalidomide 5mg,Medicine,,tablet,No,100,Tablet,,Strip,10,,Box,10,,2
Lenalidomide 25mg,Lenalidomide 25mg,Medicine,,tablet,No,100,Tablet,,Strip,10,,Box,10,,2
Thalidomide 50mg,Thalidomide 50mg,Medicine,,tablet,No,100,Tablet,,Strip,10,,Box,10,,2
Thalidomide 100mg,Thalidomide 100mg,Medicine,,tablet,No,100,Tablet,,Strip,10,,Box,10,,2
Anagrelide 0.5mg,Anagrelide 0.5mg,Medicine,,tablet,No,100,Tablet,,Strip,10,,Box,10,,2
Mercaptopurine 50mg,Mercaptopurine 50mg,Medicine,,tablet,No,100,Tablet,,Strip,10,,Box,10,,2
Chlorambucil 2mg,Chlorambucil 2mg,Medicine,,tablet,No,100,Tablet,,Strip,10,,Box,10,,2
Chlorambucil 5mg,Chlorambucil 5mg,Medicine,,tablet,No,100,Tablet,,Strip,10,,Box,10,,2
Cyclophosphamide oral 50mg,Cyclophosphamide oral 50mg,Medicine,,tablet,No,100,Tablet,,Strip,10,,Box,10,,2
Etoposide oral 50mg,Etoposide oral 50mg,Medicine,,tablet,No,100,Tablet,,Strip,10,,Box,10,,2
Ondansetron for chemotherapy 16mg,Ondansetron for chemotherapy 16mg,Medicine,,tablet,No,100,Tablet,,Strip,10,,Box,10,,2
Tretinoin oral 10mg,Tretinoin oral 10mg,Medicine,,tablet,No,100,Tablet,,Strip,10,,Box,10,,2
Aprepitant 80mg,Aprepitant 80mg,Medicine,,tablet,No,100,Tablet,,Strip,10,,Box,10,,2
Aprepitant 125mg,Aprepitant 125mg,Medicine,,tablet,No,100,Tablet,,Strip,10,,Box,10,,2
Megestrol 40mg,Megestrol 40mg,Medicine,,tablet,No,100,Tablet,,Strip,10,,Box,10,,2
Cyclophosphamide 500mg Injection,Cyclophosphamide 500mg,Medicine,,vial,No,10,Vial,,,,,,,,1
Cisplatin 50mg Injection,Cisplatin 50mg,Medicine,,vial,No,10,Vial,,,,,,,,1
Doxorubicin 50mg Injection,Doxorubicin 50mg,Medicine,,vial,No,10,Vial,,,,,,,,1
Oxaliplatin 100mg Injection,Oxaliplatin 100mg,Medicine,,vial,No,10,Vial,,,,,,,,1
Carboplatin 450mg Injection,Carboplatin 450mg,Medicine,,vial,No,10,Vial,,,,,,,,1
5-Fluorouracil 500mg Injection,Fluorouracil 500mg,Medicine,,vial,No,10,Vial,,,,,,,,1
Gemcitabine 1g Injection,Gemcitabine 1g,Medicine,,vial,No,10,Vial,,,,,,,,1
Docetaxel 80mg Injection,Docetaxel 80mg,Medicine,,vial,No,10,Vial,,,,,,,,1
Paclitaxel 100mg Injection,Paclitaxel 100mg,Medicine,,vial,No,10,Vial,,,,,,,,1
Bevacizumab 400mg Injection,Bevacizumab 400mg,Medicine,,vial,No,10,Vial,,,,,,,,1
Pegfilgrastim 6mg Injection,Pegfilgrastim 6mg,Medicine,,vial,No,10,Vial,,,,,,,,1
Trastuzumab 440mg Injection,Trastuzumab 440mg,Medicine,,vial,No,10,Vial,,,,,,,,1
Rituximab 500mg Injection,Rituximab 500mg,Medicine,,vial,No,10,Vial,,,,,,,,1
Leuprolide 3.75mg Injection,Leuprolide Acetate 3.75mg,Medicine,,vial,No,10,Vial,,,,,,,,1
Denosumab 60mg Injection,Denosumab 60mg,Medicine,,vial,No,10,Vial,,,,,,,,1
Goserelin 3.6mg Implant,Goserelin Acetate 3.6mg,Medicine,,vial,No,10,Vial,,,,,,,,1
Zoledronic Acid for oncology 4mg,Zoledronic Acid 4mg,Medicine,,vial,No,10,Vial,,,,,,,,1
Tenofovir 300mg + Lamivudine 300mg + Dolutegravir 50mg,TLD fixed dose combination,Medicine,,tablet,No,100,Tablet,,Strip,10,,Box,10,,2
Tenofovir 300mg + Lamivudine 300mg + Efavirenz 600mg,TLE fixed dose combination,Medicine,,tablet,No,100,Tablet,,Strip,10,,Box,10,,2
Zidovudine 300mg + Lamivudine 150mg,Zidovudine + Lamivudine,Medicine,,tablet,No,100,Tablet,,Strip,10,,Box,10,,2
Abacavir 600mg + Lamivudine 300mg,Abacavir + Lamivudine,Medicine,,tablet,No,100,Tablet,,Strip,10,,Box,10,,2
Dolutegravir 50mg,Dolutegravir 50mg,Medicine,,tablet,No,100,Tablet,,Strip,10,,Box,10,,2
Efavirenz 200mg,Efavirenz 200mg,Medicine,,tablet,No,100,Tablet,,Strip,10,,Box,10,,2
Nevirapine 200mg,Nevirapine 200mg,Medicine,,tablet,No,100,Tablet,,Strip,10,,Box,10,,2
Efavirenz 600mg,Efavirenz 600mg,Medicine,,tablet,No,100,Tablet,,Strip,10,,Box,10,,2
Lamivudine 100mg,Lamivudine 100mg,Medicine,,tablet,No,100,Tablet,,Strip,10,,Box,10,,2
Lamivudine 150mg,Lamivudine 150mg,Medicine,,tablet,No,100,Tablet,,Strip,10,,Box,10,,2
Zidovudine 300mg,Zidovudine 300mg,Medicine,,tablet,No,100,Tablet,,Strip,10,,Box,10,,2
Lamivudine 300mg,Lamivudine 300mg,Medicine,,tablet,No,100,Tablet,,Strip,10,,Box,10,,2
Ritonavir 100mg,Ritonavir 100mg,Medicine,,tablet,No,100,Tablet,,Strip,10,,Box,10,,2
Atazanavir 300mg,Atazanavir 300mg,Medicine,,tablet,No,100,Tablet,,Strip,10,,Box,10,,2
Daclatasvir 60mg,Daclatasvir 60mg,Medicine,,tablet,No,100,Tablet,,Strip,10,,Box,10,,2
Raltegravir 400mg,Raltegravir 400mg,Medicine,,tablet,No,100,Tablet,,Strip,10,,Box,10,,2
Lopinavir + Ritonavir 200mg,Lopinavir + Ritonavir 200mg,Medicine,,tablet,No,100,Tablet,,Strip,10,,Box,10,,2
Telbivudine 600mg,Telbivudine 600mg,Medicine,,tablet,No,100,Tablet,,Strip,10,,Box,10,,2
Adefovir 10mg,Adefovir 10mg,Medicine,,tablet,No,100,Tablet,,Strip,10,,Box,10,,2
Ledipasvir + Sofosbuvir 90mg,Ledipasvir + Sofosbuvir 90mg,Medicine,,tablet,No,100,Tablet,,Strip,10,,Box,10,,2
Peginterferon Alfa-2a 180mcg Injection,Peginterferon Alfa-2a 180mcg,Medicine,,vial,No,10,Vial,,,,,,,,1
Tacrolimus 0.5mg,Tacrolimus 0.5mg,Medicine,,capsule,No,100,Capsule,,Strip,10,,Box,10,,2
Tacrolimus 1mg Prolonged Release,Tacrolimus prolonged release 1mg,Medicine,,capsule,No,100,Capsule,,Strip,10,,Box,10,,2
Tacrolimus 5mg,Tacrolimus 5mg,Medicine,,capsule,No,100,Capsule,,Strip,10,,Box,10,,2
Tacrolimus 1mg,Tacrolimus 1mg,Medicine,,capsule,No,100,Capsule,,Strip,10,,Box,10,,2
Mycophenolate Sodium 180mg,Mycophenolate Sodium 180mg,Medicine,,tablet,No,100,Tablet,,Strip,10,,Box,10,,2
Mycophenolate Sodium 360mg,Mycophenolate Sodium 360mg,Medicine,,tablet,No,100,Tablet,,Strip,10,,Box,10,,2
Everolimus 0.5mg,Everolimus 0.5mg,Medicine,,capsule,No,100,Capsule,,Strip,10,,Box,10,,2
Everolimus 0.25mg,Everolimus 0.25mg,Medicine,,capsule,No,100,Capsule,,Strip,10,,Box,10,,2
Everolimus 1mg,Everolimus 1mg,Medicine,,capsule,No,100,Capsule,,Strip,10,,Box,10,,2
Sirolimus 1mg,Sirolimus 1mg,Medicine,,capsule,No,100,Capsule,,Strip,10,,Box,10,,2
Basiliximab 20mg Injection,Basiliximab 20mg,Medicine,,vial,No,10,Vial,,,,,,,,1
Sirolimus 2mg,Sirolimus 2mg,Medicine,,capsule,No,100,Capsule,,Strip,10,,Box,10,,2
Anti-Thymocyte Globulin 25mg Injection,Anti-thymocyte globulin 25mg,Medicine,,vial,No,10,Vial,,,,,,,,1
Infliximab 100mg Injection,Infliximab 100mg,Medicine,,vial,No,10,Vial,,,,,,,,1
Adalimumab 40mg Injection,Adalimumab 40mg,Medicine,,vial,No,10,Vial,,,,,,,,1
Etanercept 25mg Injection,Etanercept 25mg,Medicine,,vial,No,10,Vial,,,,,,,,1
Tocilizumab 80mg Injection,Tocilizumab 80mg,Medicine,,vial,No,10,Vial,,,,,,,,1
Secukinumab 150mg Injection,Secukinumab 150mg,Medicine,,vial,No,10,Vial,,,,,,,,1
Omalizumab 150mg Injection,Omalizumab 150mg,Medicine,,vial,No,10,Vial,,,,,,,,1
Baricitinib 2mg,Baricitinib 2mg,Medicine,,tablet,No,100,Tablet,,Strip,10,,Box,10,,2
Apremilast 10mg,Apremilast 10mg,Medicine,,tablet,No,100,Tablet,,Strip,10,,Box,10,,2
Baricitinib 4mg,Baricitinib 4mg,Medicine,,tablet,No,100,Tablet,,Strip,10,,Box,10,,2
Apremilast 30mg,Apremilast 30mg,Medicine,,tablet,No,100,Tablet,,Strip,10,,Box,10,,2
Somatropin 4 IU Injection,Recombinant Human Growth Hormone 4 IU,Medicine,,vial,No,10,Vial,,,,,,,,1
Apremilast 20mg,Apremilast 20mg,Medicine,,tablet,No,100,Tablet,,Strip,10,,Box,10,,2
Somatropin 12 IU Cartridge,Recombinant Human Growth Hormone 12 IU,Medicine,,vial,No,10,Vial,,,,,,,,1
Danazol 50mg,Danazol 50mg,Medicine,,tablet,No,100,Tablet,,Strip,10,,Box,10,,2
Danazol 100mg,Danazol 100mg,Medicine,,tablet,No,100,Tablet,,Strip,10,,Box,10,,2
Danazol 200mg,Danazol 200mg,Medicine,,tablet,No,100,Tablet,,Strip,10,,Box,10,,2
Finasteride for hirsutism 2.5mg,Finasteride for hirsutism 2.5mg,Medicine,,tablet,No,100,Tablet,,Strip,10,,Box,10,,2
Hydrocortisone oral 5mg,Hydrocortisone oral 5mg,Medicine,,tablet,No,100,Tablet,,Strip,10,,Box,10,,2
Ketoconazole for Cushing 200mg,Ketoconazole for Cushing 200mg,Medicine,,tablet,No,100,Tablet,,Strip,10,,Box,10,,2
Hydrocortisone oral 10mg,Hydrocortisone oral 10mg,Medicine,,tablet,No,100,Tablet,,Strip,10,,Box,10,,2
Hydrocortisone oral 20mg,Hydrocortisone oral 20mg,Medicine,,tablet,No,100,Tablet,,Strip,10,,Box,10,,2
Fludrocortisone Acetate 0.1mg,Fludrocortisone Acetate 0.1mg,Medicine,,tablet,No,100,Tablet,,Strip,10,,Box,10,,2
Thiamazole 5mg,Thiamazole 5mg,Medicine,,tablet,No,100,Tablet,,Strip,10,,Box,10,,2
Triptorelin 3.75mg Injection,Triptorelin 3.75mg,Medicine,,vial,No,10,Vial,,,,,,,,1
Desmopressin Nasal Spray 5ml,Desmopressin nasal spray,Medicine,,drops,No,6,Bottle,,,,,,,,1
Sevelamer Hydrochloride 400mg,Sevelamer Hydrochloride 400mg,Medicine,,tablet,No,100,Tablet,,Strip,10,,Box,10,,2
Sevelamer Hydrochloride 800mg,Sevelamer Hydrochloride 800mg,Medicine,,tablet,No,100,Tablet,,Strip,10,,Box,10,,2
Cinacalcet 60mg,Cinacalcet 60mg,Medicine,,tablet,No,100,Tablet,,Strip,10,,Box,10,,2
Allopurinol for tumour lysis 100mg,Allopurinol for tumour lysis 100mg,Medicine,,tablet,No,100,Tablet,,Strip,10,,Box,10,,2
Cinacalcet 90mg,Cinacalcet 90mg,Medicine,,tablet,No,100,Tablet,,Strip,10,,Box,10,,2
Factor VIII 500 IU Injection,Antihaemophilic Factor VIII 500 IU,Medicine,,vial,No,10,Vial,,,,,,,,1
Factor VIII 250 IU Injection,Antihaemophilic Factor VIII 250 IU,Medicine,,vial,No,10,Vial,,,,,,,,1
Rasburicase 1.5mg,Rasburicase 1.5mg,Medicine,,tablet,No,100,Tablet,,Strip,10,,Box,10,,2
Romiplostim 250mcg Injection,Romiplostim 250mcg,Medicine,,vial,No,10,Vial,,,,,,,,1
Factor IX 500 IU Injection,Factor IX complex 500 IU,Medicine,,vial,No,10,Vial,,,,,,,,1
Eltrombopag 25mg,Eltrombopag 25mg,Medicine,,tablet,No,100,Tablet,,Strip,10,,Box,10,,2
Fresh Frozen Plasma Substitute,Plasma volume expander,Medicine,,vial,No,10,Vial,,,,,,,,1
Eltrombopag 50mg,Eltrombopag 50mg,Medicine,,tablet,No,100,Tablet,,Strip,10,,Box,10,,2
Danazol for ITP 100mg,Danazol for ITP 100mg,Medicine,,tablet,No,100,Tablet,,Strip,10,,Box,10,,2
Deferasirox 125mg,Deferasirox 125mg,Medicine,,tablet,No,100,Tablet,,Strip,10,,Box,10,,2
Deferasirox 250mg,Deferasirox 250mg,Medicine,,tablet,No,100,Tablet,,Strip,10,,Box,10,,2
Deferasirox 500mg,Deferasirox 500mg,Medicine,,tablet,No,100,Tablet,,Strip,10,,Box,10,,2
Deferiprone 500mg,Deferiprone 500mg,Medicine,,tablet,No,100,Tablet,,Strip,10,,Box,10,,2
Deferiprone 250mg,Deferiprone 250mg,Medicine,,tablet,No,100,Tablet,,Strip,10,,Box,10,,2
Desferrioxamine 500mg Injection,Desferrioxamine Mesylate 500mg,Medicine,,vial,No,10,Vial,,,,,,,,1
Folic Acid for thalassaemia 5mg,Folic Acid for thalassaemia 5mg,Medicine,,tablet,No,100,Tablet,,Strip,10,,Box,10,,2
Penicillamine 250mg,Penicillamine 250mg,Medicine,,tablet,No,100,Tablet,,Strip,10,,Box,10,,2
Zinc Acetate for Wilson disease 25mg,Zinc Acetate for Wilson disease 25mg,Medicine,,tablet,No,100,Tablet,,Strip,10,,Box,10,,2
Trientine 250mg,Trientine 250mg,Medicine,,tablet,No,100,Tablet,,Strip,10,,Box,10,,2
Riluzole 50mg,Riluzole 50mg,Medicine,,tablet,No,100,Tablet,,Strip,10,,Box,10,,2
Zinc Acetate for Wilson disease 50mg,Zinc Acetate for Wilson disease 50mg,Medicine,,tablet,No,100,Tablet,,Strip,10,,Box,10,,2
Pyridostigmine 60mg,Pyridostigmine 60mg,Medicine,,tablet,No,100,Tablet,,Strip,10,,Box,10,,2
Tetrabenazine 12.5mg,Tetrabenazine 12.5mg,Medicine,,tablet,No,100,Tablet,,Strip,10,,Box,10,,2
Tetrabenazine 25mg,Tetrabenazine 25mg,Medicine,,tablet,No,100,Tablet,,Strip,10,,Box,10,,2
Modafinil 100mg,Modafinil 100mg,Medicine,,tablet,No,100,Tablet,,Strip,10,,Box,10,,2
Modafinil 200mg,Modafinil 200mg,Medicine,,tablet,No,100,Tablet,,Strip,10,,Box,10,,2
Armodafinil 50mg,Armodafinil 50mg,Medicine,,tablet,No,100,Tablet,,Strip,10,,Box,10,,2
Armodafinil 150mg,Armodafinil 150mg,Medicine,,tablet,No,100,Tablet,,Strip,10,,Box,10,,2
Sildenafil for pulmonary hypertension 20mg,Sildenafil for pulmonary hypertension 20mg,Medicine,,tablet,No,100,Tablet,,Strip,10,,Box,10,,2
Bosentan 125mg,Bosentan 125mg,Medicine,,tablet,No,100,Tablet,,Strip,10,,Box,10,,2
Bosentan 62.5mg,Bosentan 62.5mg,Medicine,,tablet,No,100,Tablet,,Strip,10,,Box,10,,2
Ambrisentan 10mg,Ambrisentan 10mg,Medicine,,tablet,No,100,Tablet,,Strip,10,,Box,10,,2
Ambrisentan 5mg,Ambrisentan 5mg,Medicine,,tablet,No,100,Tablet,,Strip,10,,Box,10,,2
Pirfenidone 200mg,Pirfenidone 200mg,Medicine,,tablet,No,100,Tablet,,Strip,10,,Box,10,,2
Tadalafil for pulmonary hypertension 20mg,Tadalafil for pulmonary hypertension 20mg,Medicine,,tablet,No,100,Tablet,,Strip,10,,Box,10,,2
Nintedanib 100mg,Nintedanib 100mg,Medicine,,capsule,No,100,Capsule,,Strip,10,,Box,10,,2
Pirfenidone 400mg,Pirfenidone 400mg,Medicine,,tablet,No,100,Tablet,,Strip,10,,Box,10,,2
Nintedanib 150mg,Nintedanib 150mg,Medicine,,capsule,No,100,Capsule,,Strip,10,,Box,10,,2
Veloz 10,Rabeprazole 10mg,Medicine,Torrent,tablet,No,100,Tablet,,Strip,10,,Box,10,,2
Veloz 20,Rabeprazole 20mg,Medicine,Torrent,tablet,No,100,Tablet,,Strip,10,,Box,10,,2
Veloz-D,Rabeprazole 20mg + Domperidone SR 30mg,Medicine,Torrent,tablet,No,100,Tablet,,Strip,10,,Box,10,,2
Rekool 10,Rabeprazole 10mg,Medicine,Cipla,tablet,No,100,Tablet,,Strip,10,,Box,10,,2
Rekool 20,Rabeprazole 20mg,Medicine,Cipla,tablet,No,100,Tablet,,Strip,10,,Box,10,,2
Rekool-D,Rabeprazole 20mg + Domperidone SR 30mg,Medicine,Cipla,tablet,No,100,Tablet,,Strip,10,,Box,10,,2
Nexium 20,Esomeprazole 20mg,Medicine,AstraZeneca,tablet,No,100,Tablet,,Strip,10,,Box,10,,2
Nexium 40,Esomeprazole 40mg,Medicine,AstraZeneca,tablet,No,100,Tablet,,Strip,10,,Box,10,,2
Aciloc RD,Rabeprazole 20mg + Domperidone SR 30mg,Medicine,Cadila,tablet,No,100,Tablet,,Strip,10,,Box,10,,2
Rantac 300,Ranitidine 300mg,Medicine,JB Chemicals,tablet,No,100,Tablet,,Strip,10,,Box,10,,2
Zinetac 300,Ranitidine 300mg,Medicine,GSK,tablet,No,100,Tablet,,Strip,10,,Box,10,,2
Looz Powder Sachet,Lactulose powder,Medicine,Intas,bottle,No,10,Bottle,,,,,,,,1
Rantac Syrup 100ml,Ranitidine 75mg/5ml,Medicine,JB Chemicals,bottle,No,10,Bottle,,,,,,,,1
Aciloc 300,Ranitidine 300mg,Medicine,Cadila,tablet,No,100,Tablet,,Strip,10,,Box,10,,2
Duphalac Sachet 15ml,Lactulose 10g/15ml,Medicine,Abbott,tablet,No,100,Tablet,,Strip,10,,Box,10,,2
Cremaffin 225ml,Liquid Paraffin with Milk of Magnesia,Medicine,Abbott,bottle,No,10,Bottle,,,,,,,,1
Mesacol OD 1.2g,Mesalamine 1.2g,Medicine,Sun Pharma,tablet,No,100,Tablet,,Strip,10,,Box,10,,2
Udiliv 150,Ursodeoxycholic Acid 150mg,Medicine,Abbott,tablet,No,100,Tablet,,Strip,10,,Box,10,,2
Mesacol Suppository,Mesalamine suppository,Medicine,Sun Pharma,box,No,10,Piece,,,,,,,,1
Udiliv 300 Forte,Ursodeoxycholic Acid 300mg,Medicine,Abbott,tablet,No,100,Tablet,,Strip,10,,Box,10,,2
Normaxin RT,Chlordiazepoxide + Dicyclomine + Simethicone,Medicine,Systopic,tablet,Yes,100,Tablet,,Strip,10,,Box,10,,2
Cyclopam DS,Dicyclomine 20mg + Paracetamol 500mg,Medicine,Indoco,tablet,No,100,Tablet,,Strip,10,,Box,10,,2
Drotin DS,Drotaverine 80mg,Medicine,Walter Bushnell,tablet,No,100,Tablet,,Strip,10,,Box,10,,2
Meftal-Spas DS,Dicyclomine 20mg + Mefenamic Acid 500mg,Medicine,Blue Cross,tablet,No,100,Tablet,,Strip,10,,Box,10,,2
Ceftas 200,Cefixime 200mg,Medicine,Intas,tablet,No,100,Tablet,,Strip,10,,Box,10,,2
Ceftas 100,Cefixime 100mg,Medicine,Intas,tablet,No,100,Tablet,,Strip,10,,Box,10,,2
Ceftas-CV 200,Cefixime 200mg + Clavulanic Acid 125mg,Medicine,Intas,tablet,No,100,Tablet,,Strip,10,,Box,10,,2
Topcef 100,Cefixime 100mg,Medicine,Mankind,tablet,No,100,Tablet,,Strip,10,,Box,10,,2
Ceftas Dry Syrup 30ml,Cefixime 50mg/5ml,Medicine,Intas,bottle,No,10,Bottle,,,,,,,,1
Topcef-O 200,Cefixime 200mg + Ofloxacin 200mg,Medicine,Mankind,tablet,No,100,Tablet,,Strip,10,,Box,10,,2
Topcef 200,Cefixime 200mg,Medicine,Mankind,tablet,No,100,Tablet,,Strip,10,,Box,10,,2
Topcef Dry Syrup 30ml,Cefixime 50mg/5ml,Medicine,Mankind,bottle,No,10,Bottle,,,,,,,,1
Cetil 250,Cefuroxime 250mg,Medicine,Lupin,tablet,No,100,Tablet,,Strip,10,,Box,10,,2
Cetil 500,Cefuroxime 500mg,Medicine,Lupin,tablet,No,100,Tablet,,Strip,10,,Box,10,,2
Zenflox 400,Ofloxacin 400mg,Medicine,Mankind,tablet,No,100,Tablet,,Strip,10,,Box,10,,2
Zenflox 200,Ofloxacin 200mg,Medicine,Mankind,tablet,No,100,Tablet,,Strip,10,,Box,10,,2
Zenflox-OZ,Ofloxacin 200mg + Ornidazole 500mg,Medicine,Mankind,tablet,No,100,Tablet,,Strip,10,,Box,10,,2
Zoxan-TZ,Ciprofloxacin 500mg + Tinidazole 600mg,Medicine,FDC,tablet,No,100,Tablet,,Strip,10,,Box,10,,2
Zenflox Suspension 30ml,Ofloxacin 50mg/5ml,Medicine,Mankind,bottle,No,10,Bottle,,,,,,,,1
Zoxan 500,Ciprofloxacin 500mg,Medicine,FDC,tablet,No,100,Tablet,,Strip,10,,Box,10,,2
Aziwok Liquid 15ml,Azithromycin 200mg/5ml,Medicine,Wockhardt,bottle,No,10,Bottle,,,,,,,,1
Lizolid 300,Linezolid 300mg,Medicine,Glenmark,tablet,No,100,Tablet,,Strip,10,,Box,10,,2
Lizolid Suspension 60ml,Linezolid 100mg/5ml,Medicine,Glenmark,bottle,No,10,Bottle,,,,,,,,1
Linospan 300,Linezolid 300mg,Medicine,Cipla,tablet,No,100,Tablet,,Strip,10,,Box,10,,2
Rifagut 550,Rifaximin 550mg,Medicine,Sun Pharma,tablet,No,100,Tablet,,Strip,10,,Box,10,,2
Dazolic Suspension 30ml,Ornidazole 125mg/5ml,Medicine,Sun Pharma,bottle,No,10,Bottle,,,,,,,,1
Dazolic 1000,Ornidazole 1000mg,Medicine,Sun Pharma,tablet,No,100,Tablet,,Strip,10,,Box,10,,2
Tiniba 300,Tinidazole 300mg,Medicine,Zydus,tablet,No,100,Tablet,,Strip,10,,Box,10,,2
Zentel Chewable 400,Albendazole 400mg chewable,Medicine,GSK,tablet,No,100,Tablet,,Strip,10,,Box,10,,2
Tiniba 1000,Tinidazole 1000mg,Medicine,Zydus,tablet,No,100,Tablet,,Strip,10,,Box,10,,2
Ivermectol 6,Ivermectin 6mg,Medicine,Sun Pharma,tablet,No,100,Tablet,,Strip,10,,Box,10,,2
Ivermectol 3,Ivermectin 3mg,Medicine,Sun Pharma,tablet,No,100,Tablet,,Strip,10,,Box,10,,2
HCQS 300,Hydroxychloroquine 300mg,Medicine,Ipca,tablet,No,100,Tablet,,Strip,10,,Box,10,,2
Lariago DS,Chloroquine 500mg,Medicine,Ipca,tablet,No,100,Tablet,,Strip,10,,Box,10,,2
Forcan 50,Fluconazole 50mg,Medicine,Cipla,tablet,No,100,Tablet,,Strip,10,,Box,10,,2
Zocon 200,Fluconazole 200mg,Medicine,FDC,tablet,No,100,Tablet,,Strip,10,,Box,10,,2
Forcan 400,Fluconazole 400mg,Medicine,Cipla,tablet,No,100,Tablet,,Strip,10,,Box,10,,2
Zocon 400,Fluconazole 400mg,Medicine,FDC,tablet,No,100,Tablet,,Strip,10,,Box,10,,2
Sporanox 200,Itraconazole 200mg,Medicine,Janssen,capsule,No,100,Capsule,,Strip,10,,Box,10,,2
Candiforce 50,Itraconazole 50mg,Medicine,Mankind,capsule,No,100,Capsule,,Strip,10,,Box,10,,2
Zocon Suspension 30ml,Fluconazole 50mg/5ml,Medicine,FDC,bottle,No,10,Bottle,,,,,,,,1
Sebifin Cream 10g,Terbinafine 1% cream,Medicine,Sun Pharma,tube,No,6,Tube,,,,,,,,1
Lamisil Cream 10g,Terbinafine 1% cream,Medicine,Novartis,tube,No,6,Tube,,,,,,,,1
Sebifin 125,Terbinafine 125mg,Medicine,Sun Pharma,tablet,No,100,Tablet,,Strip,10,,Box,10,,2
Valcivir 250,Valacyclovir 250mg,Medicine,Cipla,tablet,No,100,Tablet,,Strip,10,,Box,10,,2
Acivir Eye Ointment 5g,Acyclovir 3% eye ointment,Medicine,Cipla,tube,No,6,Tube,,,,,,,,1
Acivir 200 DT,Acyclovir 200mg dispersible,Medicine,Cipla,tablet,No,100,Tablet,,Strip,10,,Box,10,,2
Amlokind-L 2.5,S-Amlodipine 2.5mg,Medicine,Mankind,tablet,No,100,Tablet,,Strip,10,,Box,10,,2
Cilacar-M,Cilnidipine 10mg + Metoprolol 50mg,Medicine,JB Chemicals,tablet,No,100,Tablet,,Strip,10,,Box,10,,2
Amlodac-AT,Amlodipine 5mg + Atenolol 50mg,Medicine,Zydus,tablet,No,100,Tablet,,Strip,10,,Box,10,,2
Nebicard-H,Nebivolol 5mg + Hydrochlorothiazide 12.5mg,Medicine,Torrent,tablet,No,100,Tablet,,Strip,10,,Box,10,,2
Cilacar-D,Cilnidipine 10mg + Chlorthalidone 12.5mg,Medicine,JB Chemicals,tablet,No,100,Tablet,,Strip,10,,Box,10,,2
Nebistar-SA,Nebivolol 5mg + S-Amlodipine 2.5mg,Medicine,Lupin,tablet,No,100,Tablet,,Strip,10,,Box,10,,2
Concor-AM 5,Bisoprolol 5mg + Amlodipine 5mg,Medicine,Merck,tablet,No,100,Tablet,,Strip,10,,Box,10,,2
Met XL-AM 25,Metoprolol 25mg + Amlodipine 5mg,Medicine,Ajanta,tablet,No,100,Tablet,,Strip,10,,Box,10,,2
Storvas-CV 10,Atorvastatin 10mg + Clopidogrel 75mg + Aspirin,Medicine,Sun Pharma,tablet,No,100,Tablet,,Strip,10,,Box,10,,2
Dytor-A 10,Torsemide 10mg + Amlodipine 5mg,Medicine,Cipla,tablet,No,100,Tablet,,Strip,10,,Box,10,,2
Tonact-TG 10,Atorvastatin 10mg + Fenofibrate 160mg,Medicine,Lupin,tablet,No,100,Tablet,,Strip,10,,Box,10,,2
Aztor-ASP 75,Atorvastatin 10mg + Aspirin 75mg,Medicine,Sun Pharma,tablet,No,100,Tablet,,Strip,10,,Box,10,,2
Glycomet-GP 3,Glimepiride 3mg + Metformin 500mg,Medicine,USV,tablet,No,100,Tablet,,Strip,10,,Box,10,,2
Glycomet-GP 0.5,Glimepiride 0.5mg + Metformin 500mg,Medicine,USV,tablet,No,100,Tablet,,Strip,10,,Box,10,,2
Zoryl Trio 2,Glimepiride + Metformin + Pioglitazone,Medicine,Intas,tablet,No,100,Tablet,,Strip,10,,Box,10,,2
Amaryl MV 1,Glimepiride + Metformin + Voglibose,Medicine,Sanofi,tablet,No,100,Tablet,,Strip,10,,Box,10,,2
Glycomet Trio 1,Glimepiride + Metformin + Pioglitazone,Medicine,USV,tablet,No,100,Tablet,,Strip,10,,Box,10,,2
Jalra-OD 100,Vildagliptin 100mg,Medicine,USV,tablet,No,100,Tablet,,Strip,10,,Box,10,,2
Istavel-M 50/500,Sitagliptin 50mg + Metformin 500mg,Medicine,Sun Pharma,tablet,No,100,Tablet,,Strip,10,,Box,10,,2
Volibo-M 0.2,Voglibose 0.2mg + Metformin 500mg,Medicine,Sun Pharma,tablet,No,100,Tablet,,Strip,10,,Box,10,,2
Volibo 0.2,Voglibose 0.2mg,Medicine,Sun Pharma,tablet,No,100,Tablet,,Strip,10,,Box,10,,2
Zerodol Spas,Aceclofenac + Drotaverine,Medicine,Ipca,tablet,No,100,Tablet,,Strip,10,,Box,10,,2
Zerodol-CR 200,Aceclofenac controlled release 200mg,Medicine,Ipca,tablet,No,100,Tablet,,Strip,10,,Box,10,,2
Hifenac-SP,Aceclofenac + Paracetamol + Serratiopeptidase,Medicine,Intas,tablet,No,100,Tablet,,Strip,10,,Box,10,,2
Nucoxia-P,Etoricoxib 60mg + Paracetamol 325mg,Medicine,Zydus,tablet,No,100,Tablet,,Strip,10,,Box,10,,2
Nucoxia-SP,Etoricoxib + Serratiopeptidase,Medicine,Zydus,tablet,No,100,Tablet,,Strip,10,,Box,10,,2
Etoshine-MR,Etoricoxib + Thiocolchicoside,Medicine,Sun Pharma,tablet,No,100,Tablet,,Strip,10,,Box,10,,2
Myospaz,Chlorzoxazone + Paracetamol,Medicine,Wockhardt,tablet,No,100,Tablet,,Strip,10,,Box,10,,2
Myoril Plus,Thiocolchicoside 4mg + Aceclofenac 100mg,Medicine,Sanofi,tablet,No,100,Tablet,,Strip,10,,Box,10,,2
Sirdalud 4,Tizanidine 4mg,Medicine,Novartis,tablet,No,100,Tablet,,Strip,10,,Box,10,,2
Gabapin NT 100,Gabapentin 100mg + Nortriptyline 10mg,Medicine,Intas,capsule,No,100,Capsule,,Strip,10,,Box,10,,2
Nurokind Gold,Methylcobalamin with Alpha Lipoic Acid and vitamins,Medicine,Mankind,tablet,No,100,Tablet,,Strip,10,,Box,10,,2
Maxgalin M 75,Pregabalin 75mg + Methylcobalamin,Medicine,Sun Pharma,capsule,No,100,Capsule,,Strip,10,,Box,10,,2
Pregabid NT 75,Pregabalin 75mg + Nortriptyline 10mg,Medicine,Intas,capsule,No,100,Capsule,,Strip,10,,Box,10,,2
Nurokind Syrup 200ml,Methylcobalamin syrup,Medicine,Mankind,bottle,No,10,Bottle,,,,,,,,1
Neurobion Forte RF,Vitamin B complex with B12,Medicine,Merck,tablet,No,100,Tablet,,Strip,10,,Box,10,,2
Nurokind-OD,Methylcobalamin 1500mcg,Medicine,Mankind,tablet,No,100,Tablet,,Strip,10,,Box,10,,2
Tramazac-P,Tramadol 37.5mg + Paracetamol 325mg,Medicine,Zydus,tablet,Yes,100,Tablet,,Strip,10,,Box,10,,2
Ultracet Semi,Tramadol 18.75mg + Paracetamol 162.5mg,Medicine,Janssen,tablet,Yes,100,Tablet,,Strip,10,,Box,10,,2
Candid-B Lotion 15ml,Clotrimazole + Beclomethasone lotion,Medicine,Glenmark,tube,No,6,Tube,,,,,,,,1
Candid-TV Gel 30g,Clotrimazole vaginal gel,Medicine,Glenmark,tube,No,6,Tube,,,,,,,,1
Onabet Soap 75g,Sertaconazole medicated soap,Medicine,Glenmark,bottle,No,10,Bottle,,,,,,,,1
Lulifin Lotion 30ml,Luliconazole 1% lotion,Medicine,Sun Pharma,tube,No,6,Tube,,,,,,,,1
Onabet-SD Lotion 30ml,Sertaconazole lotion,Medicine,Glenmark,tube,No,6,Tube,,,,,,,,1
Momate-XT Cream 15g,Mometasone + Terbinafine,Medicine,Glenmark,tube,No,6,Tube,,,,,,,,1
Momate Scalp Lotion 30ml,Mometasone scalp lotion,Medicine,Glenmark,bottle,No,10,Bottle,,,,,,,,1
Momate-F Cream 15g,Mometasone + Fusidic Acid,Medicine,Glenmark,tube,No,6,Tube,,,,,,,,1
Acnestar Gel 15g,Benzoyl Peroxide gel,Medicine,Mankind,tube,No,6,Tube,,,,,,,,1
Deriva-MS Gel 15g,Adapalene microsphere gel,Medicine,Glenmark,tube,No,6,Tube,,,,,,,,1
Elovera Lotion 100ml,Moisturising lotion,Medicine,Glenmark,bottle,No,10,Bottle,,,,,,,,1
Clindac-A Lotion 30ml,Clindamycin 1% lotion,Medicine,Galderma,tube,No,6,Tube,,,,,,,,1
Acnestar Face Wash 50g,Acne face wash,Medicine,Mankind,bottle,No,10,Bottle,,,,,,,,1
Faceclin Gel 15g,Clindamycin gel,Medicine,Zydus,tube,No,6,Tube,,,,,,,,1
Elovera Cream 75g,Moisturising cream,Medicine,Glenmark,tube,No,6,Tube,,,,,,,,1
Venusia Max Lotion 300ml,Moisturising lotion,Medicine,Dr. Reddy's,bottle,No,10,Bottle,,,,,,,,1
La Shield Sunscreen Gel 50g,Broad spectrum sunscreen gel,Medicine,Glenmark,bottle,No,10,Bottle,,,,,,,,1
Suncros Soft Lotion 60ml,Sunscreen lotion,Medicine,Mankind,bottle,No,10,Bottle,,,,,,,,1
Sebamed Baby Wash 200ml,Baby cleansing wash,Other,Sebamed,bottle,No,10,Bottle,,,,,,,,1
Sebamed Cleansing Bar 100g,pH balanced cleansing bar,Other,Sebamed,bottle,No,10,Bottle,,,,,,,,1
Cetaphil Moisturising Lotion 250ml,Moisturising lotion,Medicine,Galderma,bottle,No,10,Bottle,,,,,,,,1
Mintop Forte 2% Solution 60ml,Minoxidil 2% topical solution,Medicine,Dr. Reddy's,bottle,No,10,Bottle,,,,,,,,1
T-Bact Cream 5g,Mupirocin 2% cream,Medicine,GSK,tube,No,6,Tube,,,,,,,,1
Selsun Blue Shampoo 120ml,Anti-dandruff shampoo,Medicine,Abbott,bottle,No,10,Bottle,,,,,,,,1
Mintop Eva Solution 60ml,Minoxidil for women,Medicine,Dr. Reddy's,bottle,No,10,Bottle,,,,,,,,1
Nizral Shampoo 100ml,Ketoconazole 2% shampoo,Medicine,Janssen,bottle,No,10,Bottle,,,,,,,,1
Montair-FX,Montelukast 10mg + Fexofenadine 120mg,Medicine,Cipla,tablet,No,100,Tablet,,Strip,10,,Box,10,,2
Silverex Ointment 15g,Silver Sulphadiazine ointment,Medicine,Ranbaxy,tube,No,6,Tube,,,,,,,,1
Megaheal Ointment 20g,Wound healing ointment,Medicine,Wockhardt,tube,No,6,Tube,,,,,,,,1
Allegra-M,Fexofenadine 120mg + Montelukast 10mg,Medicine,Sanofi,tablet,No,100,Tablet,,Strip,10,,Box,10,,2
Montek-FX,Montelukast 10mg + Fexofenadine 120mg,Medicine,Sun Pharma,tablet,No,100,Tablet,,Strip,10,,Box,10,,2
Montek-LC Kid Syrup 60ml,Montelukast with Levocetirizine,Medicine,Sun Pharma,bottle,No,10,Bottle,,,,,,,,1
Alerid-D,Cetirizine 5mg + Phenylephrine 10mg,Medicine,Cipla,tablet,No,100,Tablet,,Strip,10,,Box,10,,2
Alerid-D Syrup 60ml,Cetirizine with Phenylephrine,Medicine,Cipla,bottle,No,10,Bottle,,,,,,,,1
Teczine-M,Levocetirizine + Montelukast,Medicine,Alkem,tablet,No,100,Tablet,,Strip,10,,Box,10,,2
Teczine Drops 15ml,Levocetirizine 2.5mg/ml,Medicine,Alkem,bottle,No,10,Bottle,,,,,,,,1
Mucolite-D Syrup 100ml,Ambroxol with Dextromethorphan,Medicine,Dr. Reddy's,bottle,No,10,Bottle,,,,,,,,1
Ascoril Plus Syrup 100ml,Cough syrup,Medicine,Glenmark,bottle,No,10,Bottle,,,,,,,,1
Mucinac 600 Sachet,Acetylcysteine 600mg effervescent,Medicine,Cipla,bottle,No,10,Bottle,,,,,,,,1
Ascoril LS Drops 15ml,Levosalbutamol + Ambroxol drops,Medicine,Glenmark,bottle,No,10,Bottle,,,,,,,,1
Combihale FB 200 Inhaler,Formoterol + Budesonide,Medicine,Cipla,box,No,5,Inhaler,,,,,,,,1
Mucinac 200 Sachet,Acetylcysteine 200mg,Medicine,Cipla,bottle,No,10,Bottle,,,,,,,,1
Budamate 400 Inhaler,Formoterol + Budesonide,Medicine,Mankind,box,No,5,Inhaler,,,,,,,,1
Budamate 200 Inhaler,Formoterol + Budesonide,Medicine,Mankind,box,No,5,Inhaler,,,,,,,,1
Budamate Respules 2ml,Formoterol + Budesonide respules,Medicine,Mankind,vial,No,10,Vial,,,,,,,,1
Beclate 200 Inhaler,Beclomethasone 200mcg/dose,Medicine,Cipla,box,No,5,Inhaler,,,,,,,,1
Aerocort Inhaler,Beclomethasone + Levosalbutamol,Medicine,Cipla,box,No,5,Inhaler,,,,,,,,1
Aerocort Rotacaps,Beclomethasone + Levosalbutamol rotacaps,Medicine,Cipla,box,No,5,Inhaler,,,,,,,,1
Azithromycin Suspension 30ml 100mg,Azithromycin 100mg/5ml,Medicine,,bottle,No,10,Bottle,,,,,,,,1
Cefpodoxime + Clavulanate Dry Syrup 30ml,Cefpodoxime with Clavulanic Acid,Medicine,,bottle,No,10,Bottle,,,,,,,,1
Beclate Nasal Spray 10ml,Beclomethasone nasal spray,Medicine,Cipla,drops,No,6,Bottle,,,,,,,,1
Amoxicillin + Clavulanate Dry Syrup 60ml,Amoxicillin with Clavulanate,Medicine,,bottle,No,10,Bottle,,,,,,,,1
Cefixime + Clavulanate Dry Syrup 30ml,Cefixime with Clavulanic Acid,Medicine,,bottle,No,10,Bottle,,,,,,,,1
Clindamycin Suspension 30ml,Clindamycin 75mg/5ml,Medicine,,bottle,No,10,Bottle,,,,,,,,1
Fluconazole Syrup 35ml,Fluconazole 50mg/5ml,Medicine,,bottle,No,10,Bottle,,,,,,,,1
Cephalexin Suspension 100ml,Cephalexin 250mg/5ml,Medicine,,bottle,No,10,Bottle,,,,,,,,1
Ivermectin Suspension 10ml,Ivermectin 3mg/5ml,Medicine,,bottle,No,10,Bottle,,,,,,,,1
Griseofulvin Suspension 60ml,Griseofulvin 125mg/5ml,Medicine,,bottle,No,10,Bottle,,,,,,,,1
Deflazacort Suspension 30ml,Deflazacort 6mg/5ml,Medicine,,bottle,No,10,Bottle,,,,,,,,1
Prednisolone Oral Solution 30ml,Prednisolone 15mg/5ml,Medicine,,bottle,No,10,Bottle,,,,,,,,1
Cetirizine Oral Solution 30ml,Cetirizine 5mg/5ml,Medicine,,bottle,No,10,Bottle,,,,,,,,1
Methylprednisolone Suspension 30ml,Methylprednisolone 8mg/5ml,Medicine,,bottle,No,10,Bottle,,,,,,,,1
Hydroxychloroquine Suspension 60ml,Hydroxychloroquine 100mg/5ml,Medicine,,bottle,No,10,Bottle,,,,,,,,1
Dicyclomine Drops 15ml,Dicyclomine 10mg/ml,Medicine,,bottle,No,10,Bottle,,,,,,,,1
Promethazine Syrup 60ml,Promethazine 5mg/5ml,Medicine,,bottle,No,10,Bottle,,,,,,,,1
Chlorpheniramine Syrup 60ml,Chlorpheniramine 2mg/5ml,Medicine,,bottle,No,10,Bottle,,,,,,,,1
Metoclopramide Syrup 60ml,Metoclopramide 5mg/5ml,Medicine,,bottle,No,10,Bottle,,,,,,,,1
Sucralfate Suspension 100ml,Sucralfate 1g/10ml,Medicine,,bottle,No,10,Bottle,,,,,,,,1
Ranitidine Oral Solution 100ml,Ranitidine 75mg/5ml,Medicine,,bottle,No,10,Bottle,,,,,,,,1
Paracetamol + Dicyclomine Suspension 60ml,Paracetamol with Dicyclomine,Medicine,,bottle,No,10,Bottle,,,,,,,,1
Phenobarbitone Oral Solution 30ml,Phenobarbitone 20mg/5ml,Medicine,,bottle,Yes,10,Bottle,,,,,,,,1
Cyproheptadine Syrup 100ml,Cyproheptadine 2mg/5ml,Medicine,,bottle,No,10,Bottle,,,,,,,,1
Sodium Valproate Oral Solution 200ml,Sodium Valproate 200mg/5ml,Medicine,,bottle,No,10,Bottle,,,,,,,,1
Clonazepam Oral Drops 15ml,Clonazepam 2.5mg/ml,Medicine,,bottle,Yes,10,Bottle,,,,,,,,1
Levocarnitine Oral Solution 100ml,Levocarnitine 500mg/5ml,Medicine,,bottle,No,10,Bottle,,,,,,,,1
Potassium Chloride Oral Solution 100ml,Potassium Chloride oral solution,Medicine,,bottle,No,10,Bottle,,,,,,,,1
Baclofen Oral Solution 100ml,Baclofen 5mg/5ml,Medicine,,bottle,No,10,Bottle,,,,,,,,1
Ursodeoxycholic Acid Syrup 60ml,Ursodeoxycholic Acid 125mg/5ml,Medicine,,bottle,No,10,Bottle,,,,,,,,1
Sodium Valproate Sprinkle Capsule,Sodium Valproate sprinkle 125mg,Medicine,,bottle,No,10,Bottle,,,,,,,,1
Ambroxol + Levosalbutamol Syrup 100ml,Ambroxol with Levosalbutamol,Medicine,,bottle,No,10,Bottle,,,,,,,,1
Chlorpheniramine + Phenylephrine Syrup 100ml,Cold syrup,Medicine,,bottle,No,10,Bottle,,,,,,,,1
Salbutamol + Guaiphenesin Syrup 100ml,Salbutamol with Guaiphenesin,Medicine,,bottle,No,10,Bottle,,,,,,,,1
Diphenhydramine + Ammonium Chloride Syrup 100ml,Cough syrup,Medicine,,bottle,No,10,Bottle,,,,,,,,1
Domperidone 10mg Mouth Dissolving,Domperidone 10mg orally disintegrating,Medicine,,tablet,No,100,Tablet,,Strip,10,,Box,10,,2
Ondansetron 2mg Mouth Dissolving,Ondansetron 2mg orally disintegrating,Medicine,,tablet,No,100,Tablet,,Strip,10,,Box,10,,2
Rizatriptan 10mg Mouth Dissolving,Rizatriptan 10mg orally disintegrating,Medicine,,tablet,No,100,Tablet,,Strip,10,,Box,10,,2
Aripiprazole 10mg Mouth Dissolving,Aripiprazole 10mg orally disintegrating,Medicine,,tablet,No,100,Tablet,,Strip,10,,Box,10,,2
Levocetirizine 5mg Mouth Dissolving,Levocetirizine 5mg orally disintegrating,Medicine,,tablet,No,100,Tablet,,Strip,10,,Box,10,,2
Risperidone 2mg Mouth Dissolving,Risperidone 2mg orally disintegrating,Medicine,,tablet,No,100,Tablet,,Strip,10,,Box,10,,2
Etoricoxib 60mg Mouth Dissolving,Etoricoxib 60mg orally disintegrating,Medicine,,tablet,No,100,Tablet,,Strip,10,,Box,10,,2
Montelukast 10mg Mouth Dissolving,Montelukast 10mg orally disintegrating,Medicine,,tablet,No,100,Tablet,,Strip,10,,Box,10,,2
Ofloxacin 50mg Dispersible,Ofloxacin 50mg dispersible,Medicine,,tablet,No,100,Tablet,,Strip,10,,Box,10,,2
Nimesulide 100mg Mouth Dissolving,Nimesulide 100mg orally disintegrating,Medicine,,tablet,No,100,Tablet,,Strip,10,,Box,10,,2
Cefixime 50mg Dispersible for infants,Cefixime 50mg dispersible,Medicine,,tablet,No,100,Tablet,,Strip,10,,Box,10,,2
Zinc 20mg Dispersible for children,Zinc Sulphate 20mg dispersible,Medicine,,tablet,No,100,Tablet,,Strip,10,,Box,10,,2
Azithromycin 50mg Dispersible,Azithromycin 50mg dispersible,Medicine,,tablet,No,100,Tablet,,Strip,10,,Box,10,,2
Ondansetron 4mg Dispersible,Ondansetron 4mg dispersible,Medicine,,tablet,No,100,Tablet,,Strip,10,,Box,10,,2
Prednisolone 5mg Dispersible,Prednisolone 5mg dispersible,Medicine,,tablet,No,100,Tablet,,Strip,10,,Box,10,,2
Prednisolone 10mg Dispersible,Prednisolone 10mg dispersible,Medicine,,tablet,No,100,Tablet,,Strip,10,,Box,10,,2
Deflazacort 6mg Dispersible,Deflazacort 6mg dispersible,Medicine,,tablet,No,100,Tablet,,Strip,10,,Box,10,,2
Levetiracetam 250mg Dispersible,Levetiracetam 250mg dispersible,Medicine,,tablet,No,100,Tablet,,Strip,10,,Box,10,,2
Rifampicin 75mg + Isoniazid 50mg Dispersible,Paediatric TB combination,Medicine,,tablet,No,100,Tablet,,Strip,10,,Box,10,,2
Pyrazinamide 150mg Dispersible,Pyrazinamide 150mg dispersible,Medicine,,tablet,No,100,Tablet,,Strip,10,,Box,10,,2
Ofloxacin Paediatric Drops 15ml,Ofloxacin oral drops,Medicine,,drops,No,6,Bottle,,,,,,,,1
Ethambutol 100mg Dispersible,Ethambutol 100mg dispersible,Medicine,,tablet,No,100,Tablet,,Strip,10,,Box,10,,2
Cefixime Oral Drops 10ml,Cefixime 25mg/ml oral drops,Medicine,,drops,No,6,Bottle,,,,,,,,1
Racecadotril Oral Drops 15ml,Racecadotril oral drops,Medicine,,drops,No,6,Bottle,,,,,,,,1
Ondansetron Oral Drops 15ml,Ondansetron 2mg/ml drops,Medicine,,drops,No,6,Bottle,,,,,,,,1
Azithromycin Oral Drops 15ml,Azithromycin oral drops,Medicine,,drops,No,6,Bottle,,,,,,,,1
Salbutamol Oral Drops 15ml,Salbutamol oral drops,Medicine,,drops,No,6,Bottle,,,,,,,,1
Levocetirizine + Montelukast Drops 15ml,Levocetirizine with Montelukast,Medicine,,drops,No,6,Bottle,,,,,,,,1
Ferrous Ascorbate Drops 30ml,Ferrous Ascorbate oral drops,Medicine,,drops,No,6,Bottle,,,,,,,,1
Chlorpheniramine Oral Drops 15ml,Chlorpheniramine oral drops,Medicine,,drops,No,6,Bottle,,,,,,,,1
Zinc + Vitamin D3 Drops 30ml,Zinc with Vitamin D3 drops,Medicine,,drops,No,6,Bottle,,,,,,,,1
Vitamin E Oral Drops 15ml,Vitamin E drops,Medicine,,drops,No,6,Bottle,,,,,,,,1
Probiotic Oral Drops 10ml,Probiotic oral drops,Medicine,,drops,No,6,Bottle,,,,,,,,1
Nystatin Oral Suspension 30ml,Nystatin oral suspension,Medicine,,drops,No,6,Bottle,,,,,,,,1
Diclofenac Injection 2ml,Diclofenac 50mg/2ml,Medicine,,vial,No,10,Ampoule,,,,,,,,1
Phenobarbitone Paediatric Drops 15ml,Phenobarbitone paediatric drops,Medicine,,drops,Yes,6,Bottle,,,,,,,,1
Dexamethasone Injection 5ml,Dexamethasone 4mg/ml multidose,Medicine,,vial,No,10,Ampoule,,,,,,,,1
Caffeine Citrate Oral Solution 10ml,Caffeine Citrate oral solution,Medicine,,drops,No,6,Bottle,,,,,,,,1
Paracetamol Injection 1ml,Paracetamol 150mg/ml,Medicine,,vial,No,10,Ampoule,,,,,,,,1
Metoclopramide Injection 10ml,Metoclopramide 5mg/ml,Medicine,,vial,No,10,Ampoule,,,,,,,,1
Ranitidine Injection 10ml,Ranitidine 25mg/ml,Medicine,,vial,No,10,Ampoule,,,,,,,,1
Chlorpheniramine Injection 2ml,Chlorpheniramine 10mg/ml,Medicine,,vial,No,10,Ampoule,,,,,,,,1
Promethazine Injection 1ml,Promethazine 25mg/ml,Medicine,,vial,No,10,Ampoule,,,,,,,,1
Vitamin B12 Injection 2ml,Cyanocobalamin 1000mcg/ml,Medicine,,vial,No,10,Ampoule,,,,,,,,1
Vitamin B Complex Injection 10ml,Vitamin B complex multidose,Medicine,,vial,No,10,Ampoule,,,,,,,,1
Ondansetron Injection 1ml,Ondansetron 2mg/ml,Medicine,,vial,No,10,Ampoule,,,,,,,,1
Tranexamic Acid Injection 2ml,Tranexamic Acid 200mg/2ml,Medicine,,vial,No,10,Ampoule,,,,,,,,1
Phenytoin Injection 5ml,Phenytoin 50mg/ml,Medicine,,vial,No,10,Ampoule,,,,,,,,1
Aminophylline Injection 2ml,Aminophylline 25mg/ml,Medicine,,vial,No,10,Ampoule,,,,,,,,1
Furosemide Injection 10ml,Furosemide 10mg/ml,Medicine,,vial,No,10,Ampoule,,,,,,,,1
Vitamin D3 Injection 1ml,"Cholecalciferol 6,00,000 IU/ml",Medicine,,vial,No,10,Ampoule,,,,,,,,1
Quinine Dihydrochloride Injection 2ml,Quinine 300mg/ml,Medicine,,vial,No,10,Ampoule,,,,,,,,1
Diazepam Rectal Solution 2.5mg,Diazepam rectal gel,Medicine,,vial,Yes,10,Ampoule,,,,,,,,1
Levetiracetam Injection 5ml 500mg,Levetiracetam 500mg/5ml,Medicine,,vial,No,10,Ampoule,,,,,,,,1
Midazolam Nasal Spray,Midazolam nasal spray,Medicine,,vial,Yes,10,Ampoule,,,,,,,,1
Artesunate 120mg Injection,Artesunate 120mg,Medicine,,vial,No,10,Ampoule,,,,,,,,1
Drotaverine Injection 4ml,Drotaverine 80mg/4ml,Medicine,,vial,No,10,Ampoule,,,,,,,,1
Etophylline + Theophylline Injection 10ml,Etofylline with Theophylline,Medicine,,vial,No,10,Ampoule,,,,,,,,1
Hyoscine Injection 2ml,Hyoscine Butylbromide 20mg/ml,Medicine,,vial,No,10,Ampoule,,,,,,,,1
Chloroquine Injection 5ml,Chloroquine 40mg/ml,Medicine,,vial,No,10,Ampoule,,,,,,,,1
Indomethacin Suppository 100mg,Indomethacin 100mg suppository,Medicine,,box,No,10,Piece,,,,,,,,1
Diclofenac Suppository 12.5mg,Diclofenac 12.5mg suppository,Medicine,,box,No,10,Piece,,,,,,,,1
Dexamethasone + Chlorpheniramine Injection,Dexamethasone with Chlorpheniramine,Medicine,,vial,No,10,Ampoule,,,,,,,,1
Paracetamol Suppository 80mg,Paracetamol 80mg suppository,Medicine,,box,No,10,Piece,,,,,,,,1
Domperidone Suppository 30mg,Domperidone 30mg suppository,Medicine,,box,No,10,Piece,,,,,,,,1
Prochlorperazine Suppository,Prochlorperazine suppository,Medicine,,box,No,10,Piece,,,,,,,,1
Hydrocortisone Rectal Suppository,Hydrocortisone suppository,Medicine,,box,No,10,Piece,,,,,,,,1
Nitroglycerin Ointment 0.2% 30g,Nitroglycerin rectal ointment,Medicine,,box,No,10,Piece,,,,,,,,1
Scopolamine Transdermal Patch,Hyoscine transdermal patch,Medicine,,box,No,10,Piece,,,,,,,,1
Nitroglycerin Transdermal Patch 5mg,Nitroglycerin transdermal patch,Medicine,,box,No,10,Piece,,,,,,,,1
Lignocaine Medicated Plaster 5%,Lignocaine 5% plaster,Medicine,,box,No,10,Piece,,,,,,,,1
Estradiol Transdermal Patch,Estradiol transdermal patch,Medicine,,box,No,10,Piece,,,,,,,,1
Buprenorphine Transdermal Patch 5mcg,Buprenorphine transdermal patch,Medicine,,box,Yes,10,Piece,,,,,,,,1
Herbal Pain Oil 100ml,Herbal analgesic oil,Other,,bottle,No,10,Bottle,,,,,,,,1
Ayurvedic Massage Oil 200ml,Herbal massage oil,Other,,bottle,No,10,Bottle,,,,,,,,1
Pain Relief Balm 50g,Herbal analgesic balm,Other,,tube,No,6,Tube,,,,,,,,1
Hot and Cold Gel Pack,Reusable gel pack,Other,,box,No,10,Piece,,,,,,,,1
Cold Balm 25g,Menthol camphor cold balm,Other,,tube,No,6,Tube,,,,,,,,1
Crepe Bandage with Clips 8cm,Elastic crepe bandage,Other,,box,No,10,Piece,,,,,,,,1
Kids Toothpaste 50g,Fluoride toothpaste for children,Other,,tube,No,6,Tube,,,,,,,,1
Herbal Toothpaste 100g,Herbal toothpaste,Other,,tube,No,6,Tube,,,,,,,,1
Charcoal Toothpaste 100g,Activated charcoal toothpaste,Other,,tube,No,6,Tube,,,,,,,,1
Herbal Mouthwash 250ml,Herbal mouthwash,Other,,bottle,No,10,Bottle,,,,,,,,1
Kids Toothbrush,Soft toothbrush for children,Other,,box,No,10,Piece,,,,,,,,1
Medium Toothbrush,Medium bristle toothbrush,Other,,box,No,10,Piece,,,,,,,,1
Alcohol Free Mouthwash 250ml,Alcohol free mouthwash,Other,,bottle,No,10,Bottle,,,,,,,,1
Anti-Dandruff Shampoo 100ml,Anti-dandruff shampoo,Other,,bottle,No,10,Bottle,,,,,,,,1
Herbal Shampoo 200ml,Herbal shampoo,Other,,bottle,No,10,Bottle,,,,,,,,1
Hair Serum 50ml,Leave in hair serum,Other,,bottle,No,10,Bottle,,,,,,,,1
Hair Conditioner 200ml,Hair conditioner,Other,,bottle,No,10,Bottle,,,,,,,,1
Baby Shampoo 100ml,Tear free baby shampoo,Other,,bottle,No,10,Bottle,,,,,,,,1
Onion Hair Oil 200ml,Onion seed hair oil,Other,,bottle,No,10,Bottle,,,,,,,,1
Hair Colour Black,Permanent hair colour,Other,,bottle,No,10,Bottle,,,,,,,,1
Henna Powder 100g,Natural henna powder,Other,,bottle,No,10,Bottle,,,,,,,,1
Almond Hair Oil 100ml,Almond hair oil,Other,,bottle,No,10,Bottle,,,,,,,,1
Coconut Hair Oil 200ml,Coconut hair oil,Other,,bottle,No,10,Bottle,,,,,,,,1
Foot Crack Cream 50g,Heel crack repair cream,Other,,tube,No,6,Tube,,,,,,,,1
Body Lotion 200ml,Moisturising body lotion,Other,,tube,No,6,Tube,,,,,,,,1
Hand Cream 50g,Hand moisturising cream,Other,,tube,No,6,Tube,,,,,,,,1
Cold Cream 100g,Winter cold cream,Other,,tube,No,6,Tube,,,,,,,,1
Petroleum Jelly 50g,White petroleum jelly,Other,,tube,No,6,Tube,,,,,,,,1
Face Wash for Oily Skin 100ml,Oil control face wash,Other,,bottle,No,10,Bottle,,,,,,,,1
Face Scrub 100g,Exfoliating face scrub,Other,,tube,No,6,Tube,,,,,,,,1
Face Wash for Dry Skin 100ml,Hydrating face wash,Other,,bottle,No,10,Bottle,,,,,,,,1
Lip Balm SPF 15,Lip balm with sun protection,Other,,tube,No,6,Tube,,,,,,,,1
Under Eye Cream 15g,Under eye care cream,Other,,tube,No,6,Tube,,,,,,,,1
Micellar Cleansing Water 200ml,Micellar makeup remover,Other,,bottle,No,10,Bottle,,,,,,,,1
Face Cream with SPF 50g,Daily face cream with sun protection,Other,,tube,No,6,Tube,,,,,,,,1
Body Wash 250ml,Moisturising body wash,Other,,bottle,No,10,Bottle,,,,,,,,1
Medicated Soap 75g,Antibacterial medicated soap,Other,,bottle,No,10,Bottle,,,,,,,,1
Toner 100ml,Alcohol free skin toner,Other,,bottle,No,10,Bottle,,,,,,,,1
Night Cream 50g,Night repair cream,Other,,tube,No,6,Tube,,,,,,,,1
Neem Soap 75g,Neem bathing bar,Other,,bottle,No,10,Bottle,,,,,,,,1
Glycerin Soap 75g,Glycerin bathing bar,Other,,bottle,No,10,Bottle,,,,,,,,1
Sandalwood Soap 75g,Sandalwood bathing bar,Other,,bottle,No,10,Bottle,,,,,,,,1
Baby Soap 75g,Gentle baby soap,Other,,bottle,No,10,Bottle,,,,,,,,1
Hand Sanitizer 50ml Pocket,Alcohol based hand rub,Other,,bottle,No,10,Bottle,,,,,,,,1
Hand Wash Liquid 250ml,Antibacterial hand wash,Other,,bottle,No,10,Bottle,,,,,,,,1
Sanitary Pads Regular 10s,Sanitary napkins,Other,,box,No,5,Box,,,,,,,,1
Floor Disinfectant 500ml,Antiseptic floor cleaner,Other,,bottle,No,10,Bottle,,,,,,,,1
Surface Disinfectant 500ml,Household surface disinfectant,Other,,bottle,No,10,Bottle,,,,,,,,1
Panty Liners 20s,Daily panty liners,Other,,box,No,5,Box,,,,,,,,1
Tampons 10s,Tampons,Other,,box,No,5,Box,,,,,,,,1
Sanitary Pads XL 8s,Sanitary napkins extra long,Other,,box,No,5,Box,,,,,,,,1
Adult Diaper Large 10s,Adult diapers,Other,,box,No,5,Box,,,,,,,,1
Baby Diaper Small 24s,Baby diapers,Other,,box,No,5,Box,,,,,,,,1
Adult Diaper Pants Medium 10s,Adult pull up diapers,Other,,box,No,5,Box,,,,,,,,1
Underpads 60x90cm 10s,Disposable bed underpads,Other,,box,No,5,Box,,,,,,,,1
Condom Dotted 3s,Textured male condoms,Other,,box,No,5,Box,,,,,,,,1
Condom 10s,Male latex condoms,Other,,box,No,5,Box,,,,,,,,1
Baby Diaper Large 20s,Baby diapers,Other,,box,No,5,Box,,,,,,,,1
Baby Diaper Pants Medium 24s,Baby pull up diapers,Other,,box,No,5,Box,,,,,,,,1
Mercury Thermometer,Clinical mercury thermometer,Other,,box,No,10,Piece,,,,,,,,1
Pregnancy Test Strip,hCG urine test strip,Other,,box,No,10,Piece,,,,,,,,1
Personal Lubricant 50ml,Water based personal lubricant,Other,,bottle,No,10,Bottle,,,,,,,,1
Digital Thermometer Flexible Tip,Digital clinical thermometer,Other,,box,No,10,Piece,,,,,,,,1
BP Monitor Wrist,Wrist blood pressure monitor,Other,,box,No,10,Piece,,,,,,,,1
BP Monitor Cuff Large,Replacement BP cuff,Other,,box,No,10,Piece,,,,,,,,1
Hot Water Bottle with Cover,Rubber hot water bottle,Other,,box,No,10,Piece,,,,,,,,1
Steam Vaporiser,Electric steam vaporiser,Other,,box,No,10,Piece,,,,,,,,1
Nebuliser Kit Adult,Nebuliser mask and tubing,Other,,box,No,10,Piece,,,,,,,,1
Measuring Tape,Body measuring tape,Other,,box,No,10,Piece,,,,,,,,1
Pill Cutter,Tablet cutter,Other,,box,No,10,Piece,,,,,,,,1
Baby Weighing Scale,Digital infant weighing scale,Other,,box,No,10,Piece,,,,,,,,1
Heating Pad Electric,Electric heating pad,Other,,box,No,10,Piece,,,,,,,,1
Weighing Scale Digital,Digital personal weighing scale,Other,,box,No,10,Piece,,,,,,,,1
Pill Crusher,Tablet crusher,Other,,box,No,10,Piece,,,,,,,,1
Finger Cot,Disposable finger cots,Other,,box,No,10,Piece,,,,,,,,1
Medicine Box Monthly,Monthly pill organiser,Other,,box,No,10,Piece,,,,,,,,1
Eye Patch,Sterile eye pad,Other,,box,No,10,Piece,,,,,,,,1
Elbow Support Medium,Elbow support,Other,,box,No,10,Piece,,,,,,,,1
Elastic Ankle Support Large,Ankle support,Other,,box,No,10,Piece,,,,,,,,1
Shoulder Support,Shoulder immobiliser,Other,,box,No,10,Piece,,,,,,,,1
Cervical Pillow,Orthopaedic cervical pillow,Other,,box,No,10,Piece,,,,,,,,1
Maternity Support Belt,Pregnancy support belt,Other,,box,No,10,Piece,,,,,,,,1
Silicone Heel Cushion,Heel pain cushion,Other,,box,No,10,Piece,,,,,,,,1
Abdominal Belt Medium,Post operative abdominal belt,Other,,box,No,10,Piece,,,,,,,,1
Lumbar Cushion,Back support cushion,Other,,box,No,10,Piece,,,,,,,,1
Walking Stick Tripod,Tripod walking stick,Other,,box,No,10,Piece,,,,,,,,1
Toe Separator,Silicone toe separator,Other,,box,No,10,Piece,,,,,,,,1
Crutch Underarm Adjustable,Adjustable underarm crutch,Other,,box,No,10,Piece,,,,,,,,1
Bed Pan Plastic,Plastic bed pan,Other,,box,No,10,Piece,,,,,,,,1
Compression Stocking Knee High,Graduated compression stocking,Other,,box,No,10,Piece,,,,,,,,1
Reading Glasses +1.50,Ready reading glasses,Other,,box,No,10,Piece,,,,,,,,1
Urinal Male,Portable male urinal,Other,,box,No,10,Piece,,,,,,,,1
Reading Glasses +2.50,Ready reading glasses,Other,,box,No,10,Piece,,,,,,,,1
Reading Glasses +3.00,Ready reading glasses,Other,,box,No,10,Piece,,,,,,,,1
Air Mattress Anti Bedsore,Alternating pressure mattress,Other,,box,No,10,Piece,,,,,,,,1
Contact Lens Case,Contact lens storage case,Other,,box,No,10,Piece,,,,,,,,1
Contact Lens Solution 120ml,Multipurpose contact lens solution,Other,,bottle,No,10,Bottle,,,,,,,,1
Eye Mask Sleeping,Sleep eye mask,Other,,box,No,10,Piece,,,,,,,,1
Nail Cutter,Stainless steel nail cutter,Other,,box,No,10,Piece,,,,,,,,1
Tweezers,Stainless steel tweezers,Other,,box,No,10,Piece,,,,,,,,1
First Aid Kit Small,Home first aid kit,Other,,box,No,5,Box,,,,,,,,1
Ear Plugs Pair,Noise reduction ear plugs,Other,,box,No,10,Piece,,,,,,,,1
Mosquito Repellent Patch 12s,Mosquito repellent patches,Other,,box,No,5,Box,,,,,,,,1
Burn Dressing Gel Pad,Hydrogel burn dressing,Other,,box,No,10,Piece,,,,,,,,1
Mosquito Repellent Spray 100ml,Insect repellent spray,Other,,bottle,No,10,Bottle,,,,,,,,1
Safety Pins Pack,Safety pins,Other,,box,No,10,Piece,,,,,,,,1
Antiseptic Wipes 10s,Antiseptic cleansing wipes,Other,,box,No,5,Box,,,,,,,,1
Anti-Lice Comb,Fine tooth lice comb,Other,,bottle,No,10,Bottle,,,,,,,,1
Energy Drink 250ml,Glucose energy drink,Other,,bottle,No,10,Bottle,,,,,,,,1
Electrolyte Effervescent Tablets 10s,Electrolyte effervescent tablets,Other,,box,No,5,Box,,,,,,,,1
Protein Bar,High protein snack bar,Other,,box,No,5,Box,,,,,,,,1
Effervescent Vitamin C Tube 20s,Vitamin C effervescent tablets,Other,,box,No,5,Box,,,,,,,,1
Sugar Free Chocolate 50g,Sugar free chocolate,Other,,box,No,5,Box,,,,,,,,1
Diabetic Biscuits 200g,Sugar free biscuits,Other,,box,No,5,Box,,,,,,,,1
Coconut Water 200ml,Tender coconut water,Other,,bottle,No,10,Bottle,,,,,,,,1
Methyldopa 500mg,Methyldopa 500mg,Medicine,,tablet,No,100,Tablet,,Strip,10,,Box,10,,2
High Fibre Biscuits 200g,Digestive fibre biscuits,Other,,box,No,5,Box,,,,,,,,1
Hydralazine 25mg,Hydralazine 25mg,Medicine,,tablet,No,100,Tablet,,Strip,10,,Box,10,,2
Hydralazine 50mg,Hydralazine 50mg,Medicine,,tablet,No,100,Tablet,,Strip,10,,Box,10,,2
Minoxidil oral 10mg,Minoxidil oral 10mg,Medicine,,tablet,No,100,Tablet,,Strip,10,,Box,10,,2
Minoxidil oral 5mg,Minoxidil oral 5mg,Medicine,,tablet,No,100,Tablet,,Strip,10,,Box,10,,2
Eplerenone 25mg,Eplerenone 25mg,Medicine,,tablet,No,100,Tablet,,Strip,10,,Box,10,,2
Mexiletine 150mg,Mexiletine 150mg,Medicine,,tablet,No,100,Tablet,,Strip,10,,Box,10,,2
Eplerenone 50mg,Eplerenone 50mg,Medicine,,tablet,No,100,Tablet,,Strip,10,,Box,10,,2
Propafenone 150mg,Propafenone 150mg,Medicine,,tablet,No,100,Tablet,,Strip,10,,Box,10,,2
Dronedarone 400mg,Dronedarone 400mg,Medicine,,tablet,No,100,Tablet,,Strip,10,,Box,10,,2
Acetazolamide for oedema 250mg,Acetazolamide for oedema 250mg,Medicine,,tablet,No,100,Tablet,,Strip,10,,Box,10,,2
Metolazone 5mg,Metolazone 5mg,Medicine,,tablet,No,100,Tablet,,Strip,10,,Box,10,,2
Bosentan for scleroderma 62.5mg,Bosentan for scleroderma 62.5mg,Medicine,,tablet,No,100,Tablet,,Strip,10,,Box,10,,2
Moxonidine 0.2mg,Moxonidine 0.2mg,Medicine,,tablet,No,100,Tablet,,Strip,10,,Box,10,,2
Clonidine 150mcg,Clonidine 150mcg,Medicine,,tablet,No,100,Tablet,,Strip,10,,Box,10,,2
Moxonidine 0.4mg,Moxonidine 0.4mg,Medicine,,tablet,No,100,Tablet,,Strip,10,,Box,10,,2
Nicardia Retard 20,Nifedipine 20mg,Medicine,JB Chemicals,tablet,No,100,Tablet,,Strip,10,,Box,10,,2
Nicardia Retard 10,Nifedipine 10mg,Medicine,JB Chemicals,tablet,No,100,Tablet,,Strip,10,,Box,10,,2
Depin 10,Nifedipine 10mg,Medicine,Zydus,tablet,No,100,Tablet,,Strip,10,,Box,10,,2
Depin 5,Nifedipine 5mg,Medicine,Zydus,tablet,No,100,Tablet,,Strip,10,,Box,10,,2
Cardiopril 5,Ramipril 5mg,Medicine,Torrent,tablet,No,100,Tablet,,Strip,10,,Box,10,,2
Cardiopril 2.5,Ramipril 2.5mg,Medicine,Torrent,tablet,No,100,Tablet,,Strip,10,,Box,10,,2
Coversyl 4,Perindopril 4mg,Medicine,Serdia,tablet,No,100,Tablet,,Strip,10,,Box,10,,2
Coversyl 8,Perindopril 8mg,Medicine,Serdia,tablet,No,100,Tablet,,Strip,10,,Box,10,,2
Angiotensin 50,Losartan Potassium 50mg,Medicine,Alkem,tablet,No,100,Tablet,,Strip,10,,Box,10,,2
Angiotensin 25,Losartan Potassium 25mg,Medicine,Alkem,tablet,No,100,Tablet,,Strip,10,,Box,10,,2
Amlodipine 5mg + Telmisartan 80mg,Amlodipine + Telmisartan,Medicine,,tablet,No,100,Tablet,,Strip,10,,Box,10,,2
Cilnidipine 10mg + Telmisartan 40mg,Cilnidipine + Telmisartan,Medicine,,tablet,No,100,Tablet,,Strip,10,,Box,10,,2
Amlodipine 5mg + Olmesartan 40mg,Amlodipine + Olmesartan,Medicine,,tablet,No,100,Tablet,,Strip,10,,Box,10,,2
Amlodipine 5mg + Metoprolol 50mg,Amlodipine + Metoprolol,Medicine,,tablet,No,100,Tablet,,Strip,10,,Box,10,,2
Ramipril 5mg + Amlodipine 5mg,Ramipril + Amlodipine,Medicine,,tablet,No,100,Tablet,,Strip,10,,Box,10,,2
Bisoprolol 5mg + Amlodipine 5mg,Bisoprolol + Amlodipine,Medicine,,tablet,No,100,Tablet,,Strip,10,,Box,10,,2
Losartan 50mg + Amlodipine 5mg,Losartan + Amlodipine,Medicine,,tablet,No,100,Tablet,,Strip,10,,Box,10,,2
Olmesartan 20mg + Chlorthalidone 12.5mg,Olmesartan + Chlorthalidone,Medicine,,tablet,No,100,Tablet,,Strip,10,,Box,10,,2
Valsartan 80mg + Hydrochlorothiazide 12.5mg,Valsartan + Hydrochlorothiazide,Medicine,,tablet,No,100,Tablet,,Strip,10,,Box,10,,2
Irbesartan 150mg + Hydrochlorothiazide 12.5mg,Irbesartan + Hydrochlorothiazide,Medicine,,tablet,No,100,Tablet,,Strip,10,,Box,10,,2
Trimebutine 100mg,Trimebutine 100mg,Medicine,,tablet,No,100,Tablet,,Strip,10,,Box,10,,2
Otilonium Bromide 40mg,Otilonium Bromide 40mg,Medicine,,tablet,No,100,Tablet,,Strip,10,,Box,10,,2
Trimebutine 200mg,Trimebutine 200mg,Medicine,,tablet,No,100,Tablet,,Strip,10,,Box,10,,2
Teneligliptin for renal 10mg,Teneligliptin for renal 10mg,Medicine,,tablet,No,100,Tablet,,Strip,10,,Box,10,,2
Roflumilast 250mcg,Roflumilast 250mcg,Medicine,,tablet,No,100,Tablet,,Strip,10,,Box,10,,2
Alverine Citrate 60mg,Alverine Citrate 60mg,Medicine,,tablet,No,100,Tablet,,Strip,10,,Box,10,,2
Roflumilast 500mcg,Roflumilast 500mcg,Medicine,,tablet,No,100,Tablet,,Strip,10,,Box,10,,2
Zafirlukast 10mg,Zafirlukast 10mg,Medicine,,tablet,No,100,Tablet,,Strip,10,,Box,10,,2
Ketotifen for asthma 2mg,Ketotifen for asthma 2mg,Medicine,,tablet,No,100,Tablet,,Strip,10,,Box,10,,2
Zafirlukast 20mg,Zafirlukast 20mg,Medicine,,tablet,No,100,Tablet,,Strip,10,,Box,10,,2
Prednisolone for asthma 5mg,Prednisolone for asthma 5mg,Medicine,,tablet,No,100,Tablet,,Strip,10,,Box,10,,2
Carbocisteine Syrup 100ml,Carbocisteine 250mg/5ml,Medicine,,bottle,No,10,Bottle,,,,,,,,1
Carbocisteine 375mg,Carbocisteine 375mg,Medicine,,tablet,No,100,Tablet,,Strip,10,,Box,10,,2
Levodropropizine 60mg,Levodropropizine 60mg,Medicine,,tablet,No,100,Tablet,,Strip,10,,Box,10,,2
Guaifenesin 100mg,Guaifenesin 100mg,Medicine,,tablet,No,100,Tablet,,Strip,10,,Box,10,,2
Levodropropizine Syrup 100ml,Levodropropizine 30mg/5ml,Medicine,,bottle,No,10,Bottle,,,,,,,,1
Guaifenesin 200mg,Guaifenesin 200mg,Medicine,,tablet,No,100,Tablet,,Strip,10,,Box,10,,2
Pholcodine 5mg,Pholcodine 5mg,Medicine,,tablet,No,100,Tablet,,Strip,10,,Box,10,,2
Dextromethorphan 15mg,Dextromethorphan 15mg,Medicine,,tablet,No,100,Tablet,,Strip,10,,Box,10,,2
Dextromethorphan 30mg,Dextromethorphan 30mg,Medicine,,tablet,No,100,Tablet,,Strip,10,,Box,10,,2
Trazodone 25mg,Trazodone 25mg,Medicine,,tablet,No,100,Tablet,,Strip,10,,Box,10,,2
Benzonatate 100mg,Benzonatate 100mg,Medicine,,tablet,No,100,Tablet,,Strip,10,,Box,10,,2
Agomelatine 25mg,Agomelatine 25mg,Medicine,,tablet,No,100,Tablet,,Strip,10,,Box,10,,2
Trazodone 100mg,Trazodone 100mg,Medicine,,tablet,No,100,Tablet,,Strip,10,,Box,10,,2
Trazodone 50mg,Trazodone 50mg,Medicine,,tablet,No,100,Tablet,,Strip,10,,Box,10,,2
Lurasidone 20mg,Lurasidone 20mg,Medicine,,tablet,No,100,Tablet,,Strip,10,,Box,10,,2
Lurasidone 40mg,Lurasidone 40mg,Medicine,,tablet,No,100,Tablet,,Strip,10,,Box,10,,2
Asenapine 5mg,Asenapine 5mg,Medicine,,tablet,No,100,Tablet,,Strip,10,,Box,10,,2
Lurasidone 80mg,Lurasidone 80mg,Medicine,,tablet,No,100,Tablet,,Strip,10,,Box,10,,2
Asenapine 10mg,Asenapine 10mg,Medicine,,tablet,No,100,Tablet,,Strip,10,,Box,10,,2
Paliperidone ER 3mg,Paliperidone ER 3mg,Medicine,,tablet,No,100,Tablet,,Strip,10,,Box,10,,2
Paliperidone ER 6mg,Paliperidone ER 6mg,Medicine,,tablet,No,100,Tablet,,Strip,10,,Box,10,,2
Zuclopenthixol 10mg,Zuclopenthixol 10mg,Medicine,,tablet,No,100,Tablet,,Strip,10,,Box,10,,2
Paliperidone ER 9mg,Paliperidone ER 9mg,Medicine,,tablet,No,100,Tablet,,Strip,10,,Box,10,,2
Sulpiride 50mg,Sulpiride 50mg,Medicine,,tablet,No,100,Tablet,,Strip,10,,Box,10,,2
Zuclopenthixol 25mg,Zuclopenthixol 25mg,Medicine,,tablet,No,100,Tablet,,Strip,10,,Box,10,,2
Pimozide 1mg,Pimozide 1mg,Medicine,,tablet,No,100,Tablet,,Strip,10,,Box,10,,2
Sulpiride 200mg,Sulpiride 200mg,Medicine,,tablet,No,100,Tablet,,Strip,10,,Box,10,,2
Pimozide 2mg,Pimozide 2mg,Medicine,,tablet,No,100,Tablet,,Strip,10,,Box,10,,2
Thioridazine 10mg,Thioridazine 10mg,Medicine,,tablet,No,100,Tablet,,Strip,10,,Box,10,,2
Thioridazine 25mg,Thioridazine 25mg,Medicine,,tablet,No,100,Tablet,,Strip,10,,Box,10,,2
Clomipramine 25mg,Clomipramine 25mg,Medicine,,tablet,No,100,Tablet,,Strip,10,,Box,10,,2
Clomipramine 50mg,Clomipramine 50mg,Medicine,,tablet,No,100,Tablet,,Strip,10,,Box,10,,2
Doxepin 25mg,Doxepin 25mg,Medicine,,tablet,No,100,Tablet,,Strip,10,,Box,10,,2
Doxepin 75mg,Doxepin 75mg,Medicine,,tablet,No,100,Tablet,,Strip,10,,Box,10,,2
Milnacipran 50mg,Milnacipran 50mg,Medicine,,tablet,No,100,Tablet,,Strip,10,,Box,10,,2
Milnacipran 25mg,Milnacipran 25mg,Medicine,,tablet,No,100,Tablet,,Strip,10,,Box,10,,2
Tianeptine 12.5mg,Tianeptine 12.5mg,Medicine,,tablet,No,100,Tablet,,Strip,10,,Box,10,,2
Levosulpiride for dyspepsia 25mg,Levosulpiride for dyspepsia 25mg,Medicine,,tablet,No,100,Tablet,,Strip,10,,Box,10,,2
Selegiline 5mg,Selegiline 5mg,Medicine,,tablet,No,100,Tablet,,Strip,10,,Box,10,,2
Etifoxine 50mg,Etifoxine 50mg,Medicine,,tablet,No,100,Tablet,,Strip,10,,Box,10,,2
Flupentixol 0.5mg,Flupentixol 0.5mg,Medicine,,tablet,No,100,Tablet,,Strip,10,,Box,10,,2
Pregabalin for fibromyalgia 50mg,Pregabalin for fibromyalgia 50mg,Medicine,,tablet,No,100,Tablet,,Strip,10,,Box,10,,2
Duloxetine for fibromyalgia 30mg,Duloxetine for fibromyalgia 30mg,Medicine,,tablet,No,100,Tablet,,Strip,10,,Box,10,,2
Clonidine for ADHD 100mcg,Clonidine for ADHD 100mcg,Medicine,,tablet,No,100,Tablet,,Strip,10,,Box,10,,2
Guanfacine 2mg,Guanfacine 2mg,Medicine,,tablet,No,100,Tablet,,Strip,10,,Box,10,,2
Guanfacine 1mg,Guanfacine 1mg,Medicine,,tablet,No,100,Tablet,,Strip,10,,Box,10,,2
Sultamicillin 375mg,Sultamicillin 375mg,Medicine,,tablet,No,100,Tablet,,Strip,10,,Box,10,,2
Cefditoren 200mg,Cefditoren 200mg,Medicine,,tablet,No,100,Tablet,,Strip,10,,Box,10,,2
Cefprozil 250mg,Cefprozil 250mg,Medicine,,tablet,No,100,Tablet,,Strip,10,,Box,10,,2
Cefprozil 500mg,Cefprozil 500mg,Medicine,,tablet,No,100,Tablet,,Strip,10,,Box,10,,2
Cefaclor 250mg,Cefaclor 250mg,Medicine,,tablet,No,100,Tablet,,Strip,10,,Box,10,,2
Cefaclor 500mg,Cefaclor 500mg,Medicine,,tablet,No,100,Tablet,,Strip,10,,Box,10,,2
Fosfomycin 3g,Fosfomycin 3g,Medicine,,tablet,No,100,Tablet,,Strip,10,,Box,10,,2
Cefaclor Dry Syrup 30ml,Cefaclor 125mg/5ml,Medicine,,bottle,No,10,Bottle,,,,,,,,1
Nitrofurantoin MR 100mg,Nitrofurantoin MR 100mg,Medicine,,tablet,No,100,Tablet,,Strip,10,,Box,10,,2
Trimethoprim 100mg,Trimethoprim 100mg,Medicine,,tablet,No,100,Tablet,,Strip,10,,Box,10,,2
Trimethoprim 200mg,Trimethoprim 200mg,Medicine,,tablet,No,100,Tablet,,Strip,10,,Box,10,,2
Chloramphenicol 250mg,Chloramphenicol 250mg,Medicine,,tablet,No,100,Tablet,,Strip,10,,Box,10,,2
Chloramphenicol 500mg,Chloramphenicol 500mg,Medicine,,tablet,No,100,Tablet,,Strip,10,,Box,10,,2
Spiramycin 1.5 MIU,Spiramycin 1.5 MIU,Medicine,,tablet,No,100,Tablet,,Strip,10,,Box,10,,2
Josamycin 500mg,Josamycin 500mg,Medicine,,tablet,No,100,Tablet,,Strip,10,,Box,10,,2
Spiramycin 3 MIU,Spiramycin 3 MIU,Medicine,,tablet,No,100,Tablet,,Strip,10,,Box,10,,2
Fidaxomicin 200mg,Fidaxomicin 200mg,Medicine,,tablet,No,100,Tablet,,Strip,10,,Box,10,,2
Dapsone for leprosy 50mg,Dapsone for leprosy 50mg,Medicine,,tablet,No,100,Tablet,,Strip,10,,Box,10,,2
Clofazimine 100mg,Clofazimine 100mg,Medicine,,tablet,No,100,Tablet,,Strip,10,,Box,10,,2
Clofazimine 50mg,Clofazimine 50mg,Medicine,,tablet,No,100,Tablet,,Strip,10,,Box,10,,2
Amoxicillin for H pylori 1000mg,Amoxicillin for H pylori 1000mg,Medicine,,tablet,No,100,Tablet,,Strip,10,,Box,10,,2
Rifapentine 150mg,Rifapentine 150mg,Medicine,,tablet,No,100,Tablet,,Strip,10,,Box,10,,2
Miltefosine 50mg,Miltefosine 50mg,Medicine,,tablet,No,100,Tablet,,Strip,10,,Box,10,,2
Miltefosine 10mg,Miltefosine 10mg,Medicine,,tablet,No,100,Tablet,,Strip,10,,Box,10,,2
Sodium Stibogluconate Injection 30ml,Sodium Stibogluconate 100mg/ml,Medicine,,vial,No,10,Vial,,,,,,,,1
Albendazole for hydatid 400mg,Albendazole for hydatid 400mg,Medicine,,tablet,No,100,Tablet,,Strip,10,,Box,10,,2
Levamisole 50mg,Levamisole 50mg,Medicine,,tablet,No,100,Tablet,,Strip,10,,Box,10,,2
Triclabendazole 250mg,Triclabendazole 250mg,Medicine,,tablet,No,100,Tablet,,Strip,10,,Box,10,,2
Levamisole 150mg,Levamisole 150mg,Medicine,,tablet,No,100,Tablet,,Strip,10,,Box,10,,2
Niclosamide 500mg,Niclosamide 500mg,Medicine,,tablet,No,100,Tablet,,Strip,10,,Box,10,,2
Terbinafine for onychomycosis 250mg,Terbinafine for onychomycosis 250mg,Medicine,,tablet,No,100,Tablet,,Strip,10,,Box,10,,2
Fluconazole weekly 300mg,Fluconazole weekly 300mg,Medicine,,tablet,No,100,Tablet,,Strip,10,,Box,10,,2
Benzoyl Peroxide 4% Gel 20g,Benzoyl Peroxide 4% gel,Medicine,,tube,No,6,Tube,,,,,,,,1
Ivermectin 1% Cream 30g,Ivermectin 1% topical cream,Medicine,,tube,No,6,Tube,,,,,,,,1
Nicotinamide 4% Gel 15g,Nicotinamide 4% topical gel,Medicine,,tube,No,6,Tube,,,,,,,,1
Erythromycin 4% Gel 15g,Erythromycin 4% topical gel,Medicine,,tube,No,6,Tube,,,,,,,,1
Metronidazole 1% Gel for rosacea 30g,Metronidazole 1% gel,Medicine,,tube,No,6,Tube,,,,,,,,1
Zinc Pyrithione Soap 75g,Zinc Pyrithione medicated soap,Medicine,,tube,No,6,Tube,,,,,,,,1
Ammonium Lactate 12% Lotion 100ml,Ammonium Lactate 12% lotion,Medicine,,tube,No,6,Tube,,,,,,,,1
Sulphur Ointment 30g,Sulphur 6% ointment,Medicine,,tube,No,6,Tube,,,,,,,,1
Coal Tar Soap 75g,Coal tar medicated soap,Medicine,,tube,No,6,Tube,,,,,,,,1
Zinc Oxide Paste 50g,Zinc oxide paste,Medicine,,tube,No,6,Tube,,,,,,,,1
Glycerin Magnesium Sulphate Paste 50g,Magnesium sulphate paste,Medicine,,tube,No,6,Tube,,,,,,,,1
Niacinamide 10% Serum 30ml,Niacinamide topical serum,Medicine,,tube,No,6,Tube,,,,,,,,1
Hyaluronic Acid Serum 30ml,Hyaluronic acid topical serum,Medicine,,tube,No,6,Tube,,,,,,,,1
Tranexamic Acid Topical Solution 30ml,Tranexamic acid for melasma,Medicine,,tube,No,6,Tube,,,,,,,,1
Hydroquinone 4% with Sunscreen Cream 20g,Hydroquinone with sunscreen,Medicine,,tube,No,6,Tube,,,,,,,,1
Sodium Chloride 5% Eye Drops 5ml,Hypertonic saline eye drops,Medicine,,drops,No,6,Bottle,,,,,,,,1
Salicylic Acid 2% Serum 30ml,Salicylic acid serum,Medicine,,tube,No,6,Tube,,,,,,,,1
Sodium Chloride 5% Eye Ointment 3.5g,Hypertonic saline eye ointment,Medicine,,tube,No,6,Tube,,,,,,,,1
Retinol 0.3% Serum 30ml,Retinol topical serum,Medicine,,tube,No,6,Tube,,,,,,,,1
Naphazoline Eye Drops 10ml,Naphazoline eye drops,Medicine,,drops,No,6,Bottle,,,,,,,,1
Homatropine Eye Drops 5ml,Homatropine 2% eye drops,Medicine,,drops,No,6,Bottle,,,,,,,,1
Phenylephrine Eye Drops 5ml,Phenylephrine 10% eye drops,Medicine,,drops,No,6,Bottle,,,,,,,,1
Zinc Sulphate + Boric Acid Eye Drops 10ml,Astringent eye drops,Medicine,,drops,No,6,Bottle,,,,,,,,1
Vitamin D3 2000 IU Chewable,Cholecalciferol 2000 IU chewable,Medicine,,tablet,No,100,Tablet,,Strip,10,,Box,10,,2
Calcium 500mg + Magnesium + Zinc + Vitamin D3,Bone health formulation,Medicine,,tablet,No,100,Tablet,,Strip,10,,Box,10,,2
Sodium Chromoglycate + Naphazoline Eye Drops,Anti-allergic eye drops,Medicine,,drops,No,6,Bottle,,,,,,,,1
Potassium + Magnesium Tablet,Potassium with magnesium supplement,Medicine,,tablet,No,100,Tablet,,Strip,10,,Box,10,,2
Magnesium + Vitamin B6 Tablet,Magnesium with Vitamin B6,Medicine,,tablet,No,100,Tablet,,Strip,10,,Box,10,,2
Iron + Vitamin C Tablet,Iron with Vitamin C,Medicine,,tablet,No,100,Tablet,,Strip,10,,Box,10,,2
Vitamin D3 with K2-7 Capsule,Cholecalciferol with Menaquinone-7,Medicine,,capsule,No,100,Capsule,,Strip,10,,Box,10,,2
Thiamine 300mg,Thiamine 300mg,Medicine,,tablet,No,100,Tablet,,Strip,10,,Box,10,,2
Iron + Folic Acid Sachet,Iron with folic acid powder,Medicine,,sachet,No,30,Sachet,,Strip,10,,Box,10,,2
Riboflavin 400mg,Riboflavin 400mg,Medicine,,tablet,No,100,Tablet,,Strip,10,,Box,10,,2
Nicotinamide Riboside Capsule,Nicotinamide Riboside supplement,Medicine,,capsule,No,100,Capsule,,Strip,10,,Box,10,,2
Choline Bitartrate 250mg,Choline Bitartrate 250mg,Medicine,,tablet,No,100,Tablet,,Strip,10,,Box,10,,2
Inositol 500mg,Inositol 500mg,Medicine,,tablet,No,100,Tablet,,Strip,10,,Box,10,,2
Betaine 500mg,Betaine anhydrous 500mg,Medicine,,capsule,No,100,Capsule,,Strip,10,,Box,10,,2
N-Acetylcysteine 300mg,N-Acetylcysteine 300mg,Medicine,,tablet,No,100,Tablet,,Strip,10,,Box,10,,2
Resveratrol 100mg,Resveratrol 100mg,Medicine,,capsule,No,100,Capsule,,Strip,10,,Box,10,,2
Quercetin 250mg,Quercetin 250mg,Medicine,,capsule,No,100,Capsule,,Strip,10,,Box,10,,2
Grape Seed Extract 100mg,Grape seed extract,Medicine,,capsule,No,100,Capsule,,Strip,10,,Box,10,,2
Green Tea Extract 500mg,Green tea extract,Medicine,,capsule,No,100,Capsule,,Strip,10,,Box,10,,2
Protein with Vitamins Sachet 25g,Protein supplement sachet,Other,,sachet,No,30,Sachet,,Strip,10,,Box,10,,2
Vitamin D3 + Calcium + Vitamin K2 Soft Gel,Bone health soft gelatin capsule,Medicine,,capsule,No,100,Capsule,,Strip,10,,Box,10,,2
Fibre Supplement Sachet,Dietary fibre supplement,Other,,sachet,No,30,Sachet,,Strip,10,,Box,10,,2
Multivitamin for Men Tablet,Multivitamin formulated for men,Medicine,,tablet,No,100,Tablet,,Strip,10,,Box,10,,2
Multivitamin for Women Tablet,Multivitamin formulated for women,Medicine,,tablet,No,100,Tablet,,Strip,10,,Box,10,,2
Multivitamin for Seniors Tablet,Multivitamin for the elderly,Medicine,,tablet,No,100,Tablet,,Strip,10,,Box,10,,2
Ecosprin-AV 20,Aspirin with Atorvastatin 20mg,Medicine,USV,tablet,No,100,Tablet,,Strip,10,,Box,10,,2
Dilzem SR 90,Diltiazem SR 90mg,Medicine,Torrent,tablet,No,100,Tablet,,Strip,10,,Box,10,,2
Dilzem SR 120,Diltiazem SR 120mg,Medicine,Torrent,tablet,No,100,Tablet,,Strip,10,,Box,10,,2
Nicardia 5,Nifedipine 5mg,Medicine,JB Chemicals,tablet,No,100,Tablet,,Strip,10,,Box,10,,2
Espirit 5,Escitalopram 5mg,Medicine,Torrent,tablet,No,100,Tablet,,Strip,10,,Box,10,,2
Espirit 10,Escitalopram 10mg,Medicine,Torrent,tablet,No,100,Tablet,,Strip,10,,Box,10,,2
Serta 25,Sertraline 25mg,Medicine,Torrent,tablet,No,100,Tablet,,Strip,10,,Box,10,,2
Espirit 20,Escitalopram 20mg,Medicine,Torrent,tablet,No,100,Tablet,,Strip,10,,Box,10,,2
Oleanz Rapitab 5,Olanzapine 5mg,Medicine,Sun Pharma,tablet,No,100,Tablet,,Strip,10,,Box,10,,2
Serta 100,Sertraline 100mg,Medicine,Torrent,tablet,No,100,Tablet,,Strip,10,,Box,10,,2
Oleanz Rapitab 10,Olanzapine 10mg,Medicine,Sun Pharma,tablet,No,100,Tablet,,Strip,10,,Box,10,,2
Qutipin SR 100,Quetiapine SR 100mg,Medicine,Sun Pharma,tablet,No,100,Tablet,,Strip,10,,Box,10,,2
Qutipin SR 200,Quetiapine SR 200mg,Medicine,Sun Pharma,tablet,No,100,Tablet,,Strip,10,,Box,10,,2
Qutipin SR 50,Quetiapine SR 50mg,Medicine,Sun Pharma,tablet,No,100,Tablet,,Strip,10,,Box,10,,2
Levoday 500,Levetiracetam 500mg,Medicine,Torrent,tablet,No,100,Tablet,,Strip,10,,Box,10,,2
Levoday 250,Levetiracetam 250mg,Medicine,Torrent,tablet,No,100,Tablet,,Strip,10,,Box,10,,2
Levoday 1000,Levetiracetam 1000mg,Medicine,Torrent,tablet,No,100,Tablet,,Strip,10,,Box,10,,2
Zeptol CR 300,Carbamazepine CR 300mg,Medicine,Sun Pharma,tablet,No,100,Tablet,,Strip,10,,Box,10,,2
Zeptol CR 200,Carbamazepine CR 200mg,Medicine,Sun Pharma,tablet,No,100,Tablet,,Strip,10,,Box,10,,2
Epilex Chrono 200,Sodium Valproate 200mg,Medicine,Sanofi,tablet,No,100,Tablet,,Strip,10,,Box,10,,2
Zeptol CR 400,Carbamazepine CR 400mg,Medicine,Sun Pharma,tablet,No,100,Tablet,,Strip,10,,Box,10,,2
Topamac 25,Topiramate 25mg,Medicine,Janssen,tablet,No,100,Tablet,,Strip,10,,Box,10,,2
Epilex Chrono 500,Sodium Valproate 500mg,Medicine,Sanofi,tablet,No,100,Tablet,,Strip,10,,Box,10,,2
Epilex Chrono 300,Sodium Valproate 300mg,Medicine,Sanofi,tablet,No,100,Tablet,,Strip,10,,Box,10,,2
Topamac 50,Topiramate 50mg,Medicine,Janssen,tablet,No,100,Tablet,,Strip,10,,Box,10,,2
Frisium 5,Clobazam 5mg,Medicine,Sanofi,tablet,No,100,Tablet,,Strip,10,,Box,10,,2
Topamac 100,Topiramate 100mg,Medicine,Janssen,tablet,No,100,Tablet,,Strip,10,,Box,10,,2
Frisium 20,Clobazam 20mg,Medicine,Sanofi,tablet,No,100,Tablet,,Strip,10,,Box,10,,2
Rivotril 2,Clonazepam 2mg,Medicine,Roche,tablet,Yes,100,Tablet,,Strip,10,,Box,10,,2
Sizopin 50,Clozapine 50mg,Medicine,Sun Pharma,tablet,No,100,Tablet,,Strip,10,,Box,10,,2
Sizopin 25,Clozapine 25mg,Medicine,Sun Pharma,tablet,No,100,Tablet,,Strip,10,,Box,10,,2
Sizopin 100,Clozapine 100mg,Medicine,Sun Pharma,tablet,No,100,Tablet,,Strip,10,,Box,10,,2
Arip 5,Aripiprazole 5mg,Medicine,Intas,tablet,No,100,Tablet,,Strip,10,,Box,10,,2
Arip 15,Aripiprazole 15mg,Medicine,Intas,tablet,No,100,Tablet,,Strip,10,,Box,10,,2
Arip 20,Aripiprazole 20mg,Medicine,Intas,tablet,No,100,Tablet,,Strip,10,,Box,10,,2
Prothiaden 75,Dosulepin 75mg,Medicine,Abbott,tablet,No,100,Tablet,,Strip,10,,Box,10,,2
Prothiaden 25,Dosulepin 25mg,Medicine,Abbott,tablet,No,100,Tablet,,Strip,10,,Box,10,,2
AASMA XR-150MG,,Medicine,,tablet,No,100,Tablet,,Strip,10,,Box,10,,2
ABHAYRAB- INJ.(ANTI RABIES),,Medicine,,vial,No,10,Vial,,,,,,,,1
ACAR-25MG,,Medicine,,tablet,No,100,Tablet,,Strip,10,,Box,10,,2
ABEN SUSP.,,Medicine,,bottle,No,10,Bottle,,,,,,,,1
ACAR-50MG,,Medicine,,tablet,No,100,Tablet,,Strip,10,,Box,10,,2
ACBOZ-25,,Medicine,,tablet,No,100,Tablet,,Strip,10,,Box,10,,2
ACE-125MG SUPPOSITORIES,,Medicine,,box,No,10,Piece,,,,,,,,1
ACE-250MG SUPPOSITORIES,,Medicine,,box,No,10,Piece,,,,,,,,1
ACENAC SR 200 MG,,Medicine,,tablet,No,100,Tablet,,Strip,10,,Box,10,,2
ACECLO-100MG,,Medicine,,tablet,No,100,Tablet,,Strip,10,,Box,10,,2
ACFEN-100 MG,,Medicine,,tablet,No,100,Tablet,,Strip,10,,Box,10,,2
ACFEN-200SR,,Medicine,,tablet,No,100,Tablet,,Strip,10,,Box,10,,2
ACILOC INJ.,,Medicine,,vial,No,10,Vial,,,,,,,,1
ACIV-800MG,,Medicine,,tablet,No,100,Tablet,,Strip,10,,Box,10,,2
ACIV CREAM,,Medicine,,tube,No,6,Tube,,,,,,,,1
ACLOV SYP,,Medicine,,bottle,No,10,Bottle,,,,,,,,1
ACNE DERMA FACE WASH,,Medicine,,bottle,No,10,Bottle,,,,,,,,1
ACLOV CREAM 10 G,,Medicine,,tube,No,6,Tube,,,,,,,,1
ACNEGUARD FACE WASH GEL-50GRAM,,Medicine,,tube,No,6,Tube,,,,,,,,1
ACNESCAR,,Medicine,,tablet,No,100,Tablet,,Strip,10,,Box,10,,2
ACTICET TAB.,,Medicine,,tablet,No,100,Tablet,,Strip,10,,Box,10,,2
ACULAR LS OPTHALMIC SOL'N,,Medicine,,tablet,No,100,Tablet,,Strip,10,,Box,10,,2
ADACLIN GEL,,Medicine,,tube,No,6,Tube,,,,,,,,1
AFLAM SYRUP 50 ML,,Medicine,,bottle,No,10,Bottle,,,,,,,,1
AIRTEC FB 200,,Medicine,,tablet,No,100,Tablet,,Strip,10,,Box,10,,2
AER POCKET,,Medicine,,tablet,No,100,Tablet,,Strip,10,,Box,10,,2
AIRTEC FB 400 MCG,,Medicine,,tablet,No,100,Tablet,,Strip,10,,Box,10,,2
AIWIBI DIAPER NB,,Medicine,,tablet,No,100,Tablet,,Strip,10,,Box,10,,2
AIWIBI DIAPER M,,Medicine,,tablet,No,100,Tablet,,Strip,10,,Box,10,,2
AIWIBI XL 36,,Medicine,,tablet,No,100,Tablet,,Strip,10,,Box,10,,2
ALDACE 25MG,,Medicine,,tablet,No,100,Tablet,,Strip,10,,Box,10,,2
ALBICAN .V GEL,,Medicine,,tube,No,6,Tube,,,,,,,,1
ALERNIL Suspension,,Medicine,,bottle,No,10,Bottle,,,,,,,,1
ALERSEF 5,,Medicine,,tablet,No,100,Tablet,,Strip,10,,Box,10,,2
ALEX PLUS PEAD DROP 15ML,,Medicine,,drops,No,6,Bottle,,,,,,,,1
ALIN-10MG,,Medicine,,tablet,No,100,Tablet,,Strip,10,,Box,10,,2
ALERSET SYP,,Medicine,,bottle,No,10,Bottle,,,,,,,,1
ALL OUT REFILL,,Medicine,,tablet,No,100,Tablet,,Strip,10,,Box,10,,2
ALL OUT MACHINE,,Medicine,,tablet,No,100,Tablet,,Strip,10,,Box,10,,2
ALSARTAN-50MG,,Medicine,,tablet,No,100,Tablet,,Strip,10,,Box,10,,2
ALORA-10MG,,Medicine,,tablet,No,100,Tablet,,Strip,10,,Box,10,,2
AM CLAV 375,,Medicine,,tablet,No,100,Tablet,,Strip,10,,Box,10,,2
ALZIN TAB,,Medicine,,tablet,No,100,Tablet,,Strip,10,,Box,10,,2
AM-CLAV-625MG,,Medicine,,tablet,No,100,Tablet,,Strip,10,,Box,10,,2
AMACE-100 MG,,Medicine,,tablet,No,100,Tablet,,Strip,10,,Box,10,,2
AMBRODIL DROPS,,Medicine,,drops,No,6,Bottle,,,,,,,,1
AMBRODIL SYRUP,,Medicine,,bottle,No,10,Bottle,,,,,,,,1
AMBRODIL TAB,,Medicine,,tablet,No,100,Tablet,,Strip,10,,Box,10,,2
AMCOBAL 1500 DT,,Medicine,,tablet,No,100,Tablet,,Strip,10,,Box,10,,2
AMCAB-5MG,,Medicine,,tablet,No,100,Tablet,,Strip,10,,Box,10,,2
AMFAST-5MG,,Medicine,,tablet,No,100,Tablet,,Strip,10,,Box,10,,2
AMFAST-AT,,Medicine,,tablet,No,100,Tablet,,Strip,10,,Box,10,,2
AMFAST-L,,Medicine,,tablet,No,100,Tablet,,Strip,10,,Box,10,,2
AMILAX TAB,,Medicine,,tablet,No,100,Tablet,,Strip,10,,Box,10,,2
AMLOD AT,,Medicine,,tablet,No,100,Tablet,,Strip,10,,Box,10,,2
AMFAST-LH,,Medicine,,tablet,No,100,Tablet,,Strip,10,,Box,10,,2
AMLOD-2.5MG,,Medicine,,tablet,No,100,Tablet,,Strip,10,,Box,10,,2
AMLOD-L,,Medicine,,tablet,No,100,Tablet,,Strip,10,,Box,10,,2
AMLOD-5MG,,Medicine,,tablet,No,100,Tablet,,Strip,10,,Box,10,,2
AMLONG-A,,Medicine,,tablet,No,100,Tablet,,Strip,10,,Box,10,,2
AMLOD-LH,,Medicine,,tablet,No,100,Tablet,,Strip,10,,Box,10,,2
AMTAS-2.5MG,,Medicine,,tablet,No,100,Tablet,,Strip,10,,Box,10,,2
AMTAS AT,,Medicine,,tablet,No,100,Tablet,,Strip,10,,Box,10,,2
AMTAS-5MG,,Medicine,,tablet,No,100,Tablet,,Strip,10,,Box,10,,2
ANASEN-500 MG DT,,Medicine,,tablet,No,100,Tablet,,Strip,10,,Box,10,,2
ANKLE BINDER MEDIUM(FLAMINGO),,Medicine,,tablet,No,100,Tablet,,Strip,10,,Box,10,,2
ANOMYCETIN EYE OINTMENT,,Medicine,,tube,No,6,Tube,,,,,,,,1
ANTI THYROX 5,,Medicine,,tablet,No,100,Tablet,,Strip,10,,Box,10,,2
ANTI THYROX 10,,Medicine,,tablet,No,100,Tablet,,Strip,10,,Box,10,,2
APET-4MG,,Medicine,,tablet,No,100,Tablet,,Strip,10,,Box,10,,2
ANTIKOF TABLET,,Medicine,,tablet,No,100,Tablet,,Strip,10,,Box,10,,2
APET SYRUP-100ML,,Medicine,,bottle,No,10,Bottle,,,,,,,,1
APETONE-100ML,,Medicine,,bottle,No,10,Bottle,,,,,,,,1
ARBITEL-20MG,,Medicine,,tablet,No,100,Tablet,,Strip,10,,Box,10,,2
APETONE-200ML,,Medicine,,bottle,No,10,Bottle,,,,,,,,1
ARBO-50MG,,Medicine,,tablet,No,100,Tablet,,Strip,10,,Box,10,,2
ARCETRIN -10 MG,,Medicine,,tablet,No,100,Tablet,,Strip,10,,Box,10,,2
ARBIVIT 3 DROPS,,Medicine,,drops,No,6,Bottle,,,,,,,,1
ARHEX GARGLE 100ML,,Medicine,,bottle,No,10,Bottle,,,,,,,,1
ARFUS-B CREAM 10GM,,Medicine,,tube,No,6,Tube,,,,,,,,1
ARDOCIN 10,,Medicine,,tablet,No,100,Tablet,,Strip,10,,Box,10,,2
ARGEL (ANTAACID) 170 ML,,Medicine,,bottle,No,10,Bottle,,,,,,,,1
ARISTOZYME CAP,,Medicine,,capsule,No,100,Capsule,,Strip,10,,Box,10,,2
ARM SLINF LARGE SIZE,,Medicine,,tablet,No,100,Tablet,,Strip,10,,Box,10,,2
ARISTOZYME 200ML,,Medicine,,bottle,No,10,Bottle,,,,,,,,1
ARM SLING MEDIUM SIZE,,Medicine,,tablet,No,100,Tablet,,Strip,10,,Box,10,,2
ARMETRO-400 MG,,Medicine,,tablet,No,100,Tablet,,Strip,10,,Box,10,,2
ARNIMS 100,,Medicine,,tablet,No,100,Tablet,,Strip,10,,Box,10,,2
AROVIA-M 50/500,,Medicine,,tablet,No,100,Tablet,,Strip,10,,Box,10,,2
AROVIA-M 50/1000,,Medicine,,tablet,No,100,Tablet,,Strip,10,,Box,10,,2
ARSIL DX 100 ML,,Medicine,,bottle,No,10,Bottle,,,,,,,,1
AROVIT 60K,,Medicine,,tablet,No,100,Tablet,,Strip,10,,Box,10,,2
ARSIL D,,Medicine,,tablet,No,100,Tablet,,Strip,10,,Box,10,,2
ARYADINE 10% SOLUTION (BETADINE )100ML),,Medicine,,bottle,No,10,Bottle,,,,,,,,1
ARSOL SYRUP-100ML,,Medicine,,bottle,No,10,Bottle,,,,,,,,1
ARYADINE 5% SOLUTION 30ML,,Medicine,,bottle,No,10,Bottle,,,,,,,,1
ARVAST-10MG,,Medicine,,tablet,No,100,Tablet,,Strip,10,,Box,10,,2
ASCOR SERUM,,Medicine,,tablet,No,100,Tablet,,Strip,10,,Box,10,,2
ARYADINE GARGLE,,Medicine,,bottle,No,10,Bottle,,,,,,,,1
ARYAGRA - 50 MG,,Medicine,,tablet,No,100,Tablet,,Strip,10,,Box,10,,2
ASCORIL - BT,,Medicine,,tablet,No,100,Tablet,,Strip,10,,Box,10,,2
ASCORIL-D SYRUP,,Medicine,,bottle,No,10,Bottle,,,,,,,,1
ASOM-40MG,,Medicine,,tablet,No,100,Tablet,,Strip,10,,Box,10,,2
ASTAT-20MG,,Medicine,,tablet,No,100,Tablet,,Strip,10,,Box,10,,2
ASTAT-10MG,,Medicine,,tablet,No,100,Tablet,,Strip,10,,Box,10,,2
ATECARD-D,,Medicine,,tablet,No,100,Tablet,,Strip,10,,Box,10,,2
ASTHALIN RESPULES,,Medicine,,box,No,5,Inhaler,,,,,,,,1
ASTHALIN ROTACAPS,,Medicine,,box,No,5,Inhaler,,,,,,,,1
ASTHALIN INHALER,,Medicine,,box,No,5,Inhaler,,,,,,,,1
ATOR-20MG,,Medicine,,tablet,No,100,Tablet,,Strip,10,,Box,10,,2
ATORFIT 10MG,,Medicine,,tablet,No,100,Tablet,,Strip,10,,Box,10,,2
ATOR-10MG,,Medicine,,tablet,No,100,Tablet,,Strip,10,,Box,10,,2
ATORTIN-10MG,,Medicine,,tablet,No,100,Tablet,,Strip,10,,Box,10,,2
ATORTIN-20MG,,Medicine,,tablet,No,100,Tablet,,Strip,10,,Box,10,,2
AVASTOR 10,,Medicine,,tablet,No,100,Tablet,,Strip,10,,Box,10,,2
AZILEB 100MG DS,,Medicine,,tablet,No,100,Tablet,,Strip,10,,Box,10,,2
AXAPARA INJ,,Medicine,,vial,No,10,Vial,,,,,,,,1
AZIEWL 500,,Medicine,,tablet,No,100,Tablet,,Strip,10,,Box,10,,2
AZIMIN 500,,Medicine,,tablet,No,100,Tablet,,Strip,10,,Box,10,,2
AZIREST-500MG,,Medicine,,tablet,No,100,Tablet,,Strip,10,,Box,10,,2
AZITHRO 250 MG TAB,,Medicine,,tablet,No,100,Tablet,,Strip,10,,Box,10,,2
AZITECH 200/30ML,,Medicine,,bottle,No,10,Bottle,,,,,,,,1
AZITHRAL-100MG SUSP,,Medicine,,bottle,No,10,Bottle,,,,,,,,1
AZITHRAL-200MG SUSP,,Medicine,,bottle,No,10,Bottle,,,,,,,,1
AZITHRO-100MG SUSPENSION,,Medicine,,bottle,No,10,Bottle,,,,,,,,1
AZITHRO-200 SUSP,,Medicine,,bottle,No,10,Bottle,,,,,,,,1
AZOCIN-500MG,,Medicine,,tablet,No,100,Tablet,,Strip,10,,Box,10,,2
AZITHRO 500 MG,,Medicine,,tablet,No,100,Tablet,,Strip,10,,Box,10,,2
AZONE-500MG,,Medicine,,tablet,No,100,Tablet,,Strip,10,,Box,10,,2
AZRO - 200 MG,,Medicine,,tablet,No,100,Tablet,,Strip,10,,Box,10,,2
BABY DOLL TOOTH BRUSH,,Medicine,,tablet,No,100,Tablet,,Strip,10,,Box,10,,2
BABY EAR BUDS,,Medicine,,tablet,No,100,Tablet,,Strip,10,,Box,10,,2
B.P. MACHINE TD-3124B(U-RIGHT),,Medicine,,tablet,No,100,Tablet,,Strip,10,,Box,10,,2
BABY MASK,,Medicine,,tablet,No,100,Tablet,,Strip,10,,Box,10,,2
BABY RUB,,Medicine,,tablet,No,100,Tablet,,Strip,10,,Box,10,,2
BABY U SHANED TOOTHBRUSH,,Medicine,,tablet,No,100,Tablet,,Strip,10,,Box,10,,2
BABY SOAP,,Medicine,,box,No,10,Piece,,,,,,,,1
BABY TOOTH BRUSH,,Medicine,,tablet,No,100,Tablet,,Strip,10,,Box,10,,2
BABYRUB VICKS,,Medicine,,tablet,No,100,Tablet,,Strip,10,,Box,10,,2
BACFEN 10,,Medicine,,tablet,No,100,Tablet,,Strip,10,,Box,10,,2
BABYTONE DROPS-60ML,,Medicine,,drops,No,6,Bottle,,,,,,,,1
BALAMRIT 110 ML,,Medicine,,bottle,No,10,Bottle,,,,,,,,1
BELLADONA TAPE,,Medicine,,tablet,No,100,Tablet,,Strip,10,,Box,10,,2
BATHING HAT,,Medicine,,tablet,No,100,Tablet,,Strip,10,,Box,10,,2
BECTO-500MG,,Medicine,,tablet,No,100,Tablet,,Strip,10,,Box,10,,2
BENFOT - 150 MG,,Medicine,,tablet,No,100,Tablet,,Strip,10,,Box,10,,2
BENAKOF-BM 100,,Medicine,,tablet,No,100,Tablet,,Strip,10,,Box,10,,2
BENZEX PLUS,,Medicine,,tablet,No,100,Tablet,,Strip,10,,Box,10,,2
BENPEROX GEL,,Medicine,,tube,No,6,Tube,,,,,,,,1
BENTAB 400,,Medicine,,tablet,No,100,Tablet,,Strip,10,,Box,10,,2
BENZEX-2MG,,Medicine,,tablet,No,100,Tablet,,Strip,10,,Box,10,,2
BETADINE-500ML,,Medicine,,bottle,No,10,Bottle,,,,,,,,1
BETA-2 (SALBUTAMOL SYRUP ),,Medicine,,bottle,No,10,Bottle,,,,,,,,1
BETA-2 EXPECTORANT,,Medicine,,tablet,No,100,Tablet,,Strip,10,,Box,10,,2
BETADINE OINTMENT,,Medicine,,tube,No,6,Tube,,,,,,,,1
BETAGEN-N CREAM-20GM,,Medicine,,tube,No,6,Tube,,,,,,,,1
BEXOVIT TAB,,Medicine,,tablet,No,100,Tablet,,Strip,10,,Box,10,,2
BETAGEN C CREAM,,Medicine,,tube,No,6,Tube,,,,,,,,1
BETNOR E/E DROPS,,Medicine,,drops,No,6,Bottle,,,,,,,,1
BETAGEN OINT-15G.,,Medicine,,tube,No,6,Tube,,,,,,,,1
BETASALIC OINT-20GR.,,Medicine,,tube,No,6,Tube,,,,,,,,1
BIFILAC CASPSULES,,Medicine,,tablet,No,100,Tablet,,Strip,10,,Box,10,,2
BICO-Z SYP 200ML,,Medicine,,bottle,No,10,Bottle,,,,,,,,1
BHASKARZYME 100 ML,,Medicine,,bottle,No,10,Bottle,,,,,,,,1
BHASKARZYME-200 ML,,Medicine,,bottle,No,10,Bottle,,,,,,,,1
BIOLAC CAP,,Medicine,,capsule,No,100,Capsule,,Strip,10,,Box,10,,2
BIFILAC DRY SYRUP 50 ML,,Medicine,,bottle,No,10,Bottle,,,,,,,,1
BISOLOL-5MG,,Medicine,,tablet,No,100,Tablet,,Strip,10,,Box,10,,2
BORIC ACID-20GMS,,Medicine,,tablet,No,100,Tablet,,Strip,10,,Box,10,,2
BORO PLUS OINTMENT,,Medicine,,tube,No,6,Tube,,,,,,,,1
BOROLINE 40G,,Medicine,,tablet,No,100,Tablet,,Strip,10,,Box,10,,2
BOROLINE SMALL,,Medicine,,tablet,No,100,Tablet,,Strip,10,,Box,10,,2
BOROLINE CREAM,,Medicine,,tube,No,6,Tube,,,,,,,,1
BRANTON-500MG,,Medicine,,tablet,No,100,Tablet,,Strip,10,,Box,10,,2
BRICA BM (PEDIA),,Medicine,,tablet,No,100,Tablet,,Strip,10,,Box,10,,2
BRICA BM ( ADULT),,Medicine,,tablet,No,100,Tablet,,Strip,10,,Box,10,,2
BREAST PUMP,,Medicine,,tablet,No,100,Tablet,,Strip,10,,Box,10,,2
BRUCET TAB.,,Medicine,,tablet,No,100,Tablet,,Strip,10,,Box,10,,2
BRONCHODYNE SYRUP -100 ML,,Medicine,,bottle,No,10,Bottle,,,,,,,,1
BRUFLAM,,Medicine,,tablet,No,100,Tablet,,Strip,10,,Box,10,,2
BUDECORT-400 ROTACAPS,,Medicine,,box,No,5,Inhaler,,,,,,,,1
BUDECORT RES.0.5MG*************,,Medicine,,tablet,No,100,Tablet,,Strip,10,,Box,10,,2
BRUFLAM SUSPENSION 60 ML,,Medicine,,bottle,No,10,Bottle,,,,,,,,1
BUDECORT-200ROTACAPS,,Medicine,,tablet,No,100,Tablet,,Strip,10,,Box,10,,2
CAFCET TAB,,Medicine,,tablet,No,100,Tablet,,Strip,10,,Box,10,,2
BUSCOREST INJ,,Medicine,,vial,No,10,Vial,,,,,,,,1
BUSTOP -100ML,,Medicine,,bottle,No,10,Bottle,,,,,,,,1
BUSTOP 200ML,,Medicine,,bottle,No,10,Bottle,,,,,,,,1
CALCIGEN F TAB,,Medicine,,tablet,No,100,Tablet,,Strip,10,,Box,10,,2
CALCIMAX TAB,,Medicine,,tablet,No,100,Tablet,,Strip,10,,Box,10,,2
CALAMINA LOTION-100ML,,Medicine,,bottle,No,10,Bottle,,,,,,,,1
CALCIROL GRANULES,,Medicine,,sachet,No,30,Sachet,,Strip,10,,Box,10,,2
CALDOZ-D,,Medicine,,tablet,No,100,Tablet,,Strip,10,,Box,10,,2
CALCITATE TAB,,Medicine,,tablet,No,100,Tablet,,Strip,10,,Box,10,,2
CALVIT CCM,,Medicine,,tablet,No,100,Tablet,,Strip,10,,Box,10,,2
CALSUP-500MG,,Medicine,,tablet,No,100,Tablet,,Strip,10,,Box,10,,2
CALIN LOTION-100ML,,Medicine,,bottle,No,10,Bottle,,,,,,,,1
CAMLO-5MG,,Medicine,,tablet,No,100,Tablet,,Strip,10,,Box,10,,2
CALVIT-SUSP.,,Medicine,,bottle,No,10,Bottle,,,,,,,,1
CALVIT-500MG,,Medicine,,tablet,No,100,Tablet,,Strip,10,,Box,10,,2
CANDIBIOTIC EAR DROPS,,Medicine,,drops,No,6,Bottle,,,,,,,,1
CAMLO-L TAB.,,Medicine,,tablet,No,100,Tablet,,Strip,10,,Box,10,,2
CANDICON CREAM,,Medicine,,tube,No,6,Tube,,,,,,,,1
CANDID B CREAM,,Medicine,,tube,No,6,Tube,,,,,,,,1
CANDID POWDER-50GR.,,Medicine,,sachet,No,30,Sachet,,Strip,10,,Box,10,,2
CANDID EAR DROPS,,Medicine,,drops,No,6,Bottle,,,,,,,,1
CANDID MOUTH PAINT,,Medicine,,tablet,No,100,Tablet,,Strip,10,,Box,10,,2
CANDID TV LOTION,,Medicine,,bottle,No,10,Bottle,,,,,,,,1
CANDID- V GEL,,Medicine,,tube,No,6,Tube,,,,,,,,1
CARDIVIT TAB,,Medicine,,tablet,No,100,Tablet,,Strip,10,,Box,10,,2
CAREPRIM-DS,,Medicine,,tablet,No,100,Tablet,,Strip,10,,Box,10,,2
CARECLOX CAPSULE,,Medicine,,capsule,No,100,Capsule,,Strip,10,,Box,10,,2
CAREAGE CAP.,,Medicine,,capsule,No,100,Capsule,,Strip,10,,Box,10,,2
CAREPROST EYE DREOP,,Medicine,,tablet,No,100,Tablet,,Strip,10,,Box,10,,2
CARTIMINE,,Medicine,,tablet,No,100,Tablet,,Strip,10,,Box,10,,2
CEBAY-50 D/S,,Medicine,,tablet,No,100,Tablet,,Strip,10,,Box,10,,2
CEBAY DROPS,,Medicine,,drops,No,6,Bottle,,,,,,,,1
CEBAY-100 D/S,,Medicine,,tablet,No,100,Tablet,,Strip,10,,Box,10,,2
CB 12 INJ.,,Medicine,,vial,No,10,Vial,,,,,,,,1
CEFADYAL 500 MG,,Medicine,,tablet,No,100,Tablet,,Strip,10,,Box,10,,2
CEFDOX-200MG,,Medicine,,tablet,No,100,Tablet,,Strip,10,,Box,10,,2
CEFTRIAXONE MJ-1GM.,,Medicine,,tablet,No,100,Tablet,,Strip,10,,Box,10,,2
CEPODEM 50 MG DS,,Medicine,,tablet,No,100,Tablet,,Strip,10,,Box,10,,2
CEFWAR 100 DS,,Medicine,,tablet,No,100,Tablet,,Strip,10,,Box,10,,2
CERELAC 10+ (MIXED FRUIT),,Medicine,,tablet,No,100,Tablet,,Strip,10,,Box,10,,2
CEREGROW 2.5-5 YERS,,Medicine,,tablet,No,100,Tablet,,Strip,10,,Box,10,,2
CERELAC 12+ (MULTI GRAINS 5 FRUITS),,Medicine,,tablet,No,100,Tablet,,Strip,10,,Box,10,,2
CETAFIL SUN 50 +,,Medicine,,tablet,No,100,Tablet,,Strip,10,,Box,10,,2
CERELAC 6+ WHEAT APPLE,,Medicine,,tablet,No,100,Tablet,,Strip,10,,Box,10,,2
CERELAC 18+,,Medicine,,tablet,No,100,Tablet,,Strip,10,,Box,10,,2
CETAPHIL MOISTURISING LOTION-100ML,,Medicine,,bottle,No,10,Bottle,,,,,,,,1
CETOPHEN 500,,Medicine,,tablet,No,100,Tablet,,Strip,10,,Box,10,,2
CETASPIRE 500 MG,,Medicine,,tablet,No,100,Tablet,,Strip,10,,Box,10,,2
CHX MOUTH WASH,,Medicine,,bottle,No,10,Bottle,,,,,,,,1
CHLORDINE MOUTH WASH,,Medicine,,bottle,No,10,Bottle,,,,,,,,1
CETOPHEN SUSP,,Medicine,,bottle,No,10,Bottle,,,,,,,,1
CHIUREE NEEM SOAP,,Medicine,,box,No,10,Piece,,,,,,,,1
CHOLORDINE ORAL RINSE 100 ML,,Medicine,,bottle,No,10,Bottle,,,,,,,,1
CHYAWANPRASH -500 GM,,Medicine,,tablet,No,100,Tablet,,Strip,10,,Box,10,,2
CHYMORAL FORTE,,Medicine,,tablet,No,100,Tablet,,Strip,10,,Box,10,,2
CHYMOSIN FORTE,,Medicine,,tablet,No,100,Tablet,,Strip,10,,Box,10,,2
CICIN-500MG,,Medicine,,tablet,No,100,Tablet,,Strip,10,,Box,10,,2
CIAFLO-10,,Medicine,,tablet,No,100,Tablet,,Strip,10,,Box,10,,2
CHYMOSIN TAB,,Medicine,,tablet,No,100,Tablet,,Strip,10,,Box,10,,2
CIFROX EYE/EAR DROP,,Medicine,,drops,No,6,Bottle,,,,,,,,1
CIPRO-500 MG,,Medicine,,tablet,No,100,Tablet,,Strip,10,,Box,10,,2
CINVERT 25,,Medicine,,tablet,No,100,Tablet,,Strip,10,,Box,10,,2
CIPRO-CENT OINTMENT,,Medicine,,tube,No,6,Tube,,,,,,,,1
CLAVAM 1.2G INJ.,,Medicine,,vial,No,10,Vial,,,,,,,,1
CIZODOL-0.25MG,,Medicine,,tablet,No,100,Tablet,,Strip,10,,Box,10,,2
CLEAN & CLEAR FACEWASH 50ML,,Medicine,,bottle,No,10,Bottle,,,,,,,,1
CLEARSIL OINT 40%,,Medicine,,tube,No,6,Tube,,,,,,,,1
CLAVAM FORTE D/S 30ML,,Medicine,,bottle,No,10,Bottle,,,,,,,,1
CLAVAM DRY SYRUP,,Medicine,,bottle,No,10,Bottle,,,,,,,,1
CLEANZOL CREAM,,Medicine,,tube,No,6,Tube,,,,,,,,1
CLEARTAN SPRAY,,Medicine,,bottle,No,10,Bottle,,,,,,,,1
CLEVER CHEK-25X2ST,,Medicine,,tablet,No,100,Tablet,,Strip,10,,Box,10,,2
CLINCIN GEL 15G.,,Medicine,,tube,No,6,Tube,,,,,,,,1
CLINPAR-A,,Medicine,,tablet,No,100,Tablet,,Strip,10,,Box,10,,2
CLOBACT 500 MG,,Medicine,,tablet,No,100,Tablet,,Strip,10,,Box,10,,2
CLOBEN-G,,Medicine,,tablet,No,100,Tablet,,Strip,10,,Box,10,,2
CLOBETASOL S OINT,,Medicine,,tube,No,6,Tube,,,,,,,,1
CLODERM CREAM-10G,,Medicine,,tube,No,6,Tube,,,,,,,,1
CLOBTDERM GM 10GM,,Medicine,,tablet,No,100,Tablet,,Strip,10,,Box,10,,2
CLODERM CREAM-30GM,,Medicine,,tube,No,6,Tube,,,,,,,,1
CLODERM G 30GM.,,Medicine,,tablet,No,100,Tablet,,Strip,10,,Box,10,,2
CLODERM-G CREAM 10GM,,Medicine,,tube,No,6,Tube,,,,,,,,1
CLODERM-S OINT,,Medicine,,tube,No,6,Tube,,,,,,,,1
CLONAZ-0.25MG,,Medicine,,tablet,Yes,100,Tablet,,Strip,10,,Box,10,,2
CLOXTN 500 MG,,Medicine,,tablet,No,100,Tablet,,Strip,10,,Box,10,,2
CLOVE OIL,,Medicine,,bottle,No,10,Bottle,,,,,,,,1
CLONAZ-0.5MG,,Medicine,,tablet,Yes,100,Tablet,,Strip,10,,Box,10,,2
COBAVIT 200 ML,,Medicine,,bottle,No,10,Bottle,,,,,,,,1
COAGRIV 20,,Medicine,,tablet,No,100,Tablet,,Strip,10,,Box,10,,2
CMDID DUSTING POWDER,,Medicine,,sachet,No,30,Sachet,,Strip,10,,Box,10,,2
COCHINE-0.5MG,,Medicine,,tablet,No,100,Tablet,,Strip,10,,Box,10,,2
CODOCET TAB,,Medicine,,tablet,No,100,Tablet,,Strip,10,,Box,10,,2
COCONUT EXTRA VERGIN,,Medicine,,tablet,No,100,Tablet,,Strip,10,,Box,10,,2
CODOMOL,,Medicine,,tablet,No,100,Tablet,,Strip,10,,Box,10,,2
CODOPAR,,Medicine,,tablet,No,100,Tablet,,Strip,10,,Box,10,,2
COLIN GLASS CLEANER,,Medicine,,tablet,No,100,Tablet,,Strip,10,,Box,10,,2
COLICSPAM 60 ML,,Medicine,,bottle,No,10,Bottle,,,,,,,,1
COFSY-D SYRUP-100ML,,Medicine,,bottle,No,10,Bottle,,,,,,,,1
COLDONEX TAB,,Medicine,,tablet,No,100,Tablet,,Strip,10,,Box,10,,2
CONAZOL 150 CAP,,Medicine,,capsule,No,100,Capsule,,Strip,10,,Box,10,,2
CONDOM (KADA),,Medicine,,tablet,No,100,Tablet,,Strip,10,,Box,10,,2
CORN HIT CORN CAPS,,Medicine,,capsule,No,100,Capsule,,Strip,10,,Box,10,,2
CORTILONE-10MG,,Medicine,,tablet,No,100,Tablet,,Strip,10,,Box,10,,2
CORTILONE-2.5 MG,,Medicine,,tablet,No,100,Tablet,,Strip,10,,Box,10,,2
CORTILONE-40MG,,Medicine,,tablet,No,100,Tablet,,Strip,10,,Box,10,,2
CORTILONE-5MG,,Medicine,,tablet,No,100,Tablet,,Strip,10,,Box,10,,2
CORTILONE-20MG,,Medicine,,tablet,No,100,Tablet,,Strip,10,,Box,10,,2
COTARYL 50G,,Medicine,,tablet,No,100,Tablet,,Strip,10,,Box,10,,2
COTTON BANDAGE,,Medicine,,tablet,No,100,Tablet,,Strip,10,,Box,10,,2
COSTER CREAM 15G.,,Medicine,,tube,No,6,Tube,,,,,,,,1
COTTON-400GR.,,Medicine,,tablet,No,100,Tablet,,Strip,10,,Box,10,,2
COTTON-15 GM,,Medicine,,tablet,No,100,Tablet,,Strip,10,,Box,10,,2
COTTON-50GM,,Medicine,,tablet,No,100,Tablet,,Strip,10,,Box,10,,2
CREMAFFIN SUSP.,,Medicine,,bottle,No,10,Bottle,,,,,,,,1
CREMAFFIN PLUS,,Medicine,,tablet,No,100,Tablet,,Strip,10,,Box,10,,2
CREPE BANDAGE 3 INCH,,Medicine,,tablet,No,100,Tablet,,Strip,10,,Box,10,,2
CRUX SYRUP-100ML,,Medicine,,bottle,No,10,Bottle,,,,,,,,1
"CREPE BANDAGE-6""",,Medicine,,tablet,No,100,Tablet,,Strip,10,,Box,10,,2
CTZ SYRUP 30 ML,,Medicine,,bottle,No,10,Bottle,,,,,,,,1
CTZ TABLET-10 MG,,Medicine,,tablet,No,100,Tablet,,Strip,10,,Box,10,,2
CULOSE 100 ML,,Medicine,,bottle,No,10,Bottle,,,,,,,,1
CUPROXEN-500MG,,Medicine,,tablet,No,100,Tablet,,Strip,10,,Box,10,,2
CUCUMBER & COCONUT SOAP(HIMALAYA),,Medicine,,box,No,10,Piece,,,,,,,,1
CUTICARE CREAM-15GM,,Medicine,,tube,No,6,Tube,,,,,,,,1
D-PAIN TAB,,Medicine,,tablet,No,100,Tablet,,Strip,10,,Box,10,,2
CYCLOPAM DROPS,,Medicine,,drops,No,6,Bottle,,,,,,,,1
CYCLO-MPS -30 ML,,Medicine,,bottle,No,10,Bottle,,,,,,,,1
DABUR HONEY 100G,,Medicine,,tablet,No,100,Tablet,,Strip,10,,Box,10,,2
DABUR TOOTH PASTE 75G,,Medicine,,tube,No,6,Tube,,,,,,,,1
D.F.O. GEL,,Medicine,,tube,No,6,Tube,,,,,,,,1
DABUR LAL TAIL 200ML,,Medicine,,bottle,No,10,Bottle,,,,,,,,1
DAPA 5,,Medicine,,tablet,No,100,Tablet,,Strip,10,,Box,10,,2
DAPA 10,,Medicine,,tablet,No,100,Tablet,,Strip,10,,Box,10,,2
DAFODIL 10,,Medicine,,tablet,No,100,Tablet,,Strip,10,,Box,10,,2
DE-COLD,,Medicine,,tablet,No,100,Tablet,,Strip,10,,Box,10,,2
DAPOXI - 30,,Medicine,,tablet,No,100,Tablet,,Strip,10,,Box,10,,2
DCR-50MG,,Medicine,,tablet,No,100,Tablet,,Strip,10,,Box,10,,2
DECON-S (NASAL DROP ),,Medicine,,drops,No,6,Bottle,,,,,,,,1
DECON NASAL DROP,,Medicine,,drops,No,6,Bottle,,,,,,,,1
DECON - P,,Medicine,,tablet,No,100,Tablet,,Strip,10,,Box,10,,2
DE-COlD SYRUP-60ML,,Medicine,,bottle,No,10,Bottle,,,,,,,,1
DELIKOF SYP 100 ML,,Medicine,,bottle,No,10,Bottle,,,,,,,,1
DEFLACORT 6MG,,Medicine,,tablet,No,100,Tablet,,Strip,10,,Box,10,,2
DELCONE TAB,,Medicine,,tablet,No,100,Tablet,,Strip,10,,Box,10,,2
DELISPRIN-150MG,,Medicine,,tablet,No,100,Tablet,,Strip,10,,Box,10,,2
DELSTA TAB,,Medicine,,tablet,No,100,Tablet,,Strip,10,,Box,10,,2
DELIVERY PAD,,Medicine,,tablet,No,100,Tablet,,Strip,10,,Box,10,,2
DELISPRIN-75MG,,Medicine,,tablet,No,100,Tablet,,Strip,10,,Box,10,,2
DELYTE 10,,Medicine,,tablet,No,100,Tablet,,Strip,10,,Box,10,,2
DELTA GEL-10G.,,Medicine,,tube,No,6,Tube,,,,,,,,1
DEMO GEL,,Medicine,,tube,No,6,Tube,,,,,,,,1
DENOVO XT TAB,,Medicine,,tablet,No,100,Tablet,,Strip,10,,Box,10,,2
DENTAL FLOSS 60MTR.(65.6YARDS),,Medicine,,tablet,No,100,Tablet,,Strip,10,,Box,10,,2
DENTAL FLUR,,Medicine,,tablet,No,100,Tablet,,Strip,10,,Box,10,,2
DERM SHINE ANTI-ACNE F/W 100ML,,Medicine,,bottle,No,10,Bottle,,,,,,,,1
DERM SHINE MOIST CREAM 100GM,,Medicine,,tube,No,6,Tube,,,,,,,,1
DERM SHINE ANTI HAIRFALL AN 250 ML,,Medicine,,bottle,No,10,Bottle,,,,,,,,1
DERM SHINE EXTRA VERGIN COCONUT OIL,,Medicine,,bottle,No,10,Bottle,,,,,,,,1
DEPO-MEDROL 80MG(2ML) INJ,,Medicine,,vial,No,10,Vial,,,,,,,,1
DERM SHINE MINERAL TINTED S 50ML,,Medicine,,bottle,No,10,Bottle,,,,,,,,1
DERM SHINE SKIN BRIGHT MOIS 50GM,,Medicine,,tablet,No,100,Tablet,,Strip,10,,Box,10,,2
DERM SHINE NIACINAMIDE SERU 30ML,,Medicine,,bottle,No,10,Bottle,,,,,,,,1
DERM SHINE VIT-C SERUM 20ML,,Medicine,,bottle,No,10,Bottle,,,,,,,,1
DERM SHINE SUNSCREEN GEL 50 ML,,Medicine,,tube,No,6,Tube,,,,,,,,1
DERMA MOIST,,Medicine,,tablet,No,100,Tablet,,Strip,10,,Box,10,,2
DERMAMOIST LOTION-60GR.,,Medicine,,bottle,No,10,Bottle,,,,,,,,1
DETTOL 125 ML,,Medicine,,bottle,No,10,Bottle,,,,,,,,1
DETTOL HAND WASH REFILL 700ML,,Medicine,,bottle,No,10,Bottle,,,,,,,,1
DETTOL 250 ML,,Medicine,,bottle,No,10,Bottle,,,,,,,,1
DETTOL HAND WASH REFILL RS 126,,Medicine,,bottle,No,10,Bottle,,,,,,,,1
DETTOL 60 ML,,Medicine,,bottle,No,10,Bottle,,,,,,,,1
DETTOL SOAP 50G,,Medicine,,box,No,10,Piece,,,,,,,,1
DETTOLE LIQ 1 LITER,,Medicine,,tablet,No,100,Tablet,,Strip,10,,Box,10,,2
DETTOL SOAP,,Medicine,,box,No,10,Piece,,,,,,,,1
DETTOL LIQ HANDWASH,,Medicine,,tablet,No,100,Tablet,,Strip,10,,Box,10,,2
DFLOZ-10,,Medicine,,tablet,No,100,Tablet,,Strip,10,,Box,10,,2
DIABIN 0.3,,Medicine,,tablet,No,100,Tablet,,Strip,10,,Box,10,,2
DEVOMINE,,Medicine,,tablet,No,100,Tablet,,Strip,10,,Box,10,,2
DIAPER ADULTS 10'S MEDIUM--P,,Medicine,,tablet,No,100,Tablet,,Strip,10,,Box,10,,2
DIAPER ADULT 10PCS-M/L-V,,Medicine,,tablet,No,100,Tablet,,Strip,10,,Box,10,,2
DIAPRIDE-M4 FORTE,,Medicine,,tablet,No,100,Tablet,,Strip,10,,Box,10,,2
DIAPRIDE M2 FORTE,,Medicine,,tablet,No,100,Tablet,,Strip,10,,Box,10,,2
DIAPER RASH CREAM,,Medicine,,tube,No,6,Tube,,,,,,,,1
DIAPRIDE M 0.5,,Medicine,,tablet,No,100,Tablet,,Strip,10,,Box,10,,2
DICFEN PLUS GEL 5 GM,,Medicine,,tube,No,6,Tube,,,,,,,,1
DIARLOCK FORTE,,Medicine,,tablet,No,100,Tablet,,Strip,10,,Box,10,,2
DIARLOCK SUSP,,Medicine,,bottle,No,10,Bottle,,,,,,,,1
DICFEN GEL-30GM.,,Medicine,,tube,No,6,Tube,,,,,,,,1
DICLOBACK-50MG,,Medicine,,tablet,No,100,Tablet,,Strip,10,,Box,10,,2
DICLOBACK PLUS-30GM,,Medicine,,tablet,No,100,Tablet,,Strip,10,,Box,10,,2
DICLOBACK-100MG,,Medicine,,tablet,No,100,Tablet,,Strip,10,,Box,10,,2
DIGITAL THERMOMETER NORMAL,,Medicine,,tablet,No,100,Tablet,,Strip,10,,Box,10,,2
DIGITAL THERMOMETER (MICROLIFE),,Medicine,,tablet,No,100,Tablet,,Strip,10,,Box,10,,2
DIGITAL THERMOMETER- GENT X,,Medicine,,tablet,No,100,Tablet,,Strip,10,,Box,10,,2
DIUMIDE 40,,Medicine,,tablet,No,100,Tablet,,Strip,10,,Box,10,,2
DILZEM-90MG SR,,Medicine,,tablet,No,100,Tablet,,Strip,10,,Box,10,,2
DIMPLE INJ,,Medicine,,vial,No,10,Vial,,,,,,,,1
DLIZA -5,,Medicine,,tablet,No,100,Tablet,,Strip,10,,Box,10,,2
DIZONE-250MG,,Medicine,,tablet,No,100,Tablet,,Strip,10,,Box,10,,2
DJ-CITRAL-100ML,,Medicine,,bottle,No,10,Bottle,,,,,,,,1
DOLOFEN SR-100MG,,Medicine,,tablet,No,100,Tablet,,Strip,10,,Box,10,,2
DNS-500ML(VIAFLEX/BAXTER),,Medicine,,bottle,No,10,Bottle,,,,,,,,1
DOLOPAR,,Medicine,,tablet,No,100,Tablet,,Strip,10,,Box,10,,2
DOMEL MT-10MG,,Medicine,,tablet,No,100,Tablet,,Strip,10,,Box,10,,2
DOMITAB,,Medicine,,tablet,No,100,Tablet,,Strip,10,,Box,10,,2
DOMFAST 10 DT,,Medicine,,tablet,No,100,Tablet,,Strip,10,,Box,10,,2
DOVERIN-40MG,,Medicine,,tablet,No,100,Tablet,,Strip,10,,Box,10,,2
DR CONSULTATION,,Medicine,,tablet,No,100,Tablet,,Strip,10,,Box,10,,2
DOXYLENE-100MG,,Medicine,,tablet,No,100,Tablet,,Strip,10,,Box,10,,2
DROSPAN 80,,Medicine,,tablet,No,100,Tablet,,Strip,10,,Box,10,,2
DRESSING CHARGE,,Medicine,,tablet,No,100,Tablet,,Strip,10,,Box,10,,2
DR.MOS CREAM-80GM,,Medicine,,tube,No,6,Tube,,,,,,,,1
DS 2K,,Medicine,,tablet,No,100,Tablet,,Strip,10,,Box,10,,2
DROVIT 2K,,Medicine,,tablet,No,100,Tablet,,Strip,10,,Box,10,,2
DUFKING BZ SHAMPOO,,Medicine,,bottle,No,10,Bottle,,,,,,,,1
DUOLUTON L TAB,,Medicine,,tablet,No,100,Tablet,,Strip,10,,Box,10,,2
DUVANTA 20,,Medicine,,tablet,No,100,Tablet,,Strip,10,,Box,10,,2
DV 2K,,Medicine,,tablet,No,100,Tablet,,Strip,10,,Box,10,,2
DURATAZ-4.5 INJ.,,Medicine,,vial,No,10,Vial,,,,,,,,1
DYSMEF FORTE,,Medicine,,tablet,No,100,Tablet,,Strip,10,,Box,10,,2
DV-400 SYRUP-30ML,,Medicine,,bottle,No,10,Bottle,,,,,,,,1
DV 60K CAP.,,Medicine,,capsule,No,100,Capsule,,Strip,10,,Box,10,,2
E- COX 90,,Medicine,,tablet,No,100,Tablet,,Strip,10,,Box,10,,2
E LINA 10,,Medicine,,tablet,No,100,Tablet,,Strip,10,,Box,10,,2
EAR BUDS,,Medicine,,tablet,No,100,Tablet,,Strip,10,,Box,10,,2
E-DAY-90 MG,,Medicine,,tablet,No,100,Tablet,,Strip,10,,Box,10,,2
E-DAY-60 MG,,Medicine,,tablet,No,100,Tablet,,Strip,10,,Box,10,,2
EAR BUDS RS 20,,Medicine,,tablet,No,100,Tablet,,Strip,10,,Box,10,,2
EAR PLUG,,Medicine,,tablet,No,100,Tablet,,Strip,10,,Box,10,,2
EAR BUDS BOX ADULT,,Medicine,,tablet,No,100,Tablet,,Strip,10,,Box,10,,2
EBAST-20MG,,Medicine,,tablet,No,100,Tablet,,Strip,10,,Box,10,,2
EASY FIX,,Medicine,,tablet,No,100,Tablet,,Strip,10,,Box,10,,2
EFZIN 10,,Medicine,,tablet,No,100,Tablet,,Strip,10,,Box,10,,2
EG 10 MG,,Medicine,,tablet,No,100,Tablet,,Strip,10,,Box,10,,2
ECOTIS 90,,Medicine,,tablet,No,100,Tablet,,Strip,10,,Box,10,,2
ELATURB - 10MG,,Medicine,,tablet,No,100,Tablet,,Strip,10,,Box,10,,2
ELASTOPLAST,,Medicine,,tablet,No,100,Tablet,,Strip,10,,Box,10,,2
ELDOPAR CAP,,Medicine,,capsule,No,100,Capsule,,Strip,10,,Box,10,,2
ELIWEL-25MG,,Medicine,,tablet,No,100,Tablet,,Strip,10,,Box,10,,2
ELIWEL-10MG,,Medicine,,tablet,No,100,Tablet,,Strip,10,,Box,10,,2
ELOPRAM-10MG,,Medicine,,tablet,No,100,Tablet,,Strip,10,,Box,10,,2
EMBETA XR-25MG,,Medicine,,tablet,No,100,Tablet,,Strip,10,,Box,10,,2
ELOPRAM-5MG,,Medicine,,tablet,No,100,Tablet,,Strip,10,,Box,10,,2
EMIGO SUSPENSION,,Medicine,,bottle,No,10,Bottle,,,,,,,,1
EMIGO 8 MG,,Medicine,,tablet,No,100,Tablet,,Strip,10,,Box,10,,2
EMIGO MD-4MG,,Medicine,,tablet,No,100,Tablet,,Strip,10,,Box,10,,2
EMOCOL C GEL 30GM,,Medicine,,tube,No,6,Tube,,,,,,,,1
EMPAZ - L 10MG,,Medicine,,tablet,No,100,Tablet,,Strip,10,,Box,10,,2
EMOSIL,,Medicine,,tablet,No,100,Tablet,,Strip,10,,Box,10,,2
EMPACARE 10,,Medicine,,tablet,No,100,Tablet,,Strip,10,,Box,10,,2
EMPAZ-25MG,,Medicine,,tablet,No,100,Tablet,,Strip,10,,Box,10,,2
EMPAZ-10 MG,,Medicine,,tablet,No,100,Tablet,,Strip,10,,Box,10,,2
ENCLAVE-625MG,,Medicine,,tablet,No,100,Tablet,,Strip,10,,Box,10,,2
ENCLAVE BID DS,,Medicine,,tablet,No,100,Tablet,,Strip,10,,Box,10,,2
ENCLAVE-375MG,,Medicine,,tablet,No,100,Tablet,,Strip,10,,Box,10,,2
ENO-100GR.,,Medicine,,tablet,No,100,Tablet,,Strip,10,,Box,10,,2
ENSERT 100 MG,,Medicine,,tablet,No,100,Tablet,,Strip,10,,Box,10,,2
ENCORATE-500MG,,Medicine,,tablet,No,100,Tablet,,Strip,10,,Box,10,,2
ENTALIV-0.5MG,,Medicine,,tablet,No,100,Tablet,,Strip,10,,Box,10,,2
ENSURE V GEL,,Medicine,,tube,No,6,Tube,,,,,,,,1
ENSERT-50MG,,Medicine,,tablet,No,100,Tablet,,Strip,10,,Box,10,,2
ESMOPRAZ TAB,,Medicine,,tablet,No,100,Tablet,,Strip,10,,Box,10,,2
ESOFAST 40,,Medicine,,tablet,No,100,Tablet,,Strip,10,,Box,10,,2
ESOMEFINE 40,,Medicine,,tablet,No,100,Tablet,,Strip,10,,Box,10,,2
ESTROFLAV- V GEL,,Medicine,,tube,No,6,Tube,,,,,,,,1
ETAPRAM-10MG,,Medicine,,tablet,No,100,Tablet,,Strip,10,,Box,10,,2
ETOVA ER 600,,Medicine,,tablet,No,100,Tablet,,Strip,10,,Box,10,,2
ETAPRAM-5MG,,Medicine,,tablet,No,100,Tablet,,Strip,10,,Box,10,,2
EVA TEARS EYE DROP,,Medicine,,drops,No,6,Bottle,,,,,,,,1
EVACIP 100 ML,,Medicine,,bottle,No,10,Bottle,,,,,,,,1
EVA-400MG,,Medicine,,tablet,No,100,Tablet,,Strip,10,,Box,10,,2
EVAMOX YE DROP,,Medicine,,drops,No,6,Bottle,,,,,,,,1
EVAMED SYR. 200ML,,Medicine,,bottle,No,10,Bottle,,,,,,,,1
EVASTIN 10,,Medicine,,tablet,No,100,Tablet,,Strip,10,,Box,10,,2
EVANAC 3ML INJ,,Medicine,,vial,No,10,Vial,,,,,,,,1
EVACIP EYE DROPS,,Medicine,,drops,No,6,Bottle,,,,,,,,1
EXINIA-25MG,,Medicine,,tablet,No,100,Tablet,,Strip,10,,Box,10,,2
EXERCISE BALL-UNIVERSAL,,Medicine,,tablet,No,100,Tablet,,Strip,10,,Box,10,,2
EXAMINATION GLOVES-V,,Medicine,,tablet,No,100,Tablet,,Strip,10,,Box,10,,2
EYE REST DROP,,Medicine,,drops,No,6,Bottle,,,,,,,,1
EXTRA VIRGIN COCONUT OIL,,Medicine,,bottle,No,10,Bottle,,,,,,,,1
EZACT 120MG,,Medicine,,tablet,No,100,Tablet,,Strip,10,,Box,10,,2
EXOD E/E DROP,,Medicine,,drops,No,6,Bottle,,,,,,,,1
EXTINA CREAM-15GM,,Medicine,,tube,No,6,Tube,,,,,,,,1
F-STAT-80MG,,Medicine,,tablet,No,100,Tablet,,Strip,10,,Box,10,,2
F-STAT-40MG,,Medicine,,tablet,No,100,Tablet,,Strip,10,,Box,10,,2
FAM-O-40MG,,Medicine,,tablet,No,100,Tablet,,Strip,10,,Box,10,,2
FACE WASH GEL-100GM,,Medicine,,tube,No,6,Tube,,,,,,,,1
FALL STOP D SHAMPOO,,Medicine,,bottle,No,10,Bottle,,,,,,,,1
FAREX STEP-1,,Medicine,,tablet,No,100,Tablet,,Strip,10,,Box,10,,2
FEDING BOTTLE (P),,Medicine,,bottle,No,10,Bottle,,,,,,,,1
FEEDING BOTTLE,,Medicine,,bottle,No,10,Bottle,,,,,,,,1
FEBREX PLUS SYRUP,,Medicine,,bottle,No,10,Bottle,,,,,,,,1
FARIN-2MG,,Medicine,,tablet,No,100,Tablet,,Strip,10,,Box,10,,2
FEMITRON-5MG,,Medicine,,tablet,No,100,Tablet,,Strip,10,,Box,10,,2
FEMONSTON MONO 2 MG,,Medicine,,tablet,No,100,Tablet,,Strip,10,,Box,10,,2
FEEDING BOTTLE (HANDLE)-B,,Medicine,,bottle,No,10,Bottle,,,,,,,,1
FEEDING BOTTLE(HANDLE)-S,,Medicine,,bottle,No,10,Bottle,,,,,,,,1
FEPEN 325,,Medicine,,tablet,No,100,Tablet,,Strip,10,,Box,10,,2
FEX 180,,Medicine,,tablet,No,100,Tablet,,Strip,10,,Box,10,,2
FENAC-100MG,,Medicine,,tablet,No,100,Tablet,,Strip,10,,Box,10,,2
FEX SUP 60ML,,Medicine,,bottle,No,10,Bottle,,,,,,,,1
FEXHIST SUS 60ML,,Medicine,,bottle,No,10,Bottle,,,,,,,,1
FEXOMED SYRUP 60 ML,,Medicine,,bottle,No,10,Bottle,,,,,,,,1
FEXOMED-180 MG,,Medicine,,tablet,No,100,Tablet,,Strip,10,,Box,10,,2
FEZA SUSP.,,Medicine,,bottle,No,10,Bottle,,,,,,,,1
FIBRINIC 500,,Medicine,,tablet,No,100,Tablet,,Strip,10,,Box,10,,2
FEXORAL 120 MG\,,Medicine,,tablet,No,100,Tablet,,Strip,10,,Box,10,,2
FEXORAL SUS 60ML,,Medicine,,bottle,No,10,Bottle,,,,,,,,1
FIXCEF 100 D/S,,Medicine,,tablet,No,100,Tablet,,Strip,10,,Box,10,,2
FLAVOX-200MG,,Medicine,,tablet,No,100,Tablet,,Strip,10,,Box,10,,2
FLEXON SUSP.,,Medicine,,bottle,No,10,Bottle,,,,,,,,1
FLORATIC-DS-60ML,,Medicine,,bottle,No,10,Bottle,,,,,,,,1
FLUCLASS DRY SYRUP,,Medicine,,bottle,No,10,Bottle,,,,,,,,1
FLOXAPEN 500,,Medicine,,tablet,No,100,Tablet,,Strip,10,,Box,10,,2
FLUCLASS-500 MG,,Medicine,,tablet,No,100,Tablet,,Strip,10,,Box,10,,2
FLUCORT SKIN LOTION,,Medicine,,bottle,No,10,Bottle,,,,,,,,1
FLUCLOX 500MG,,Medicine,,tablet,No,100,Tablet,,Strip,10,,Box,10,,2
FLUNIL-20MG,,Medicine,,tablet,No,100,Tablet,,Strip,10,,Box,10,,2
FLUMAC 200,,Medicine,,tablet,No,100,Tablet,,Strip,10,,Box,10,,2
FLUMAC 150,,Medicine,,tablet,No,100,Tablet,,Strip,10,,Box,10,,2
FLUR EYE DROPS,,Medicine,,drops,No,6,Bottle,,,,,,,,1
FLUPEN-500MG,,Medicine,,tablet,No,100,Tablet,,Strip,10,,Box,10,,2
FLUPEN DRY SYRUP,,Medicine,,bottle,No,10,Bottle,,,,,,,,1
FLUSH TAB,,Medicine,,tablet,No,100,Tablet,,Strip,10,,Box,10,,2
FLUTIPRO CREAM,,Medicine,,tube,No,6,Tube,,,,,,,,1
FML EYE DROPS,,Medicine,,drops,No,6,Bottle,,,,,,,,1
FOLVIN-5MG,,Medicine,,tablet,No,100,Tablet,,Strip,10,,Box,10,,2
FOREARM SPLINT,,Medicine,,tablet,No,100,Tablet,,Strip,10,,Box,10,,2
FORACORT-200 ROTACAPS,,Medicine,,box,No,5,Inhaler,,,,,,,,1
FORACORT-400 ROTACAPS,,Medicine,,box,No,5,Inhaler,,,,,,,,1
FORMET G1 FORTE,,Medicine,,tablet,No,100,Tablet,,Strip,10,,Box,10,,2
FORMIN G1 FORTE,,Medicine,,tablet,No,100,Tablet,,Strip,10,,Box,10,,2
FORMIN G2 FORTE,,Medicine,,tablet,No,100,Tablet,,Strip,10,,Box,10,,2
FORMET G3 FORTE,,Medicine,,tablet,No,100,Tablet,,Strip,10,,Box,10,,2
FORMIN OD 1000MG,,Medicine,,tablet,No,100,Tablet,,Strip,10,,Box,10,,2
FORMIN OD-500MG,,Medicine,,tablet,No,100,Tablet,,Strip,10,,Box,10,,2
FORMIN-500MG,,Medicine,,tablet,No,100,Tablet,,Strip,10,,Box,10,,2
FORMIN-850MG,,Medicine,,tablet,No,100,Tablet,,Strip,10,,Box,10,,2
FORMIN SR 500,,Medicine,,tablet,No,100,Tablet,,Strip,10,,Box,10,,2
FORMIN-G2,,Medicine,,tablet,No,100,Tablet,,Strip,10,,Box,10,,2
FORTIPLEX CAP,,Medicine,,capsule,No,100,Capsule,,Strip,10,,Box,10,,2
FORMIN-G1,,Medicine,,tablet,No,100,Tablet,,Strip,10,,Box,10,,2
FORTIPLEX M DROP,,Medicine,,drops,No,6,Bottle,,,,,,,,1
FORTIPLEX M CAP,,Medicine,,capsule,No,100,Capsule,,Strip,10,,Box,10,,2
FRUIT PACIFIER BABY,,Medicine,,tablet,No,100,Tablet,,Strip,10,,Box,10,,2
FORTIPLEX Z SYRUP 200 ML,,Medicine,,bottle,No,10,Bottle,,,,,,,,1
FORTIPLEX Z 100 ML,,Medicine,,bottle,No,10,Bottle,,,,,,,,1
FUSDERM-H,,Medicine,,tablet,No,100,Tablet,,Strip,10,,Box,10,,2
FRUSIX 20MG,,Medicine,,tablet,No,100,Tablet,,Strip,10,,Box,10,,2
FRUSIX 40MG,,Medicine,,tablet,No,100,Tablet,,Strip,10,,Box,10,,2
FUSIBECT H CREAM,,Medicine,,tube,No,6,Tube,,,,,,,,1
FUSDERM-H CREAM-15GM,,Medicine,,tube,No,6,Tube,,,,,,,,1
FUSID CREAM,,Medicine,,tube,No,6,Tube,,,,,,,,1
FUSIBECT-B CREAM,,Medicine,,tube,No,6,Tube,,,,,,,,1
G-DRESS-10,,Medicine,,tablet,No,100,Tablet,,Strip,10,,Box,10,,2
FUSIMAR-H CREAM 5G,,Medicine,,tube,No,6,Tube,,,,,,,,1
FUSKIN B,,Medicine,,tablet,No,100,Tablet,,Strip,10,,Box,10,,2
FUSIDERM 5G CREAM,,Medicine,,tube,No,6,Tube,,,,,,,,1
G-DRESS-15,,Medicine,,tablet,No,100,Tablet,,Strip,10,,Box,10,,2
G-DRESS-30,,Medicine,,tablet,No,100,Tablet,,Strip,10,,Box,10,,2
G-DRESS-25,,Medicine,,tablet,No,100,Tablet,,Strip,10,,Box,10,,2
GABARON-100 MG,,Medicine,,tablet,No,100,Tablet,,Strip,10,,Box,10,,2
GABIX-75 MG,,Medicine,,tablet,No,100,Tablet,,Strip,10,,Box,10,,2
GASONA SYP -100ML,,Medicine,,bottle,No,10,Bottle,,,,,,,,1
GAT-1000MG,,Medicine,,tablet,No,100,Tablet,,Strip,10,,Box,10,,2
GAT-500MG,,Medicine,,tablet,No,100,Tablet,,Strip,10,,Box,10,,2
GCG TOOTH BRUSH (SOFT),,Medicine,,tablet,No,100,Tablet,,Strip,10,,Box,10,,2
GENTBECLOCOT CREAM-15 GM,,Medicine,,tube,No,6,Tube,,,,,,,,1
GAUZE-10CMX10CM,,Medicine,,tablet,No,100,Tablet,,Strip,10,,Box,10,,2
GERMIDINE 10% SOL 100ML,,Medicine,,bottle,No,10,Bottle,,,,,,,,1
GERMIDINE OINTMENT 15GM,,Medicine,,tube,No,6,Tube,,,,,,,,1
GLARITUS CARTAGE,,Medicine,,tablet,No,100,Tablet,,Strip,10,,Box,10,,2
GERMIDINE 5% SOL,,Medicine,,tablet,No,100,Tablet,,Strip,10,,Box,10,,2
GLIFAZ-5MG,,Medicine,,tablet,No,100,Tablet,,Strip,10,,Box,10,,2
GLIMEVA 2,,Medicine,,tablet,No,100,Tablet,,Strip,10,,Box,10,,2
GLIMIPREX MF 1/500,,Medicine,,tablet,No,100,Tablet,,Strip,10,,Box,10,,2
GLIPRIDE-1MG,,Medicine,,tablet,No,100,Tablet,,Strip,10,,Box,10,,2
GLUBOSE-50MG,,Medicine,,tablet,No,100,Tablet,,Strip,10,,Box,10,,2
GLIZID-40MG,,Medicine,,tablet,No,100,Tablet,,Strip,10,,Box,10,,2
GLUCOMETR SET (Dr. Morepen ),,Medicine,,tablet,No,100,Tablet,,Strip,10,,Box,10,,2
GLUCOEMP-10,,Medicine,,tablet,No,100,Tablet,,Strip,10,,Box,10,,2
GLUCO ALERT,,Medicine,,tablet,No,100,Tablet,,Strip,10,,Box,10,,2
GLUCOSE-D (400GM),,Medicine,,tablet,No,100,Tablet,,Strip,10,,Box,10,,2
GLUCOSE- D(120GM),,Medicine,,tablet,No,100,Tablet,,Strip,10,,Box,10,,2
GLUCON 50% INJ,,Medicine,,vial,No,10,Vial,,,,,,,,1
GLUNIL -1,,Medicine,,tablet,No,100,Tablet,,Strip,10,,Box,10,,2
GLURIDE-1MG,,Medicine,,tablet,No,100,Tablet,,Strip,10,,Box,10,,2
GLURIDE-2MG,,Medicine,,tablet,No,100,Tablet,,Strip,10,,Box,10,,2
GLUTACOM C CREAM,,Medicine,,tube,No,6,Tube,,,,,,,,1
GLUTACOM FACEWASH,,Medicine,,tablet,No,100,Tablet,,Strip,10,,Box,10,,2
GLYCERIN 110 GM,,Medicine,,tablet,No,100,Tablet,,Strip,10,,Box,10,,2
GLYCERIN 60 GM,,Medicine,,tablet,No,100,Tablet,,Strip,10,,Box,10,,2
GLYCERINE 100 GM,,Medicine,,tablet,No,100,Tablet,,Strip,10,,Box,10,,2
GLYCERINE 50 GM,,Medicine,,tablet,No,100,Tablet,,Strip,10,,Box,10,,2
GLYCOMET - 1GM,,Medicine,,tablet,No,100,Tablet,,Strip,10,,Box,10,,2
GLYCOMET-GP 1 FORTE,,Medicine,,tablet,No,100,Tablet,,Strip,10,,Box,10,,2
GLYCOMET-GP 2 FORTE,,Medicine,,tablet,No,100,Tablet,,Strip,10,,Box,10,,2
GLYFALL -500 ER,,Medicine,,tablet,No,100,Tablet,,Strip,10,,Box,10,,2
GLYCOSEAL 5 MG,,Medicine,,tablet,No,100,Tablet,,Strip,10,,Box,10,,2
GLYFALL 1G ER,,Medicine,,tablet,No,100,Tablet,,Strip,10,,Box,10,,2
GLYSOLD 125ML,,Medicine,,bottle,No,10,Bottle,,,,,,,,1
GLYFALL G2,,Medicine,,tablet,No,100,Tablet,,Strip,10,,Box,10,,2
GOOD NIGHT SET,,Medicine,,tablet,No,100,Tablet,,Strip,10,,Box,10,,2
GOOD NIGHT REFILL,,Medicine,,tablet,No,100,Tablet,,Strip,10,,Box,10,,2
GOODNIGHT DHUP,,Medicine,,tablet,No,100,Tablet,,Strip,10,,Box,10,,2
GRANDEM MD-1MG,,Medicine,,tablet,No,100,Tablet,,Strip,10,,Box,10,,2
GRIPE WATER,,Medicine,,tablet,No,100,Tablet,,Strip,10,,Box,10,,2
GRAVITAL CAP,,Medicine,,capsule,No,100,Capsule,,Strip,10,,Box,10,,2
H.P WIPES,,Medicine,,tablet,No,100,Tablet,,Strip,10,,Box,10,,2
HALOBET-S 10G.,,Medicine,,tablet,No,100,Tablet,,Strip,10,,Box,10,,2
HAND SANITIZAR 100 ML,,Medicine,,bottle,No,10,Bottle,,,,,,,,1
HANSOPLAST SPOT,,Medicine,,tablet,No,100,Tablet,,Strip,10,,Box,10,,2
HANSOPLAST REGULAR,,Medicine,,tablet,No,100,Tablet,,Strip,10,,Box,10,,2
HATRIC SYRUP 30ML,,Medicine,,bottle,No,10,Bottle,,,,,,,,1
HATRIC-5MG,,Medicine,,tablet,No,100,Tablet,,Strip,10,,Box,10,,2
HCQUIN 400,,Medicine,,tablet,No,100,Tablet,,Strip,10,,Box,10,,2
HEPACT-150MG,,Medicine,,tablet,No,100,Tablet,,Strip,10,,Box,10,,2
HCG DEVICE (PREGNANCY TEST KIT ) UPT,,Medicine,,tablet,No,100,Tablet,,Strip,10,,Box,10,,2
HICET-10MG,,Medicine,,tablet,No,100,Tablet,,Strip,10,,Box,10,,2
HIMALAYA NEEM FACEWASH,,Medicine,,tablet,No,100,Tablet,,Strip,10,,Box,10,,2
HICET SYP,,Medicine,,bottle,No,10,Bottle,,,,,,,,1
HIMALAYA BABY CREAM 50 ML,,Medicine,,tube,No,6,Tube,,,,,,,,1
HISTAFEN 180 MG,,Medicine,,tablet,No,100,Tablet,,Strip,10,,Box,10,,2
HIOPEN 20MG,,Medicine,,tablet,No,100,Tablet,,Strip,10,,Box,10,,2
HONEY AND ALMOND (REVANS),,Medicine,,tablet,No,100,Tablet,,Strip,10,,Box,10,,2
HONEY AND CREAM SOAP(HIMALAYA),,Medicine,,tube,No,6,Tube,,,,,,,,1
HIT,,Medicine,,tablet,No,100,Tablet,,Strip,10,,Box,10,,2
HONEY NEPPLE BABY,,Medicine,,tablet,No,100,Tablet,,Strip,10,,Box,10,,2
HONITUS COUGH DROPS,,Medicine,,drops,No,6,Bottle,,,,,,,,1
HONITUS SYRUP,,Medicine,,bottle,No,10,Bottle,,,,,,,,1
HOT BAG ( ELECTRIC),,Medicine,,tablet,No,100,Tablet,,Strip,10,,Box,10,,2
HYCOR CREAM,,Medicine,,tube,No,6,Tube,,,,,,,,1
HYBRO DS TAB,,Medicine,,tablet,No,100,Tablet,,Strip,10,,Box,10,,2
HYBRO-10MG,,Medicine,,tablet,No,100,Tablet,,Strip,10,,Box,10,,2
HYBRO INJ.,,Medicine,,vial,No,10,Vial,,,,,,,,1
HYOMIDE 10 MG,,Medicine,,tablet,No,100,Tablet,,Strip,10,,Box,10,,2
HYDRASE LOTION,,Medicine,,bottle,No,10,Bottle,,,,,,,,1
HYOFAST -20,,Medicine,,tablet,No,100,Tablet,,Strip,10,,Box,10,,2
HYDROGEN PERIOXIDE-100ML,,Medicine,,bottle,No,10,Bottle,,,,,,,,1
HYTIDE-12.5MG,,Medicine,,tablet,No,100,Tablet,,Strip,10,,Box,10,,2
HYQUIN 200,,Medicine,,tablet,No,100,Tablet,,Strip,10,,Box,10,,2
HYOMIDE 20MG,,Medicine,,tablet,No,100,Tablet,,Strip,10,,Box,10,,2
HYZAC-20 MG,,Medicine,,tablet,No,100,Tablet,,Strip,10,,Box,10,,2
HYZAC 10 MG,,Medicine,,tablet,No,100,Tablet,,Strip,10,,Box,10,,2
HYTIDE 25,,Medicine,,tablet,No,100,Tablet,,Strip,10,,Box,10,,2
I-FREE-72,,Medicine,,tablet,No,100,Tablet,,Strip,10,,Box,10,,2
I.V CANULA-20G(SAFETY),,Medicine,,tablet,No,100,Tablet,,Strip,10,,Box,10,,2
I.V. SET -JMS--V,,Medicine,,tablet,No,100,Tablet,,Strip,10,,Box,10,,2
I.V. CANULA 16G(PLAIN-B/BRAUN),,Medicine,,tablet,No,100,Tablet,,Strip,10,,Box,10,,2
I.V. CANULA 22G(PLAIN-B/BRAUN),,Medicine,,tablet,No,100,Tablet,,Strip,10,,Box,10,,2
INCRET - M 500,,Medicine,,tablet,No,100,Tablet,,Strip,10,,Box,10,,2
ILAZOL - 10,,Medicine,,tablet,No,100,Tablet,,Strip,10,,Box,10,,2
IFOL TAB,,Medicine,,tablet,No,100,Tablet,,Strip,10,,Box,10,,2
INDCLAV BID,,Medicine,,tablet,No,100,Tablet,,Strip,10,,Box,10,,2
INDCLAV-625MG,,Medicine,,tablet,No,100,Tablet,,Strip,10,,Box,10,,2
INDCLAV DS 30ML,,Medicine,,bottle,No,10,Bottle,,,,,,,,1
INDOLAR 25,,Medicine,,tablet,No,100,Tablet,,Strip,10,,Box,10,,2
INFECT-V,,Medicine,,tablet,No,100,Tablet,,Strip,10,,Box,10,,2
INDO SR-75MG,,Medicine,,tablet,No,100,Tablet,,Strip,10,,Box,10,,2
INFLANAC 100 MG,,Medicine,,tablet,No,100,Tablet,,Strip,10,,Box,10,,2
INFLA GEL 30G.,,Medicine,,tube,No,6,Tube,,,,,,,,1
INFEXIM-200MG,,Medicine,,tablet,No,100,Tablet,,Strip,10,,Box,10,,2
INHALER VIKS,,Medicine,,box,No,5,Inhaler,,,,,,,,1
INMECIN-25MG,,Medicine,,tablet,No,100,Tablet,,Strip,10,,Box,10,,2
INMECIN-50MG,,Medicine,,tablet,No,100,Tablet,,Strip,10,,Box,10,,2
INTERDENTAL BRUSH-2MM,,Medicine,,tablet,No,100,Tablet,,Strip,10,,Box,10,,2
IOBET EYE DROP,,Medicine,,drops,No,6,Bottle,,,,,,,,1
INVIR CREAM-5GM,,Medicine,,tube,No,6,Tube,,,,,,,,1
IPRAVENT RESP,,Medicine,,tablet,No,100,Tablet,,Strip,10,,Box,10,,2
IOBRIM E/D,,Medicine,,tablet,No,100,Tablet,,Strip,10,,Box,10,,2
IPROD REPSUL,,Medicine,,tablet,No,100,Tablet,,Strip,10,,Box,10,,2
IROX TAB,,Medicine,,tablet,No,100,Tablet,,Strip,10,,Box,10,,2
J.B. MOISTURIZING CREAM,,Medicine,,tube,No,6,Tube,,,,,,,,1
ITONORM 150 CAP,,Medicine,,capsule,No,100,Capsule,,Strip,10,,Box,10,,2
J.B. SHAMPOO-200ML,,Medicine,,bottle,No,10,Bottle,,,,,,,,1
J.B. SHAMPOO 50 ML,,Medicine,,bottle,No,10,Bottle,,,,,,,,1
J.B. OIL 50 ML,,Medicine,,bottle,No,10,Bottle,,,,,,,,1
J.B. OIL 200ML,,Medicine,,bottle,No,10,Bottle,,,,,,,,1
J.B. OIL 100 ML,,Medicine,,bottle,No,10,Bottle,,,,,,,,1
J.B. SOAP 50 G,,Medicine,,box,No,10,Piece,,,,,,,,1
JAIPHAL OIL,,Medicine,,bottle,No,10,Bottle,,,,,,,,1
J.B. SOAP-75GR.,,Medicine,,box,No,10,Piece,,,,,,,,1
JANMA GHUNTI 100 ML,,Medicine,,bottle,No,10,Bottle,,,,,,,,1
JEEVAN JAL,,Medicine,,tablet,No,100,Tablet,,Strip,10,,Box,10,,2
J.B.MILK SOAP 50 GM.,,Medicine,,box,No,10,Piece,,,,,,,,1
JOY VASELINE SMALL,,Medicine,,tablet,No,100,Tablet,,Strip,10,,Box,10,,2
JUBLIN 75MG,,Medicine,,tablet,No,100,Tablet,,Strip,10,,Box,10,,2
KAF-D,,Medicine,,tablet,No,100,Tablet,,Strip,10,,Box,10,,2
KAFKOL SYP -100ML,,Medicine,,bottle,No,10,Bottle,,,,,,,,1
KALINAC-100MG,,Medicine,,tablet,No,100,Tablet,,Strip,10,,Box,10,,2
KASTURI BHUSAN 60 ML,,Medicine,,bottle,No,10,Bottle,,,,,,,,1
KASTURI BHUSAN 110ML,,Medicine,,bottle,No,10,Bottle,,,,,,,,1
KASTURI Bhusan 15 ml,,Medicine,,bottle,No,10,Bottle,,,,,,,,1
KARNAMOL C,,Medicine,,tablet,No,100,Tablet,,Strip,10,,Box,10,,2
KANOSAFE C SOAP,,Medicine,,box,No,10,Piece,,,,,,,,1
KELAC INJECTION,,Medicine,,vial,No,10,Vial,,,,,,,,1
KELVIN SUSP,,Medicine,,bottle,No,10,Bottle,,,,,,,,1
KASTURI BHUSAN-30ML,,Medicine,,bottle,No,10,Bottle,,,,,,,,1
KET SHAMPOO 50 ML,,Medicine,,bottle,No,10,Bottle,,,,,,,,1
KEFIX DRY SYP 60 ML,,Medicine,,bottle,No,10,Bottle,,,,,,,,1
KETCIN SHAMPOO,,Medicine,,bottle,No,10,Bottle,,,,,,,,1
KETALOC INJ,,Medicine,,vial,No,10,Vial,,,,,,,,1
KETANOL 2% SOLUTION-50ML,,Medicine,,bottle,No,10,Bottle,,,,,,,,1
KETLEY SHAMPHO,,Medicine,,tablet,No,100,Tablet,,Strip,10,,Box,10,,2
KETODERM OINT,,Medicine,,tube,No,6,Tube,,,,,,,,1
KETOL TAB,,Medicine,,tablet,No,100,Tablet,,Strip,10,,Box,10,,2
KETODAC TAB,,Medicine,,tablet,No,100,Tablet,,Strip,10,,Box,10,,2
KETOCONAZOLE SOAP,,Medicine,,box,No,10,Piece,,,,,,,,1
KETORAL 100MG,,Medicine,,tablet,No,100,Tablet,,Strip,10,,Box,10,,2
KF94 MAKS,,Medicine,,tablet,No,100,Tablet,,Strip,10,,Box,10,,2
KETOLAK-10MG,,Medicine,,tablet,No,100,Tablet,,Strip,10,,Box,10,,2
KIT KAT TAB,,Medicine,,tablet,No,100,Tablet,,Strip,10,,Box,10,,2
KIDOZ BABY TOOTH PASTE,,Medicine,,tube,No,6,Tube,,,,,,,,1
KIDPRED SYP 60 ML,,Medicine,,bottle,No,10,Bottle,,,,,,,,1
KLAGYL DF SUP,,Medicine,,tablet,No,100,Tablet,,Strip,10,,Box,10,,2
KLYGYL DF TAB,,Medicine,,tablet,No,100,Tablet,,Strip,10,,Box,10,,2
KNEE SUPPORT,,Medicine,,tablet,No,100,Tablet,,Strip,10,,Box,10,,2
KOFTAB,,Medicine,,tablet,No,100,Tablet,,Strip,10,,Box,10,,2
KOFTAB-D TAB,,Medicine,,tablet,No,100,Tablet,,Strip,10,,Box,10,,2
KOJIVIT GEL 15G.,,Medicine,,tube,No,6,Tube,,,,,,,,1
KRACK CREAM,,Medicine,,tube,No,6,Tube,,,,,,,,1
KYUTEN 100,,Medicine,,tablet,No,100,Tablet,,Strip,10,,Box,10,,2
KTDKOF SYP 50ML,,Medicine,,bottle,No,10,Bottle,,,,,,,,1
L- ZYME SYP 100ML,,Medicine,,bottle,No,10,Bottle,,,,,,,,1
L-CTZ SYRUP,,Medicine,,bottle,No,10,Bottle,,,,,,,,1
LACTOGEN-2,,Medicine,,tablet,No,100,Tablet,,Strip,10,,Box,10,,2
LACTONOV 170 ML,,Medicine,,bottle,No,10,Bottle,,,,,,,,1
LACTOGEN-4,,Medicine,,tablet,No,100,Tablet,,Strip,10,,Box,10,,2
LACTOGEN-3,,Medicine,,tablet,No,100,Tablet,,Strip,10,,Box,10,,2
LANSOPAZ-30MG,,Medicine,,tablet,No,100,Tablet,,Strip,10,,Box,10,,2
LANCET-CONTOUR,,Medicine,,tablet,No,100,Tablet,,Strip,10,,Box,10,,2
LACULAX 100ML,,Medicine,,bottle,No,10,Bottle,,,,,,,,1
LACULAX SUSP.200ML,,Medicine,,bottle,No,10,Bottle,,,,,,,,1
LANTUS CARTRIDGE-300IU,,Medicine,,tablet,No,100,Tablet,,Strip,10,,Box,10,,2
LANZIN-5MG,,Medicine,,tablet,No,100,Tablet,,Strip,10,,Box,10,,2
LAXIT-5MG,,Medicine,,tablet,No,100,Tablet,,Strip,10,,Box,10,,2
LEFRA-20MG,,Medicine,,tablet,No,100,Tablet,,Strip,10,,Box,10,,2
LASITONE TAB,,Medicine,,tablet,No,100,Tablet,,Strip,10,,Box,10,,2
LEMO TABLET,,Medicine,,tablet,No,100,Tablet,,Strip,10,,Box,10,,2
LEMVIT CHEWABLE TABLET,,Medicine,,tablet,No,100,Tablet,,Strip,10,,Box,10,,2
LESTOR 10,,Medicine,,tablet,No,100,Tablet,,Strip,10,,Box,10,,2
LESTOR 5 MG,,Medicine,,tablet,No,100,Tablet,,Strip,10,,Box,10,,2
LEVOHIST - M SYRUP,,Medicine,,bottle,No,10,Bottle,,,,,,,,1
LEVOHIST TAB,,Medicine,,tablet,No,100,Tablet,,Strip,10,,Box,10,,2
LEVOHIST-M,,Medicine,,tablet,No,100,Tablet,,Strip,10,,Box,10,,2
LEVOKAST TAB,,Medicine,,tablet,No,100,Tablet,,Strip,10,,Box,10,,2
LEVRIX-5 MG,,Medicine,,tablet,No,100,Tablet,,Strip,10,,Box,10,,2
LEVOMONT TAB\,,Medicine,,tablet,No,100,Tablet,,Strip,10,,Box,10,,2
LINAMET-1 GM,,Medicine,,tablet,No,100,Tablet,,Strip,10,,Box,10,,2
LINA-5 MG,,Medicine,,tablet,No,100,Tablet,,Strip,10,,Box,10,,2
LIDOLIN GEL 2%,,Medicine,,tube,No,6,Tube,,,,,,,,1
LIGNAT ING,,Medicine,,tablet,No,100,Tablet,,Strip,10,,Box,10,,2
LINAMET-500 MG,,Medicine,,tablet,No,100,Tablet,,Strip,10,,Box,10,,2
LINAMET-850 MG,,Medicine,,tablet,No,100,Tablet,,Strip,10,,Box,10,,2
LINATOP M 1000,,Medicine,,tablet,No,100,Tablet,,Strip,10,,Box,10,,2
LINICS E 10,,Medicine,,tablet,No,100,Tablet,,Strip,10,,Box,10,,2
LINICS M 1000,,Medicine,,tablet,No,100,Tablet,,Strip,10,,Box,10,,2
LINOX M FORTE,,Medicine,,tablet,No,100,Tablet,,Strip,10,,Box,10,,2
LINOX M 500,,Medicine,,tablet,No,100,Tablet,,Strip,10,,Box,10,,2
LINICS M 850,,Medicine,,tablet,No,100,Tablet,,Strip,10,,Box,10,,2
LINTOR M 500,,Medicine,,tablet,No,100,Tablet,,Strip,10,,Box,10,,2
LINTAN M 1000,,Medicine,,tablet,No,100,Tablet,,Strip,10,,Box,10,,2
LINTOR 5,,Medicine,,tablet,No,100,Tablet,,Strip,10,,Box,10,,2
LINTOR-M-1000,,Medicine,,tablet,No,100,Tablet,,Strip,10,,Box,10,,2
LINTOR-M-850,,Medicine,,tablet,No,100,Tablet,,Strip,10,,Box,10,,2
LIP BAM,,Medicine,,tablet,No,100,Tablet,,Strip,10,,Box,10,,2
Lip Bam (HimAlAya),,Medicine,,tablet,No,100,Tablet,,Strip,10,,Box,10,,2
LIP BALM (STRAWBERRY),,Medicine,,tube,No,6,Tube,,,,,,,,1
LIPITOP 10 MG,,Medicine,,tablet,No,100,Tablet,,Strip,10,,Box,10,,2
LIPICURE-10MG,,Medicine,,tablet,No,100,Tablet,,Strip,10,,Box,10,,2
LITHOCADE-300 MG,,Medicine,,tablet,No,100,Tablet,,Strip,10,,Box,10,,2
LIPTA - M 1GM,,Medicine,,tablet,No,100,Tablet,,Strip,10,,Box,10,,2
LISOPLEX 200ML,,Medicine,,bottle,No,10,Bottle,,,,,,,,1
LIPTA-M-850 MG,,Medicine,,tablet,No,100,Tablet,,Strip,10,,Box,10,,2
LIVOLUK-200ML,,Medicine,,bottle,No,10,Bottle,,,,,,,,1
LITO PITHO,,Medicine,,tablet,No,100,Tablet,,Strip,10,,Box,10,,2
LITO FEEDING BOTTLE,,Medicine,,bottle,No,10,Bottle,,,,,,,,1
LIVOSAFE SYP-100ML,,Medicine,,bottle,No,10,Bottle,,,,,,,,1
LOCARD 50,,Medicine,,tablet,No,100,Tablet,,Strip,10,,Box,10,,2
LOCAINE - A ING,,Medicine,,tablet,No,100,Tablet,,Strip,10,,Box,10,,2
LOMOHIST PAED,,Medicine,,tablet,No,100,Tablet,,Strip,10,,Box,10,,2
LOMOHIST COUGH EXPECTORANT,,Medicine,,tablet,No,100,Tablet,,Strip,10,,Box,10,,2
LOSAP-50MG,,Medicine,,tablet,No,100,Tablet,,Strip,10,,Box,10,,2
LOSAP-25MG,,Medicine,,tablet,No,100,Tablet,,Strip,10,,Box,10,,2
LORAV 50,,Medicine,,tablet,No,100,Tablet,,Strip,10,,Box,10,,2
LOSARTAS-25MG,,Medicine,,tablet,No,100,Tablet,,Strip,10,,Box,10,,2
LOSAP-H TAB,,Medicine,,tablet,No,100,Tablet,,Strip,10,,Box,10,,2
LOSARTAS-HT,,Medicine,,tablet,No,100,Tablet,,Strip,10,,Box,10,,2
LOSARTAS-50MG,,Medicine,,tablet,No,100,Tablet,,Strip,10,,Box,10,,2
LOSITA-50MG,,Medicine,,tablet,No,100,Tablet,,Strip,10,,Box,10,,2
LOSPILL 20,,Medicine,,tablet,No,100,Tablet,,Strip,10,,Box,10,,2
LOSPIL 50,,Medicine,,tablet,No,100,Tablet,,Strip,10,,Box,10,,2
LOSPILL 25,,Medicine,,tablet,No,100,Tablet,,Strip,10,,Box,10,,2
LOSPILL-H,,Medicine,,tablet,No,100,Tablet,,Strip,10,,Box,10,,2
LOTACE-25MG,,Medicine,,tablet,No,100,Tablet,,Strip,10,,Box,10,,2
LOSPO H,,Medicine,,tablet,No,100,Tablet,,Strip,10,,Box,10,,2
LOSTAT 25,,Medicine,,tablet,No,100,Tablet,,Strip,10,,Box,10,,2
LOTAN-50MG,,Medicine,,tablet,No,100,Tablet,,Strip,10,,Box,10,,2
LOTACE-50MG,,Medicine,,tablet,No,100,Tablet,,Strip,10,,Box,10,,2
LOVE NIGHT CONDOM,,Medicine,,tablet,No,100,Tablet,,Strip,10,,Box,10,,2
LOTAN-H TAB,,Medicine,,tablet,No,100,Tablet,,Strip,10,,Box,10,,2
LOX-2% JELLY,,Medicine,,tablet,No,100,Tablet,,Strip,10,,Box,10,,2
LUBIZEST E/D,,Medicine,,tablet,No,100,Tablet,,Strip,10,,Box,10,,2
LUCAST PLUS TAB,,Medicine,,tablet,No,100,Tablet,,Strip,10,,Box,10,,2
LUBRICA EYE DROP,,Medicine,,drops,No,6,Bottle,,,,,,,,1
LUMBER SACRAL BELT-LARGE,,Medicine,,tablet,No,100,Tablet,,Strip,10,,Box,10,,2
LULISAFE CREAM-10GM,,Medicine,,tube,No,6,Tube,,,,,,,,1
LUMBER SACRAL BELT XL,,Medicine,,tablet,No,100,Tablet,,Strip,10,,Box,10,,2
LUMIN,,Medicine,,tablet,No,100,Tablet,,Strip,10,,Box,10,,2
LUNOV POWDER 50GM,,Medicine,,sachet,No,30,Sachet,,Strip,10,,Box,10,,2
LUMBER SACRAL BELT-MEDIUM,,Medicine,,tablet,No,100,Tablet,,Strip,10,,Box,10,,2
LUZIROL CREAM 15G,,Medicine,,tube,No,6,Tube,,,,,,,,1
LUX SOAP,,Medicine,,box,No,10,Piece,,,,,,,,1
LYCITONE 200ML,,Medicine,,bottle,No,10,Bottle,,,,,,,,1
LYCOR-1% OINTMENT,,Medicine,,tube,No,6,Tube,,,,,,,,1
LYSOVIT -100ML,,Medicine,,bottle,No,10,Bottle,,,,,,,,1
LYSOMIN SYRUP,,Medicine,,bottle,No,10,Bottle,,,,,,,,1
LYSOVIVA 200ML,,Medicine,,bottle,No,10,Bottle,,,,,,,,1
LYSOVIT-200ML,,Medicine,,bottle,No,10,Bottle,,,,,,,,1
M-KAST - L SYP,,Medicine,,bottle,No,10,Bottle,,,,,,,,1
MAMY POKO L4,,Medicine,,tablet,No,100,Tablet,,Strip,10,,Box,10,,2
M-KAST -L,,Medicine,,tablet,No,100,Tablet,,Strip,10,,Box,10,,2
MAGPRO CAP,,Medicine,,capsule,No,100,Capsule,,Strip,10,,Box,10,,2
MAMY POKO M4,,Medicine,,tablet,No,100,Tablet,,Strip,10,,Box,10,,2
MAMY POKO L4 INR 69,,Medicine,,tablet,No,100,Tablet,,Strip,10,,Box,10,,2
MAMY POKO PANTS (M) - 42,,Medicine,,tablet,No,100,Tablet,,Strip,10,,Box,10,,2
MAMY POKO NB,,Medicine,,tablet,No,100,Tablet,,Strip,10,,Box,10,,2
MAMY POKO PANTS L-44(RS 599 ),,Medicine,,tablet,No,100,Tablet,,Strip,10,,Box,10,,2
MAMY POKO PANTS L34(RS 699),,Medicine,,tablet,No,100,Tablet,,Strip,10,,Box,10,,2
MAMY POKO S 4,,Medicine,,tablet,No,100,Tablet,,Strip,10,,Box,10,,2
MAMY POKO S4(RS 399),,Medicine,,tablet,No,100,Tablet,,Strip,10,,Box,10,,2
MANA,,Medicine,,tablet,No,100,Tablet,,Strip,10,,Box,10,,2
MAMY POKO XL4,,Medicine,,tablet,No,100,Tablet,,Strip,10,,Box,10,,2
MASK EXTRA PROTECTION,,Medicine,,tablet,No,100,Tablet,,Strip,10,,Box,10,,2
MASK BLACK,,Medicine,,tablet,No,100,Tablet,,Strip,10,,Box,10,,2
MASK POLUTION (COTTON),,Medicine,,tablet,No,100,Tablet,,Strip,10,,Box,10,,2
MAX 72,,Medicine,,tablet,No,100,Tablet,,Strip,10,,Box,10,,2
MASK POLUTION,,Medicine,,tablet,No,100,Tablet,,Strip,10,,Box,10,,2
MAX D CAP,,Medicine,,capsule,No,100,Capsule,,Strip,10,,Box,10,,2
MAXGALIN M 50,,Medicine,,tablet,No,100,Tablet,,Strip,10,,Box,10,,2
MAXFRESH ( MOUTH WASH ),,Medicine,,bottle,No,10,Bottle,,,,,,,,1
MECOMIN S-1500MCG,,Medicine,,tablet,No,100,Tablet,,Strip,10,,Box,10,,2
MECO-OD-1500MCG,,Medicine,,tablet,No,100,Tablet,,Strip,10,,Box,10,,2
MEDOMOL-500MG,,Medicine,,tablet,No,100,Tablet,,Strip,10,,Box,10,,2
MECON-P 75 MG,,Medicine,,tablet,No,100,Tablet,,Strip,10,,Box,10,,2
MEDIGRA-25MG,,Medicine,,tablet,No,100,Tablet,,Strip,10,,Box,10,,2
MEDIKEER SHAMPOO,,Medicine,,bottle,No,10,Bottle,,,,,,,,1
MEGA CV FORTE DS,,Medicine,,tablet,No,100,Tablet,,Strip,10,,Box,10,,2
MEGA-CV 60ML,,Medicine,,bottle,No,10,Bottle,,,,,,,,1
MEFTAL SPAS 30ML SUSP.,,Medicine,,bottle,No,10,Bottle,,,,,,,,1
MEGA-CV 625MG,,Medicine,,tablet,No,100,Tablet,,Strip,10,,Box,10,,2
MEGAVOG 0.3,,Medicine,,tablet,No,100,Tablet,,Strip,10,,Box,10,,2
MELACARE CREAM 15G.,,Medicine,,tube,No,6,Tube,,,,,,,,1
MELIN-P 1500,,Medicine,,tablet,No,100,Tablet,,Strip,10,,Box,10,,2
MELALITE-15 30GR.,,Medicine,,tablet,No,100,Tablet,,Strip,10,,Box,10,,2
MELMET SR-500MG,,Medicine,,tablet,No,100,Tablet,,Strip,10,,Box,10,,2
MEROCAL 500,,Medicine,,tablet,No,100,Tablet,,Strip,10,,Box,10,,2
MEROCEF 200 DT,,Medicine,,tablet,No,100,Tablet,,Strip,10,,Box,10,,2
MEROFASR 40,,Medicine,,tablet,No,100,Tablet,,Strip,10,,Box,10,,2
MEROKAST -L,,Medicine,,tablet,No,100,Tablet,,Strip,10,,Box,10,,2
METFOR G1 FORTE,,Medicine,,tablet,No,100,Tablet,,Strip,10,,Box,10,,2
MERYL LINCTUS-100ML,,Medicine,,bottle,No,10,Bottle,,,,,,,,1
METFLICS G1 FORTE,,Medicine,,tablet,No,100,Tablet,,Strip,10,,Box,10,,2
METFLICS 750,,Medicine,,tablet,No,100,Tablet,,Strip,10,,Box,10,,2
METFOR G2 850,,Medicine,,tablet,No,100,Tablet,,Strip,10,,Box,10,,2
METFOR G2 FORTE,,Medicine,,tablet,No,100,Tablet,,Strip,10,,Box,10,,2
METFOR G2,,Medicine,,tablet,No,100,Tablet,,Strip,10,,Box,10,,2
METFOR SR-500MG,,Medicine,,tablet,No,100,Tablet,,Strip,10,,Box,10,,2
METFOR SR-1000MG.,,Medicine,,tablet,No,100,Tablet,,Strip,10,,Box,10,,2
METFOR-500MG,,Medicine,,tablet,No,100,Tablet,,Strip,10,,Box,10,,2
METFOR-G1,,Medicine,,tablet,No,100,Tablet,,Strip,10,,Box,10,,2
METFOR-850MG,,Medicine,,tablet,No,100,Tablet,,Strip,10,,Box,10,,2
METFOR-SR-85O MG,,Medicine,,tablet,No,100,Tablet,,Strip,10,,Box,10,,2
METLOC XL-25MG,,Medicine,,tablet,No,100,Tablet,,Strip,10,,Box,10,,2
METLOC XL-12.5MG,,Medicine,,tablet,No,100,Tablet,,Strip,10,,Box,10,,2
METOCARD-25 ER,,Medicine,,tablet,No,100,Tablet,,Strip,10,,Box,10,,2
METOCARD 12.5 ER,,Medicine,,tablet,No,100,Tablet,,Strip,10,,Box,10,,2
METOP XR 50,,Medicine,,tablet,No,100,Tablet,,Strip,10,,Box,10,,2
METRO SUSPENSION 60 ML,,Medicine,,bottle,No,10,Bottle,,,,,,,,1
METRO 200 MG,,Medicine,,tablet,No,100,Tablet,,Strip,10,,Box,10,,2
METRO GEL,,Medicine,,tube,No,6,Tube,,,,,,,,1
METRO-400 MG,,Medicine,,tablet,No,100,Tablet,,Strip,10,,Box,10,,2
METROREST 100 ML,,Medicine,,bottle,No,10,Bottle,,,,,,,,1
METROFAST DF TAB,,Medicine,,tablet,No,100,Tablet,,Strip,10,,Box,10,,2
METROFAST 400 MG,,Medicine,,tablet,No,100,Tablet,,Strip,10,,Box,10,,2
METSI G2,,Medicine,,tablet,No,100,Tablet,,Strip,10,,Box,10,,2
METSI SR 850,,Medicine,,tablet,No,100,Tablet,,Strip,10,,Box,10,,2
METSI SR 500,,Medicine,,tablet,No,100,Tablet,,Strip,10,,Box,10,,2
MICLOGENTA CREAM,,Medicine,,tube,No,6,Tube,,,,,,,,1
MINFOR - 500,,Medicine,,tablet,No,100,Tablet,,Strip,10,,Box,10,,2
MINFOR 1000 SR,,Medicine,,tablet,No,100,Tablet,,Strip,10,,Box,10,,2
MIRAFOLIC - 5,,Medicine,,tablet,No,100,Tablet,,Strip,10,,Box,10,,2
MINIL-10MG,,Medicine,,tablet,No,100,Tablet,,Strip,10,,Box,10,,2
MINIL-20MG,,Medicine,,tablet,No,100,Tablet,,Strip,10,,Box,10,,2
MIRTAZ-7.5MG,,Medicine,,tablet,No,100,Tablet,,Strip,10,,Box,10,,2
MIRZAPIN 7.5 MG,,Medicine,,tablet,No,100,Tablet,,Strip,10,,Box,10,,2
MIRDEP 7.5 MG,,Medicine,,tablet,No,100,Tablet,,Strip,10,,Box,10,,2
MOFUR 15G. CREAM,,Medicine,,tube,No,6,Tube,,,,,,,,1
MOISTUREX CREAM 150G,,Medicine,,tube,No,6,Tube,,,,,,,,1
MOIST EYE DROP-10 ML,,Medicine,,drops,No,6,Bottle,,,,,,,,1
MONKAST LC SYP,,Medicine,,bottle,No,10,Bottle,,,,,,,,1
MOIST MAX EYE DROP,,Medicine,,drops,No,6,Bottle,,,,,,,,1
MONOTAX 1G,,Medicine,,tablet,No,100,Tablet,,Strip,10,,Box,10,,2
MONKAST LC TAB,,Medicine,,tablet,No,100,Tablet,,Strip,10,,Box,10,,2
MOOV CREAM 15G.,,Medicine,,tube,No,6,Tube,,,,,,,,1
MOOV 25G. CREAM,,Medicine,,tube,No,6,Tube,,,,,,,,1
MOOV SPRAY-35ML,,Medicine,,bottle,No,10,Bottle,,,,,,,,1
MOOV SPRAY 15ML,,Medicine,,bottle,No,10,Bottle,,,,,,,,1
MOSQUITO REPELLENT LOTION,,Medicine,,bottle,No,10,Bottle,,,,,,,,1
MOREASE SR-200MG,,Medicine,,tablet,No,100,Tablet,,Strip,10,,Box,10,,2
MOTIVAC ENEMA,,Medicine,,tablet,No,100,Tablet,,Strip,10,,Box,10,,2
MOXYREX-500MG,,Medicine,,tablet,No,100,Tablet,,Strip,10,,Box,10,,2
MOZART-50 MG,,Medicine,,tablet,No,100,Tablet,,Strip,10,,Box,10,,2
MUCIDAL 5G,,Medicine,,tablet,No,100,Tablet,,Strip,10,,Box,10,,2
MULTI GROTH CAPSUL,,Medicine,,tablet,No,100,Tablet,,Strip,10,,Box,10,,2
MUFECT OINT 10GM,,Medicine,,tube,No,6,Tube,,,,,,,,1
MUPIR B OINTMENT,,Medicine,,tube,No,6,Tube,,,,,,,,1
MUM BUDS DIAPER S42,,Medicine,,tablet,No,100,Tablet,,Strip,10,,Box,10,,2
MUPI OINTMENT -5GM,,Medicine,,tube,No,6,Tube,,,,,,,,1
MUPIR OINT-5GM,,Medicine,,tube,No,6,Tube,,,,,,,,1
MYAMLO-5,,Medicine,,tablet,No,100,Tablet,,Strip,10,,Box,10,,2
MYCOMIN 1500,,Medicine,,tablet,No,100,Tablet,,Strip,10,,Box,10,,2
MUPPLE 10G OINT,,Medicine,,tube,No,6,Tube,,,,,,,,1
MYLOD-5MG,,Medicine,,tablet,No,100,Tablet,,Strip,10,,Box,10,,2
MYLOD-2.5MG,,Medicine,,tablet,No,100,Tablet,,Strip,10,,Box,10,,2
MYLOD AT,,Medicine,,tablet,No,100,Tablet,,Strip,10,,Box,10,,2
MYOXIN 0.125,,Medicine,,tablet,No,100,Tablet,,Strip,10,,Box,10,,2
MYLOD-LH,,Medicine,,tablet,No,100,Tablet,,Strip,10,,Box,10,,2
MYLOD-L,,Medicine,,tablet,No,100,Tablet,,Strip,10,,Box,10,,2
MYPRESS L,,Medicine,,tablet,No,100,Tablet,,Strip,10,,Box,10,,2
NACFIL-600MG,,Medicine,,tablet,No,100,Tablet,,Strip,10,,Box,10,,2
NALBET CREAM,,Medicine,,tube,No,6,Tube,,,,,,,,1
NACKED CONDOM ( SKIN LESS ),,Medicine,,tablet,No,100,Tablet,,Strip,10,,Box,10,,2
NACOXIN SR 500,,Medicine,,tablet,No,100,Tablet,,Strip,10,,Box,10,,2
NASIVION S DROPS,,Medicine,,drops,No,6,Bottle,,,,,,,,1
NASIVION-0.01% MINI,,Medicine,,tablet,No,100,Tablet,,Strip,10,,Box,10,,2
NAPROSYN-500MG,,Medicine,,tablet,No,100,Tablet,,Strip,10,,Box,10,,2
NASIVION-0.05% ADULT,,Medicine,,tablet,No,100,Tablet,,Strip,10,,Box,10,,2
NASIVION-0.025% PAEDIATRIC,,Medicine,,tablet,No,100,Tablet,,Strip,10,,Box,10,,2
NEBANOL,,Medicine,,tablet,No,100,Tablet,,Strip,10,,Box,10,,2
NEBALIN-75,,Medicine,,tablet,No,100,Tablet,,Strip,10,,Box,10,,2
NEBULIZER KIT (ADULD),,Medicine,,tablet,No,100,Tablet,,Strip,10,,Box,10,,2
NEBULIZER KIT (PAEDIATRIC),,Medicine,,tablet,No,100,Tablet,,Strip,10,,Box,10,,2
NEMOX DRY SYRUP-125MG/60ML,,Medicine,,bottle,No,10,Bottle,,,,,,,,1
NEMOX DROPS,,Medicine,,drops,No,6,Bottle,,,,,,,,1
NECIPRO (EYE/EAR DROP ),,Medicine,,drops,No,6,Bottle,,,,,,,,1
NEOPEPTINE-100ML,,Medicine,,bottle,No,10,Bottle,,,,,,,,1
NEMOX-500MG,,Medicine,,tablet,No,100,Tablet,,Strip,10,,Box,10,,2
NETFORMIN-G1 FORTE,,Medicine,,tablet,No,100,Tablet,,Strip,10,,Box,10,,2
NEOPEPTINE-60ML,,Medicine,,bottle,No,10,Bottle,,,,,,,,1
NEURO B FORTE TAB,,Medicine,,tablet,No,100,Tablet,,Strip,10,,Box,10,,2
NEPEX PAEDITRIC SYRUP 50 ML,,Medicine,,bottle,No,10,Bottle,,,,,,,,1
NEUROAGE 1500,,Medicine,,tablet,No,100,Tablet,,Strip,10,,Box,10,,2
NEWRON-1500MCG,,Medicine,,tablet,No,100,Tablet,,Strip,10,,Box,10,,2
NEUROCAL TAB,,Medicine,,tablet,No,100,Tablet,,Strip,10,,Box,10,,2
NIBARAK TEL 60 ML,,Medicine,,bottle,No,10,Bottle,,,,,,,,1
NEXPRO FAST 40MG,,Medicine,,tablet,No,100,Tablet,,Strip,10,,Box,10,,2
NEXFLAM TAB,,Medicine,,tablet,No,100,Tablet,,Strip,10,,Box,10,,2
NICAMID HA,,Medicine,,tablet,No,100,Tablet,,Strip,10,,Box,10,,2
NIKO DROPS,,Medicine,,drops,No,6,Bottle,,,,,,,,1
NIKO DS,,Medicine,,tablet,No,100,Tablet,,Strip,10,,Box,10,,2
NIKO-500MG,,Medicine,,tablet,No,100,Tablet,,Strip,10,,Box,10,,2
NIKO SYRUP-60ML,,Medicine,,bottle,No,10,Bottle,,,,,,,,1
NIMECE TABLET-100 MG,,Medicine,,tablet,No,100,Tablet,,Strip,10,,Box,10,,2
NIMS-100MG,,Medicine,,tablet,No,100,Tablet,,Strip,10,,Box,10,,2
NINDANIB 150MG,,Medicine,,tablet,No,100,Tablet,,Strip,10,,Box,10,,2
NINE ULTRA XL PAD,,Medicine,,tablet,No,100,Tablet,,Strip,10,,Box,10,,2
NINJA INJ,,Medicine,,vial,No,10,Vial,,,,,,,,1
NINJA GEL-30GM,,Medicine,,tube,No,6,Tube,,,,,,,,1
NINE PAD PURPLE,,Medicine,,tablet,No,100,Tablet,,Strip,10,,Box,10,,2
NIPPLE MORRISON,,Medicine,,tablet,No,100,Tablet,,Strip,10,,Box,10,,2
NIPID 500 ER,,Medicine,,tablet,No,100,Tablet,,Strip,10,,Box,10,,2
NINJA SR 100,,Medicine,,tablet,No,100,Tablet,,Strip,10,,Box,10,,2
NOKOF EXP.,,Medicine,,tablet,No,100,Tablet,,Strip,10,,Box,10,,2
NORDEP 25,,Medicine,,tablet,No,100,Tablet,,Strip,10,,Box,10,,2
NIPPLE TENDE FLO,,Medicine,,tablet,No,100,Tablet,,Strip,10,,Box,10,,2
NORMOGEL-SUSP.,,Medicine,,bottle,No,10,Bottle,,,,,,,,1
NOVASURE KIT,,Medicine,,tablet,No,100,Tablet,,Strip,10,,Box,10,,2
NORGEST-5MG,,Medicine,,tablet,No,100,Tablet,,Strip,10,,Box,10,,2
NORVENT D SYP,,Medicine,,bottle,No,10,Bottle,,,,,,,,1
NOWAX EAR DROPS-10ML,,Medicine,,drops,No,6,Bottle,,,,,,,,1
NS-3%100ML,,Medicine,,bottle,No,10,Bottle,,,,,,,,1
NS-100ML P.P,,Medicine,,bottle,No,10,Bottle,,,,,,,,1
NS 50 ML,,Medicine,,bottle,No,10,Bottle,,,,,,,,1
NS-500ML,,Medicine,,bottle,No,10,Bottle,,,,,,,,1
NYCIL HERBAL,,Medicine,,tablet,No,100,Tablet,,Strip,10,,Box,10,,2
NURVI,,Medicine,,tablet,No,100,Tablet,,Strip,10,,Box,10,,2
NUROBION FORTE,,Medicine,,tablet,No,100,Tablet,,Strip,10,,Box,10,,2
OCUDOR EYE DROP,,Medicine,,drops,No,6,Bottle,,,,,,,,1
OCUPOL-D E/E DROPS,,Medicine,,drops,No,6,Bottle,,,,,,,,1
OCUPOL E/E DROPS,,Medicine,,drops,No,6,Bottle,,,,,,,,1
OCUPOL OINTMENT,,Medicine,,tube,No,6,Tube,,,,,,,,1
ODONIL,,Medicine,,tablet,No,100,Tablet,,Strip,10,,Box,10,,2
OFLOZEST E/E DROP,,Medicine,,drops,No,6,Bottle,,,,,,,,1
OCUREST EYE DROPS,,Medicine,,drops,No,6,Bottle,,,,,,,,1
ODIPAN 40MG,,Medicine,,tablet,No,100,Tablet,,Strip,10,,Box,10,,2
OFROX E/D,,Medicine,,tablet,No,100,Tablet,,Strip,10,,Box,10,,2
OFROX SUSP,,Medicine,,bottle,No,10,Bottle,,,,,,,,1
OKHATI BODY SOAP,,Medicine,,box,No,10,Piece,,,,,,,,1
OKHATI FACE SOAP,,Medicine,,box,No,10,Piece,,,,,,,,1
OLIMELT-10MG,,Medicine,,tablet,No,100,Tablet,,Strip,10,,Box,10,,2
OLIMELT-5MG,,Medicine,,tablet,No,100,Tablet,,Strip,10,,Box,10,,2
OLIMELT-15MG,,Medicine,,tablet,No,100,Tablet,,Strip,10,,Box,10,,2
OLIZA-10MG,,Medicine,,tablet,No,100,Tablet,,Strip,10,,Box,10,,2
OLIZA-7.5MG,,Medicine,,tablet,No,100,Tablet,,Strip,10,,Box,10,,2
OLIZA-5MG,,Medicine,,tablet,No,100,Tablet,,Strip,10,,Box,10,,2
OMCID-20 MG,,Medicine,,tablet,No,100,Tablet,,Strip,10,,Box,10,,2
OLMARK-40,,Medicine,,tablet,No,100,Tablet,,Strip,10,,Box,10,,2
OMITRON-2ML INJ.,,Medicine,,vial,No,10,Vial,,,,,,,,1
OMNIPLEX CAP,,Medicine,,capsule,No,100,Capsule,,Strip,10,,Box,10,,2
OMIDOM CAP,,Medicine,,capsule,No,100,Capsule,,Strip,10,,Box,10,,2
ON CALL PLUS STRIPS-25'S,,Medicine,,tablet,No,100,Tablet,,Strip,10,,Box,10,,2
ONDA SYRUP,,Medicine,,bottle,No,10,Bottle,,,,,,,,1
ONCOTREX-7.5MG,,Medicine,,tablet,No,100,Tablet,,Strip,10,,Box,10,,2
ONTRON SYRUP-30ML,,Medicine,,bottle,No,10,Bottle,,,,,,,,1
ONDA-4MG,,Medicine,,tablet,No,100,Tablet,,Strip,10,,Box,10,,2
OPD-1 (OLOPATADINE EYE DROP,,Medicine,,drops,No,6,Bottle,,,,,,,,1
ORAGUM GEL 10GM,,Medicine,,tube,No,6,Tube,,,,,,,,1
ORNITAB 500 MG,,Medicine,,tablet,No,100,Tablet,,Strip,10,,Box,10,,2
OPTIVE LUBRICANT -5 MG EYE DROPS,,Medicine,,drops,No,6,Bottle,,,,,,,,1
OPTHA CARE EYE DROP,,Medicine,,drops,No,6,Bottle,,,,,,,,1
OQUIN EYE DROP,,Medicine,,drops,No,6,Bottle,,,,,,,,1
OROCARE GEL 5G,,Medicine,,tube,No,6,Tube,,,,,,,,1
ORO HEAL-5GM,,Medicine,,tablet,No,100,Tablet,,Strip,10,,Box,10,,2
OROHEX - M,,Medicine,,tablet,No,100,Tablet,,Strip,10,,Box,10,,2
OROSAFE M/W 100ML,,Medicine,,bottle,No,10,Bottle,,,,,,,,1
ORTIZA 500 mg,,Medicine,,tablet,No,100,Tablet,,Strip,10,,Box,10,,2
ORS BOTTLE,,Medicine,,sachet,No,30,Sachet,,Strip,10,,Box,10,,2
OSTOFLEX OIL,,Medicine,,bottle,No,10,Bottle,,,,,,,,1
OSTONAC DT TAB,,Medicine,,tablet,No,100,Tablet,,Strip,10,,Box,10,,2
OSTEFEN-200XR,,Medicine,,tablet,No,100,Tablet,,Strip,10,,Box,10,,2
OZE-10MG,,Medicine,,tablet,No,100,Tablet,,Strip,10,,Box,10,,2
OTOREX EAR DROPS,,Medicine,,drops,No,6,Bottle,,,,,,,,1
OSTONAC MOUTH WASH,,Medicine,,bottle,No,10,Bottle,,,,,,,,1
OTOSOFT EAR DROPS,,Medicine,,drops,No,6,Bottle,,,,,,,,1
OZE-5MG,,Medicine,,tablet,No,100,Tablet,,Strip,10,,Box,10,,2
OZE-2.5MG,,Medicine,,tablet,No,100,Tablet,,Strip,10,,Box,10,,2
P-GUT 40 MG,,Medicine,,tablet,No,100,Tablet,,Strip,10,,Box,10,,2
P-ONE-10MG,,Medicine,,tablet,No,100,Tablet,,Strip,10,,Box,10,,2
OZOVAS-10MG,,Medicine,,tablet,No,100,Tablet,,Strip,10,,Box,10,,2
P-ONE-40MG,,Medicine,,tablet,No,100,Tablet,,Strip,10,,Box,10,,2
PAAZ-0.5MG,,Medicine,,tablet,No,100,Tablet,,Strip,10,,Box,10,,2
PAAZ-0.25MG,,Medicine,,tablet,No,100,Tablet,,Strip,10,,Box,10,,2
PAINCURE GEL 30GM,,Medicine,,tube,No,6,Tube,,,,,,,,1
PACIMOL SUSP.,,Medicine,,bottle,No,10,Bottle,,,,,,,,1
PAINRIL MD,,Medicine,,tablet,No,100,Tablet,,Strip,10,,Box,10,,2
PADELUX PAD,,Medicine,,tablet,No,100,Tablet,,Strip,10,,Box,10,,2
PANCARE DSR,,Medicine,,tablet,No,100,Tablet,,Strip,10,,Box,10,,2
PAINZOX TAB,,Medicine,,tablet,No,100,Tablet,,Strip,10,,Box,10,,2
PANICARE 60ML,,Medicine,,bottle,No,10,Bottle,,,,,,,,1
PANKAM INGECTION,,Medicine,,tablet,No,100,Tablet,,Strip,10,,Box,10,,2
PANDOM DSR,,Medicine,,tablet,No,100,Tablet,,Strip,10,,Box,10,,2
PANLOC FAST DSR,,Medicine,,tablet,No,100,Tablet,,Strip,10,,Box,10,,2
PANOFLAM TAB.,,Medicine,,tablet,No,100,Tablet,,Strip,10,,Box,10,,2
PANOLASE TAB,,Medicine,,tablet,No,100,Tablet,,Strip,10,,Box,10,,2
PANKAM INJECTION,,Medicine,,vial,No,10,Vial,,,,,,,,1
PANPRAZ DSR,,Medicine,,tablet,No,100,Tablet,,Strip,10,,Box,10,,2
PANPRAZ 40 MG,,Medicine,,tablet,No,100,Tablet,,Strip,10,,Box,10,,2
PANSAFE D TAB,,Medicine,,tablet,No,100,Tablet,,Strip,10,,Box,10,,2
PANRID 40 TAB,,Medicine,,tablet,No,100,Tablet,,Strip,10,,Box,10,,2
PANPURE-20MG,,Medicine,,tablet,No,100,Tablet,,Strip,10,,Box,10,,2
PANTA FAST 40 MG,,Medicine,,tablet,No,100,Tablet,,Strip,10,,Box,10,,2
PANTO PLUS,,Medicine,,tablet,No,100,Tablet,,Strip,10,,Box,10,,2
PANTA FAST-DSR,,Medicine,,tablet,No,100,Tablet,,Strip,10,,Box,10,,2
PAPAYA SOAP 100 GM,,Medicine,,box,No,10,Piece,,,,,,,,1
PAPER TAPE,,Medicine,,tablet,No,100,Tablet,,Strip,10,,Box,10,,2
PANTY LINER,,Medicine,,tablet,No,100,Tablet,,Strip,10,,Box,10,,2
PANZOL 40 INJ,,Medicine,,vial,No,10,Vial,,,,,,,,1
PARACHUTE BABY OIL 100 ML,,Medicine,,bottle,No,10,Bottle,,,,,,,,1
PARACHUTE BABY OIL 250ML,,Medicine,,bottle,No,10,Bottle,,,,,,,,1
PARACHUTE BABY POWDER 100G,,Medicine,,sachet,No,30,Sachet,,Strip,10,,Box,10,,2
PARACHUTE BABY CREAM 50G,,Medicine,,tube,No,6,Tube,,,,,,,,1
PARACHUTE COCNUTE OIL 175ML,,Medicine,,bottle,No,10,Bottle,,,,,,,,1
PARACHUTE POWDER 50G,,Medicine,,sachet,No,30,Sachet,,Strip,10,,Box,10,,2
PARAFLAM SUSPENSION,,Medicine,,bottle,No,10,Bottle,,,,,,,,1
PEDIASURE V/F 375GM,,Medicine,,tablet,No,100,Tablet,,Strip,10,,Box,10,,2
PASIT 100 ML,,Medicine,,bottle,No,10,Bottle,,,,,,,,1
PARAZOX,,Medicine,,tablet,No,100,Tablet,,Strip,10,,Box,10,,2
PEPTOZYME SYRUP-100 ML,,Medicine,,bottle,No,10,Bottle,,,,,,,,1
PERIDOX-100MG,,Medicine,,tablet,No,100,Tablet,,Strip,10,,Box,10,,2
PEPZEN 10 MG,,Medicine,,tablet,No,100,Tablet,,Strip,10,,Box,10,,2
PEPSERA-10 MG,,Medicine,,tablet,No,100,Tablet,,Strip,10,,Box,10,,2
PEXEP CR-25MG,,Medicine,,tablet,No,100,Tablet,,Strip,10,,Box,10,,2
PEXEP CR-12.5MG,,Medicine,,tablet,No,100,Tablet,,Strip,10,,Box,10,,2
PILCORT H INJ,,Medicine,,vial,No,10,Vial,,,,,,,,1
PILEX OINTMENT-30G,,Medicine,,tube,No,6,Tube,,,,,,,,1
PFOTY DSR,,Medicine,,tablet,No,100,Tablet,,Strip,10,,Box,10,,2
PHYTORAL OINT,,Medicine,,tube,No,6,Tube,,,,,,,,1
PLACENTREX GEL-20GM.,,Medicine,,tube,No,6,Tube,,,,,,,,1
PIOCEF-200MG,,Medicine,,tablet,No,100,Tablet,,Strip,10,,Box,10,,2
PILEX TAB-60'S,,Medicine,,tablet,No,100,Tablet,,Strip,10,,Box,10,,2
POCKET TISSUE,,Medicine,,tablet,No,100,Tablet,,Strip,10,,Box,10,,2
PLASTER OF PARIS BANDAGE 4 INCH,,Medicine,,tablet,No,100,Tablet,,Strip,10,,Box,10,,2
PLASTER OF PARIS BANDAGE 6 INCH,,Medicine,,tablet,No,100,Tablet,,Strip,10,,Box,10,,2
POLYSPORIN 5 GM,,Medicine,,tablet,No,100,Tablet,,Strip,10,,Box,10,,2
POLYDERM CREAM-15GR.,,Medicine,,tube,No,6,Tube,,,,,,,,1
POTASSIUM-20GR.,,Medicine,,tablet,No,100,Tablet,,Strip,10,,Box,10,,2
PREGA NEWS UPT KIT,,Medicine,,tablet,No,100,Tablet,,Strip,10,,Box,10,,2
POTSIM-170ML,,Medicine,,bottle,No,10,Bottle,,,,,,,,1
PRE-Z 75,,Medicine,,tablet,No,100,Tablet,,Strip,10,,Box,10,,2
PREGABA-75MG,,Medicine,,tablet,No,100,Tablet,,Strip,10,,Box,10,,2
PREGA-M CAPSULE,,Medicine,,capsule,No,100,Capsule,,Strip,10,,Box,10,,2
PREGASOFT M 1500,,Medicine,,tablet,No,100,Tablet,,Strip,10,,Box,10,,2
PREGNANCY TEST,,Medicine,,tablet,No,100,Tablet,,Strip,10,,Box,10,,2
PREMARIN 0.625MG,,Medicine,,tablet,No,100,Tablet,,Strip,10,,Box,10,,2
PRESIN LH,,Medicine,,tablet,No,100,Tablet,,Strip,10,,Box,10,,2
PRESIN *H,,Medicine,,tablet,No,100,Tablet,,Strip,10,,Box,10,,2
PREMARIN VAGINAL CREAM 14G.,,Medicine,,tube,No,6,Tube,,,,,,,,1
PRIMOCIN - F,,Medicine,,tablet,No,100,Tablet,,Strip,10,,Box,10,,2
PRO EASE PAD,,Medicine,,tablet,No,100,Tablet,,Strip,10,,Box,10,,2
PRIMOL DS 60ML,,Medicine,,bottle,No,10,Bottle,,,,,,,,1
PROATE 500,,Medicine,,tablet,No,100,Tablet,,Strip,10,,Box,10,,2
PROBIOTIC SPRAY(MOUTH SPRAY),,Medicine,,bottle,No,10,Bottle,,,,,,,,1
PROATE 300,,Medicine,,tablet,No,100,Tablet,,Strip,10,,Box,10,,2
PRODOXIME-200MG,,Medicine,,tablet,No,100,Tablet,,Strip,10,,Box,10,,2
PROCEDURE,,Medicine,,tablet,No,100,Tablet,,Strip,10,,Box,10,,2
PRODOXIME 100MG SYRUP,,Medicine,,bottle,No,10,Bottle,,,,,,,,1
PROTIUM 40MG,,Medicine,,tablet,No,100,Tablet,,Strip,10,,Box,10,,2
PROLENE 4-0 C/B 870,,Medicine,,tablet,No,100,Tablet,,Strip,10,,Box,10,,2
PROTEK OINTMENT 15GM.,,Medicine,,tube,No,6,Tube,,,,,,,,1
PROTOGYL FORTE-400MG,,Medicine,,tablet,No,100,Tablet,,Strip,10,,Box,10,,2
PUDIN HARA,,Medicine,,tablet,No,100,Tablet,,Strip,10,,Box,10,,2
PROTOGYL DF-SUSP.,,Medicine,,bottle,No,10,Bottle,,,,,,,,1
PROTOGYL DF TAB,,Medicine,,tablet,No,100,Tablet,,Strip,10,,Box,10,,2
PULSE OXYMETER CHOICEMED,,Medicine,,tablet,No,100,Tablet,,Strip,10,,Box,10,,2
PULCIMOL REPSUL,,Medicine,,tablet,No,100,Tablet,,Strip,10,,Box,10,,2
PULCER-D,,Medicine,,tablet,No,100,Tablet,,Strip,10,,Box,10,,2
PURE DIAPER L,,Medicine,,tablet,No,100,Tablet,,Strip,10,,Box,10,,2
PURE DIAPER M,,Medicine,,tablet,No,100,Tablet,,Strip,10,,Box,10,,2
PYLORID 20,,Medicine,,tablet,No,100,Tablet,,Strip,10,,Box,10,,2
PYVITA-10MG,,Medicine,,tablet,No,100,Tablet,,Strip,10,,Box,10,,2
PURE DIAPER S5,,Medicine,,tablet,No,100,Tablet,,Strip,10,,Box,10,,2
R-STAT 10,,Medicine,,tablet,No,100,Tablet,,Strip,10,,Box,10,,2
QUTIPINE-50MG,,Medicine,,tablet,No,100,Tablet,,Strip,10,,Box,10,,2
QUINOCIN-FC 5 GM,,Medicine,,tablet,No,100,Tablet,,Strip,10,,Box,10,,2
R.B. TONE-200ML,,Medicine,,bottle,No,10,Bottle,,,,,,,,1
RA THERMOSESAL,,Medicine,,tablet,No,100,Tablet,,Strip,10,,Box,10,,2
R-STAT 20,,Medicine,,tablet,No,100,Tablet,,Strip,10,,Box,10,,2
RABLOC 20 MG,,Medicine,,tablet,No,100,Tablet,,Strip,10,,Box,10,,2
RABIFAST 20,,Medicine,,tablet,No,100,Tablet,,Strip,10,,Box,10,,2
RANICARE 60 ML,,Medicine,,bottle,No,10,Bottle,,,,,,,,1
RACID GEL 170 ML,,Medicine,,tube,No,6,Tube,,,,,,,,1
RANIVA INJECTION,,Medicine,,vial,No,10,Vial,,,,,,,,1
RECTIFIED SPIRIT-400ML,,Medicine,,bottle,No,10,Bottle,,,,,,,,1
RAPZOL,,Medicine,,tablet,No,100,Tablet,,Strip,10,,Box,10,,2
RANIPED SYRUP,,Medicine,,bottle,No,10,Bottle,,,,,,,,1
RELICALM PLUS 5,,Medicine,,tablet,No,100,Tablet,,Strip,10,,Box,10,,2
RELUB EYE DROPS 10ML,,Medicine,,drops,No,6,Bottle,,,,,,,,1
RELYTE (ORS),,Medicine,,sachet,No,30,Sachet,,Strip,10,,Box,10,,2
REHAB-50MG,,Medicine,,tablet,No,100,Tablet,,Strip,10,,Box,10,,2
REMECIN-B,,Medicine,,tablet,No,100,Tablet,,Strip,10,,Box,10,,2
REMEGYL DF SUS,,Medicine,,tablet,No,100,Tablet,,Strip,10,,Box,10,,2
REMIGAP 50,,Medicine,,tablet,No,100,Tablet,,Strip,10,,Box,10,,2
RESERT-25MG,,Medicine,,tablet,No,100,Tablet,,Strip,10,,Box,10,,2
REPACE-H TAB,,Medicine,,tablet,No,100,Tablet,,Strip,10,,Box,10,,2
RESERT-H TAB,,Medicine,,tablet,No,100,Tablet,,Strip,10,,Box,10,,2
RETUNE SR,,Medicine,,tablet,No,100,Tablet,,Strip,10,,Box,10,,2
RETIDERM 0.05% GEL,,Medicine,,tube,No,6,Tube,,,,,,,,1
RESERT-50MG,,Medicine,,tablet,No,100,Tablet,,Strip,10,,Box,10,,2
REXIPRA-5MG,,Medicine,,tablet,No,100,Tablet,,Strip,10,,Box,10,,2
REXAMOL 500 mg,,Medicine,,tablet,No,100,Tablet,,Strip,10,,Box,10,,2
RHINEX TAB,,Medicine,,tablet,No,100,Tablet,,Strip,10,,Box,10,,2
RHINEX SYRUP,,Medicine,,bottle,No,10,Bottle,,,,,,,,1
RHINOZOL 0.05 15ML,,Medicine,,bottle,No,10,Bottle,,,,,,,,1
RHUMASYL LOTION,,Medicine,,bottle,No,10,Bottle,,,,,,,,1
RINE M TAB,,Medicine,,tablet,No,100,Tablet,,Strip,10,,Box,10,,2
RILIZ SYP 200ML,,Medicine,,bottle,No,10,Bottle,,,,,,,,1
RHINOZOL NASAL DROPS,,Medicine,,drops,No,6,Bottle,,,,,,,,1
RIFAXIM 550,,Medicine,,tablet,No,100,Tablet,,Strip,10,,Box,10,,2
RISPER-3MG,,Medicine,,tablet,No,100,Tablet,,Strip,10,,Box,10,,2
RINGER LACTED-500ML,,Medicine,,bottle,No,10,Bottle,,,,,,,,1
RITCH LOTION,,Medicine,,bottle,No,10,Bottle,,,,,,,,1
RIXAB 10,,Medicine,,tablet,No,100,Tablet,,Strip,10,,Box,10,,2
RIVAROX 15,,Medicine,,tablet,No,100,Tablet,,Strip,10,,Box,10,,2
RIZICET-10MG,,Medicine,,tablet,No,100,Tablet,,Strip,10,,Box,10,,2
ROLFAST 20 TAB,,Medicine,,tablet,No,100,Tablet,,Strip,10,,Box,10,,2
RIZORA 10 MG,,Medicine,,tablet,No,100,Tablet,,Strip,10,,Box,10,,2
ROLBACT 5GM,,Medicine,,tablet,No,100,Tablet,,Strip,10,,Box,10,,2
ROLIGRA 180 MG,,Medicine,,tablet,No,100,Tablet,,Strip,10,,Box,10,,2
ROLI 10GM,,Medicine,,tablet,No,100,Tablet,,Strip,10,,Box,10,,2
ROLIGRA 120 MG,,Medicine,,tablet,No,100,Tablet,,Strip,10,,Box,10,,2
ROLL BANDAGE = 3 iNCH,,Medicine,,tablet,No,100,Tablet,,Strip,10,,Box,10,,2
"ROLL BANDAGE 4""--V",,Medicine,,tablet,No,100,Tablet,,Strip,10,,Box,10,,2
ROLPLEX Z CAP,,Medicine,,capsule,No,100,Capsule,,Strip,10,,Box,10,,2
"ROLL BANDAGE-6""",,Medicine,,tablet,No,100,Tablet,,Strip,10,,Box,10,,2
ROLSARTAN - 25,,Medicine,,tablet,No,100,Tablet,,Strip,10,,Box,10,,2
ROLSARTAN-M-500,,Medicine,,tablet,No,100,Tablet,,Strip,10,,Box,10,,2
ROPIROCIN 10,,Medicine,,tablet,No,100,Tablet,,Strip,10,,Box,10,,2
ROPIROCIN 5GM,,Medicine,,tablet,No,100,Tablet,,Strip,10,,Box,10,,2
ROPOD 200 DT,,Medicine,,tablet,No,100,Tablet,,Strip,10,,Box,10,,2
ROSAPAN DSR,,Medicine,,tablet,No,100,Tablet,,Strip,10,,Box,10,,2
ROSUREX 10,,Medicine,,tablet,No,100,Tablet,,Strip,10,,Box,10,,2
ROSE WATER,,Medicine,,tablet,No,100,Tablet,,Strip,10,,Box,10,,2
ROSE FACE SOAO 60GM,,Medicine,,tablet,No,100,Tablet,,Strip,10,,Box,10,,2
ROTRAZOL 200 MG,,Medicine,,tablet,No,100,Tablet,,Strip,10,,Box,10,,2
ROTAHELAR--V,,Medicine,,tablet,No,100,Tablet,,Strip,10,,Box,10,,2
ROTAHELAR--P,,Medicine,,tablet,No,100,Tablet,,Strip,10,,Box,10,,2
ROVASTIN-20MG,,Medicine,,tablet,No,100,Tablet,,Strip,10,,Box,10,,2
ROVAS-10MG,,Medicine,,tablet,No,100,Tablet,,Strip,10,,Box,10,,2
ROVAS-5MG,,Medicine,,tablet,No,100,Tablet,,Strip,10,,Box,10,,2
ROVASTIN-5MG,,Medicine,,tablet,No,100,Tablet,,Strip,10,,Box,10,,2
ROVASTOR 10,,Medicine,,tablet,No,100,Tablet,,Strip,10,,Box,10,,2
ROVISTA 10,,Medicine,,tablet,No,100,Tablet,,Strip,10,,Box,10,,2
ROZAVRL EZ,,Medicine,,tablet,No,100,Tablet,,Strip,10,,Box,10,,2
ROVISTA 5,,Medicine,,tablet,No,100,Tablet,,Strip,10,,Box,10,,2
ROXICEF 500,,Medicine,,tablet,No,100,Tablet,,Strip,10,,Box,10,,2
SACURA 100MG,,Medicine,,tablet,No,100,Tablet,,Strip,10,,Box,10,,2
RYZODEG PENFILL,,Medicine,,tablet,No,100,Tablet,,Strip,10,,Box,10,,2
SAGUN DIAPER L4,,Medicine,,tablet,No,100,Tablet,,Strip,10,,Box,10,,2
SAGUN DIAPER S,,Medicine,,tablet,No,100,Tablet,,Strip,10,,Box,10,,2
SAFI 200ML,,Medicine,,bottle,No,10,Bottle,,,,,,,,1
SALMOL-4MG,,Medicine,,tablet,No,100,Tablet,,Strip,10,,Box,10,,2
SAGUN PAD NIGHT BLACK,,Medicine,,tablet,No,100,Tablet,,Strip,10,,Box,10,,2
SAGUN PAD XL 290MM,,Medicine,,tablet,No,100,Tablet,,Strip,10,,Box,10,,2
SALSA 40 OINT,,Medicine,,tube,No,6,Tube,,,,,,,,1
SANITARY PADS (H.D.),,Medicine,,tablet,No,100,Tablet,,Strip,10,,Box,10,,2
SALYZAP BODY ACNE SPRAY,,Medicine,,bottle,No,10,Bottle,,,,,,,,1
SARTEL-20MG,,Medicine,,tablet,No,100,Tablet,,Strip,10,,Box,10,,2
SARBOTTAM MIXED FRUIT,,Medicine,,tablet,No,100,Tablet,,Strip,10,,Box,10,,2
SARTEL-40MG,,Medicine,,tablet,No,100,Tablet,,Strip,10,,Box,10,,2
SARTEL-80MG,,Medicine,,tablet,No,100,Tablet,,Strip,10,,Box,10,,2
SARTEL-H,,Medicine,,tablet,No,100,Tablet,,Strip,10,,Box,10,,2
SBZ CAP,,Medicine,,capsule,No,100,Capsule,,Strip,10,,Box,10,,2
SATU,,Medicine,,tablet,No,100,Tablet,,Strip,10,,Box,10,,2
SAVACORT 6/400,,Medicine,,tablet,No,100,Tablet,,Strip,10,,Box,10,,2
SCARFIX TX CREAM,,Medicine,,tube,No,6,Tube,,,,,,,,1
SBZ SYRUP 210ML,,Medicine,,bottle,No,10,Bottle,,,,,,,,1
SCAR Z SOLUTION,,Medicine,,bottle,No,10,Bottle,,,,,,,,1
SCANIL LOTION,,Medicine,,bottle,No,10,Bottle,,,,,,,,1
SCABCAVIT SOAP,,Medicine,,box,No,10,Piece,,,,,,,,1
SCISSOR,,Medicine,,tablet,No,100,Tablet,,Strip,10,,Box,10,,2
SCARIN LOSTION,,Medicine,,tablet,No,100,Tablet,,Strip,10,,Box,10,,2
SECWIN 1000MG,,Medicine,,tablet,No,100,Tablet,,Strip,10,,Box,10,,2
SELCAINE JELLY 2,,Medicine,,tablet,No,100,Tablet,,Strip,10,,Box,10,,2
SECZYL-DS,,Medicine,,tablet,No,100,Tablet,,Strip,10,,Box,10,,2
SELSUN BIG,,Medicine,,tablet,No,100,Tablet,,Strip,10,,Box,10,,2
SENSITIVE BABY WIPS,,Medicine,,tablet,No,100,Tablet,,Strip,10,,Box,10,,2
SENSARIL 25 TAB,,Medicine,,tablet,No,100,Tablet,,Strip,10,,Box,10,,2
SENSODYNE TOOTH BRUSH 2+1,,Medicine,,tablet,No,100,Tablet,,Strip,10,,Box,10,,2
SENSODYNE (SENSITIVE & GUM) 70G,,Medicine,,tablet,No,100,Tablet,,Strip,10,,Box,10,,2
SENSODYNE BRUSH,,Medicine,,tablet,No,100,Tablet,,Strip,10,,Box,10,,2
SENSODYNE 40G FRESH GEL,,Medicine,,tube,No,6,Tube,,,,,,,,1
SERWELL 100 MG,,Medicine,,tablet,No,100,Tablet,,Strip,10,,Box,10,,2
SET TABLET,,Medicine,,tablet,No,100,Tablet,,Strip,10,,Box,10,,2
SEROFLO-250 ROTACAPS,,Medicine,,box,No,5,Inhaler,,,,,,,,1
SILGARD OINT,,Medicine,,tube,No,6,Tube,,,,,,,,1
SILOSIN 8,,Medicine,,tablet,No,100,Tablet,,Strip,10,,Box,10,,2
SHINE D DROPS,,Medicine,,drops,No,6,Bottle,,,,,,,,1
SHADOW 50+ GEL,,Medicine,,tube,No,6,Tube,,,,,,,,1
SILOCIN 4 MG,,Medicine,,tablet,No,100,Tablet,,Strip,10,,Box,10,,2
SILVIN CREAM 25G,,Medicine,,tube,No,6,Tube,,,,,,,,1
SINAREST-S NASAL SPRAY/DROPS 15ML,,Medicine,,drops,No,6,Bottle,,,,,,,,1
SILZINE CREAM 25G,,Medicine,,tube,No,6,Tube,,,,,,,,1
SINAREST SYRUP 100ML,,Medicine,,bottle,No,10,Bottle,,,,,,,,1
SINEX SUSPENSION 60 ML,,Medicine,,bottle,No,10,Bottle,,,,,,,,1
SIOGENE 170ML,,Medicine,,bottle,No,10,Bottle,,,,,,,,1
SINEX MINI SUSP,,Medicine,,bottle,No,10,Bottle,,,,,,,,1
SIPTIN M-1000MG,,Medicine,,tablet,No,100,Tablet,,Strip,10,,Box,10,,2
SINEX,,Medicine,,tablet,No,100,Tablet,,Strip,10,,Box,10,,2
SIPTIN M-500MG,,Medicine,,tablet,No,100,Tablet,,Strip,10,,Box,10,,2
SIPTIN M-850MG,,Medicine,,tablet,No,100,Tablet,,Strip,10,,Box,10,,2
SIPTIN-50MG,,Medicine,,tablet,No,100,Tablet,,Strip,10,,Box,10,,2
SITA-M-850 MG,,Medicine,,tablet,No,100,Tablet,,Strip,10,,Box,10,,2
SIPTIN-100MG,,Medicine,,tablet,No,100,Tablet,,Strip,10,,Box,10,,2
SITAMET-SR 500,,Medicine,,tablet,No,100,Tablet,,Strip,10,,Box,10,,2
SITAMET-SR-1000 MG,,Medicine,,tablet,No,100,Tablet,,Strip,10,,Box,10,,2
SIZODON MD 0.5 MG,,Medicine,,tablet,No,100,Tablet,,Strip,10,,Box,10,,2
SITUS M 1000,,Medicine,,tablet,No,100,Tablet,,Strip,10,,Box,10,,2
SITCOM-100MG,,Medicine,,tablet,No,100,Tablet,,Strip,10,,Box,10,,2
SMULAC LIQUID 200ML,,Medicine,,bottle,No,10,Bottle,,,,,,,,1
SMARTAN - AM,,Medicine,,tablet,No,100,Tablet,,Strip,10,,Box,10,,2
SKARFIX CREAM 20G.(FIX DERMA),,Medicine,,tube,No,6,Tube,,,,,,,,1
SOFTY PAD 10 PC,,Medicine,,tablet,No,100,Tablet,,Strip,10,,Box,10,,2
SOFT BIOVIT CAP,,Medicine,,capsule,No,100,Capsule,,Strip,10,,Box,10,,2
SOFTY PAD,,Medicine,,tablet,No,100,Tablet,,Strip,10,,Box,10,,2
SOFY (BODY FIT),,Medicine,,tablet,No,100,Tablet,,Strip,10,,Box,10,,2
SOFTY PAD GREEN,,Medicine,,tablet,No,100,Tablet,,Strip,10,,Box,10,,2
SOFY (ANTI-BACTERIAL),,Medicine,,tablet,No,100,Tablet,,Strip,10,,Box,10,,2
SONADERM-GM-10GR.,,Medicine,,tablet,No,100,Tablet,,Strip,10,,Box,10,,2
SOTHEX BM,,Medicine,,tablet,No,100,Tablet,,Strip,10,,Box,10,,2
SONADERM NM CREAM,,Medicine,,tube,No,6,Tube,,,,,,,,1
SPRIL F TAB,,Medicine,,tablet,No,100,Tablet,,Strip,10,,Box,10,,2
SPASPAIN TAB,,Medicine,,tablet,No,100,Tablet,,Strip,10,,Box,10,,2
SPAZOX TAB.,,Medicine,,tablet,No,100,Tablet,,Strip,10,,Box,10,,2
STAYFREE ALL NIGHT,,Medicine,,tablet,No,100,Tablet,,Strip,10,,Box,10,,2
STAGEL SUSP-170ML,,Medicine,,bottle,No,10,Bottle,,,,,,,,1
STADERM CREAM,,Medicine,,tube,No,6,Tube,,,,,,,,1
STAL-LACT SYRUP,,Medicine,,bottle,No,10,Bottle,,,,,,,,1
STEMETIL-5MG,,Medicine,,tablet,No,100,Tablet,,Strip,10,,Box,10,,2
STAYFREE SECURE XL,,Medicine,,tablet,No,100,Tablet,,Strip,10,,Box,10,,2
STREPSILS,,Medicine,,tablet,No,100,Tablet,,Strip,10,,Box,10,,2
STONIL TAB.,,Medicine,,tablet,No,100,Tablet,,Strip,10,,Box,10,,2
STONIL SYRUP 200ML,,Medicine,,bottle,No,10,Bottle,,,,,,,,1
SUCARB EAR DROP,,Medicine,,drops,No,6,Bottle,,,,,,,,1
SUGAR FREE GOLD 300+10PELLETS,,Medicine,,tablet,No,100,Tablet,,Strip,10,,Box,10,,2
SUCRAFIL SUSP.,,Medicine,,bottle,No,10,Bottle,,,,,,,,1
SUGAR FREE 100 PELLETS,,Medicine,,tablet,No,100,Tablet,,Strip,10,,Box,10,,2
SURGICAL GLOVES -6.5 SIZE(P),,Medicine,,tablet,No,100,Tablet,,Strip,10,,Box,10,,2
SUPRAMOX CV 625,,Medicine,,tablet,No,100,Tablet,,Strip,10,,Box,10,,2
SUPRAMOX CV BID 60ML,,Medicine,,bottle,No,10,Bottle,,,,,,,,1
SULPTREX RESPULES,,Medicine,,box,No,5,Inhaler,,,,,,,,1
SUNSCRIV SUNSCREEN LOTION 100ML,,Medicine,,bottle,No,10,Bottle,,,,,,,,1
SWICH 100MG DRY SYRUP 30ML,,Medicine,,bottle,No,10,Bottle,,,,,,,,1
SYNO PILL,,Medicine,,tablet,No,100,Tablet,,Strip,10,,Box,10,,2
SWIFTUS EXP SYRUP,,Medicine,,bottle,No,10,Bottle,,,,,,,,1
SYRINGE- 5ML-KANA,,Medicine,,bottle,No,10,Bottle,,,,,,,,1
SYRINGE- 3ML(KANA),,Medicine,,bottle,No,10,Bottle,,,,,,,,1
SYNTRAN-100 MG,,Medicine,,tablet,No,100,Tablet,,Strip,10,,Box,10,,2
SYSCAN-200MG,,Medicine,,tablet,No,100,Tablet,,Strip,10,,Box,10,,2
T-ZINE-10MG,,Medicine,,tablet,No,100,Tablet,,Strip,10,,Box,10,,2
SYRINGE-20ML KANA,,Medicine,,bottle,No,10,Bottle,,,,,,,,1
SYRINGE-10ML KANA-V,,Medicine,,bottle,No,10,Bottle,,,,,,,,1
T4 100,,Medicine,,tablet,No,100,Tablet,,Strip,10,,Box,10,,2
T.T. INJ.,,Medicine,,vial,No,10,Vial,,,,,,,,1
T4 25,,Medicine,,tablet,No,100,Tablet,,Strip,10,,Box,10,,2
TELMI-H,,Medicine,,tablet,No,100,Tablet,,Strip,10,,Box,10,,2
TAMBY CAP,,Medicine,,capsule,No,100,Capsule,,Strip,10,,Box,10,,2
TAMSULIN 0.4,,Medicine,,tablet,No,100,Tablet,,Strip,10,,Box,10,,2
TELSARTAN AM,,Medicine,,tablet,No,100,Tablet,,Strip,10,,Box,10,,2
TELTOP 20,,Medicine,,tablet,No,100,Tablet,,Strip,10,,Box,10,,2
TGR-160MG,,Medicine,,tablet,No,100,Tablet,,Strip,10,,Box,10,,2
TERITOP OINT,,Medicine,,tube,No,6,Tube,,,,,,,,1
TENEPRIDE-20,,Medicine,,tablet,No,100,Tablet,,Strip,10,,Box,10,,2
THERMOSEAL RA 100GM.,,Medicine,,tablet,No,100,Tablet,,Strip,10,,Box,10,,2
THERMOMETER RECTAL,,Medicine,,tablet,No,100,Tablet,,Strip,10,,Box,10,,2
THERMOMETER ROOM,,Medicine,,tablet,No,100,Tablet,,Strip,10,,Box,10,,2
THOPLO 320MM ALLOW,,Medicine,,tablet,No,100,Tablet,,Strip,10,,Box,10,,2
THIOCOS TAB,,Medicine,,tablet,No,100,Tablet,,Strip,10,,Box,10,,2
THIAVIT 100 MG,,Medicine,,tablet,No,100,Tablet,,Strip,10,,Box,10,,2
THOPLO GREEN,,Medicine,,tablet,No,100,Tablet,,Strip,10,,Box,10,,2
THOPLO RED,,Medicine,,tablet,No,100,Tablet,,Strip,10,,Box,10,,2
THROMBOPHOB OINT.,,Medicine,,tube,No,6,Tube,,,,,,,,1
THUMB SILICON PACIFIER,,Medicine,,tablet,No,100,Tablet,,Strip,10,,Box,10,,2
THUMB SPICA SPLINT LARGE-P,,Medicine,,tablet,No,100,Tablet,,Strip,10,,Box,10,,2
THYROLAR 50,,Medicine,,tablet,No,100,Tablet,,Strip,10,,Box,10,,2
THYRONICS 50,,Medicine,,tablet,No,100,Tablet,,Strip,10,,Box,10,,2
THYROLAR 75 MG,,Medicine,,tablet,No,100,Tablet,,Strip,10,,Box,10,,2
TIOVA ROTACAPS,,Medicine,,box,No,5,Inhaler,,,,,,,,1
TISSUE PAPER (2PLY {SAFETY SOFT}),,Medicine,,tablet,No,100,Tablet,,Strip,10,,Box,10,,2
TIPIN 100 MG,,Medicine,,tablet,No,100,Tablet,,Strip,10,,Box,10,,2
TILVIT INJ.,,Medicine,,vial,No,10,Vial,,,,,,,,1
TIZAFLAM TAB,,Medicine,,tablet,No,100,Tablet,,Strip,10,,Box,10,,2
TIZPA-2MG,,Medicine,,tablet,No,100,Tablet,,Strip,10,,Box,10,,2
TOBACIN EYE DROPS,,Medicine,,drops,No,6,Bottle,,,,,,,,1
TONGUE DEPRESSOR,,Medicine,,tablet,No,100,Tablet,,Strip,10,,Box,10,,2
TOILET PAPER,,Medicine,,tablet,No,100,Tablet,,Strip,10,,Box,10,,2
TORCEF 50 DS,,Medicine,,tablet,No,100,Tablet,,Strip,10,,Box,10,,2
TORSIMED 20 MG,,Medicine,,tablet,No,100,Tablet,,Strip,10,,Box,10,,2
TOOTH BRUSH ALPHA,,Medicine,,tablet,No,100,Tablet,,Strip,10,,Box,10,,2
TORCEF DROPS,,Medicine,,drops,No,6,Bottle,,,,,,,,1
TRANAREST-500MG,,Medicine,,tablet,No,100,Tablet,,Strip,10,,Box,10,,2
TORVATE-300MG,,Medicine,,tablet,No,100,Tablet,,Strip,10,,Box,10,,2
TRIAVIT TABLETS,,Medicine,,tablet,No,100,Tablet,,Strip,10,,Box,10,,2
TRIAD-10MG,,Medicine,,tablet,No,100,Tablet,,Strip,10,,Box,10,,2
TRIAD-25MG,,Medicine,,tablet,No,100,Tablet,,Strip,10,,Box,10,,2
TRICAINE MPS GEL 200ML,,Medicine,,tube,No,6,Tube,,,,,,,,1
TRICEF-200MG,,Medicine,,tablet,No,100,Tablet,,Strip,10,,Box,10,,2
TRICHEK 160,,Medicine,,tablet,No,100,Tablet,,Strip,10,,Box,10,,2
TRIPLIN-10MG,,Medicine,,tablet,No,100,Tablet,,Strip,10,,Box,10,,2
TROPICA EYE DROP,,Medicine,,drops,No,6,Bottle,,,,,,,,1
TURBOVAS-10MG,,Medicine,,tablet,No,100,Tablet,,Strip,10,,Box,10,,2
TULASI COUGH SYRUP,,Medicine,,bottle,No,10,Bottle,,,,,,,,1
TUSQ-P DROPS,,Medicine,,drops,No,6,Bottle,,,,,,,,1
TUSQ-DX SYRUP,,Medicine,,bottle,No,10,Bottle,,,,,,,,1
TUVIT GOLD MULTIVITAMIN,,Medicine,,tablet,No,100,Tablet,,Strip,10,,Box,10,,2
TUSQ-X EXPECTORANT,,Medicine,,tablet,No,100,Tablet,,Strip,10,,Box,10,,2
ULTRANAC SR 200 MG,,Medicine,,tablet,No,100,Tablet,,Strip,10,,Box,10,,2
ULCICLAR-500MG,,Medicine,,tablet,No,100,Tablet,,Strip,10,,Box,10,,2
ULGEL-170ML SUSP.,,Medicine,,bottle,No,10,Bottle,,,,,,,,1
URIBID-100MG,,Medicine,,tablet,No,100,Tablet,,Strip,10,,Box,10,,2
URINE BAG-V,,Medicine,,tablet,No,100,Tablet,,Strip,10,,Box,10,,2
URSETOR 300 MG,,Medicine,,tablet,No,100,Tablet,,Strip,10,,Box,10,,2
UTICEF-100 MG (DRY SYRUP ),,Medicine,,bottle,No,10,Bottle,,,,,,,,1
UV CURB SUN CREAM,,Medicine,,tube,No,6,Tube,,,,,,,,1
UTICEF-400 MG,,Medicine,,tablet,No,100,Tablet,,Strip,10,,Box,10,,2
UTICEF-200 MG,,Medicine,,tablet,No,100,Tablet,,Strip,10,,Box,10,,2
V WASH,,Medicine,,bottle,No,10,Bottle,,,,,,,,1
UV DOUX 100 G,,Medicine,,tablet,No,100,Tablet,,Strip,10,,Box,10,,2
UV DOUX 50 G,,Medicine,,tablet,No,100,Tablet,,Strip,10,,Box,10,,2
V-ROTHO EYE DROP,,Medicine,,drops,No,6,Bottle,,,,,,,,1
V-CARE,,Medicine,,tablet,No,100,Tablet,,Strip,10,,Box,10,,2
V. ROHTO VITAMIN,,Medicine,,tablet,No,100,Tablet,,Strip,10,,Box,10,,2
VAGI WASH,,Medicine,,bottle,No,10,Bottle,,,,,,,,1
VAPORUB VICKS- 25G,,Medicine,,tablet,No,100,Tablet,,Strip,10,,Box,10,,2
VALPES 1000,,Medicine,,tablet,No,100,Tablet,,Strip,10,,Box,10,,2
VAPORUB VICKS- 10G.,,Medicine,,tablet,No,100,Tablet,,Strip,10,,Box,10,,2
VASELINE PERTOLEUM JELLY 100 ML,,Medicine,,bottle,No,10,Bottle,,,,,,,,1
VAPORUB VICKS- 5G,,Medicine,,tablet,No,100,Tablet,,Strip,10,,Box,10,,2
VAPORUB VICKS- 50G,,Medicine,,tablet,No,100,Tablet,,Strip,10,,Box,10,,2
VASODRYL EXP.,,Medicine,,tablet,No,100,Tablet,,Strip,10,,Box,10,,2
VASELINE PET.JELLY(SURYAMUKHI)-50 ML,,Medicine,,bottle,No,10,Bottle,,,,,,,,1
VASELINE(AMAR) 25G.,,Medicine,,tablet,No,100,Tablet,,Strip,10,,Box,10,,2
VASO RUB(BALM)-25ML,,Medicine,,tube,No,6,Tube,,,,,,,,1
VASODRYL PADIATRIC -50ML,,Medicine,,bottle,No,10,Bottle,,,,,,,,1
VASORUB,,Medicine,,tablet,No,100,Tablet,,Strip,10,,Box,10,,2
VASODRYL PLUS,,Medicine,,tablet,No,100,Tablet,,Strip,10,,Box,10,,2
VASORUB 25G,,Medicine,,tablet,No,100,Tablet,,Strip,10,,Box,10,,2
VASTATIN-5,,Medicine,,tablet,No,100,Tablet,,Strip,10,,Box,10,,2
VASTATIN 10,,Medicine,,tablet,No,100,Tablet,,Strip,10,,Box,10,,2
VEGAMIN-P-1500 MG,,Medicine,,tablet,No,100,Tablet,,Strip,10,,Box,10,,2
VENIZ XR-37.5MG,,Medicine,,tablet,No,100,Tablet,,Strip,10,,Box,10,,2
VEET 30G,,Medicine,,tablet,No,100,Tablet,,Strip,10,,Box,10,,2
VERBET-16MG,,Medicine,,tablet,No,100,Tablet,,Strip,10,,Box,10,,2
VERSA 50 MG,,Medicine,,tablet,No,100,Tablet,,Strip,10,,Box,10,,2
VERSA 25 MG,,Medicine,,tablet,No,100,Tablet,,Strip,10,,Box,10,,2
VICKSRUB 10 ML,,Medicine,,bottle,No,10,Bottle,,,,,,,,1
VIGORAN SYRUP 100ML,,Medicine,,bottle,No,10,Bottle,,,,,,,,1
VIGORAN SYRUP-200ML,,Medicine,,bottle,No,10,Bottle,,,,,,,,1
VIGORAN CAP,,Medicine,,capsule,No,100,Capsule,,Strip,10,,Box,10,,2
VITAL -200ML,,Medicine,,bottle,No,10,Bottle,,,,,,,,1
VITACOR TAB,,Medicine,,tablet,No,100,Tablet,,Strip,10,,Box,10,,2
VIT D 800,,Medicine,,tablet,No,100,Tablet,,Strip,10,,Box,10,,2
VIZILAC GG,,Medicine,,tablet,No,100,Tablet,,Strip,10,,Box,10,,2
VIVA -500GR.,,Medicine,,tablet,No,100,Tablet,,Strip,10,,Box,10,,2
VOBOSE-0.3,,Medicine,,tablet,No,100,Tablet,,Strip,10,,Box,10,,2
VOGLI 0.3,,Medicine,,tablet,No,100,Tablet,,Strip,10,,Box,10,,2
VOCET TAB,,Medicine,,tablet,No,100,Tablet,,Strip,10,,Box,10,,2
VOCET SYP,,Medicine,,bottle,No,10,Bottle,,,,,,,,1
VOGLIGEM 0.3,,Medicine,,tablet,No,100,Tablet,,Strip,10,,Box,10,,2
VOGLIGEM 0.2,,Medicine,,tablet,No,100,Tablet,,Strip,10,,Box,10,,2
VOMINE -25,,Medicine,,tablet,No,100,Tablet,,Strip,10,,Box,10,,2
WHISPAD 6 PC,,Medicine,,tablet,No,100,Tablet,,Strip,10,,Box,10,,2
WEIGHT MACHINE,,Medicine,,tablet,No,100,Tablet,,Strip,10,,Box,10,,2
VOMIZ SYRUP-30ML,,Medicine,,bottle,No,10,Bottle,,,,,,,,1
WINOLAP DS,,Medicine,,tablet,No,100,Tablet,,Strip,10,,Box,10,,2
WHISPER GREEN,,Medicine,,tablet,No,100,Tablet,,Strip,10,,Box,10,,2
WHISPER ULTRA 8'S,,Medicine,,tablet,No,100,Tablet,,Strip,10,,Box,10,,2
WIPES EVORA,,Medicine,,tablet,No,100,Tablet,,Strip,10,,Box,10,,2
WORMEX 10 Ml,,Medicine,,bottle,No,10,Bottle,,,,,,,,1
WINSKIN CREAM,,Medicine,,tube,No,6,Tube,,,,,,,,1
WORMEX-400 MG,,Medicine,,tablet,No,100,Tablet,,Strip,10,,Box,10,,2
X-RAY OF SHOULDER AP/LAT,,Medicine,,tablet,No,100,Tablet,,Strip,10,,Box,10,,2
X RAY,,Medicine,,tablet,No,100,Tablet,,Strip,10,,Box,10,,2
XCAR GEL,,Medicine,,tube,No,6,Tube,,,,,,,,1
XILCEF-500MG,,Medicine,,tablet,No,100,Tablet,,Strip,10,,Box,10,,2
XECEF 500 MG,,Medicine,,tablet,No,100,Tablet,,Strip,10,,Box,10,,2
XILCEF DRY SYRUP 30ML,,Medicine,,bottle,No,10,Bottle,,,,,,,,1
XONE 2GM INJ.,,Medicine,,vial,No,10,Vial,,,,,,,,1
ZANDU BALM (ULTRA POWER),,Medicine,,tube,No,6,Tube,,,,,,,,1
ZANDU BALM ( REGULAR ),,Medicine,,tube,No,6,Tube,,,,,,,,1
XONE-1GM INJ.,,Medicine,,vial,No,10,Vial,,,,,,,,1
ZANTOR 40,,Medicine,,tablet,No,100,Tablet,,Strip,10,,Box,10,,2
ZEBITA XT,,Medicine,,tablet,No,100,Tablet,,Strip,10,,Box,10,,2
ZEET DX SYRUP,,Medicine,,bottle,No,10,Bottle,,,,,,,,1
ZENEGRA-50 MG,,Medicine,,tablet,No,100,Tablet,,Strip,10,,Box,10,,2
ZIGZAG COTTON-100GR.,,Medicine,,tablet,No,100,Tablet,,Strip,10,,Box,10,,2
ZENOXA-300MG,,Medicine,,tablet,No,100,Tablet,,Strip,10,,Box,10,,2
ZERONAC TAB,,Medicine,,tablet,No,100,Tablet,,Strip,10,,Box,10,,2
ZINCOMINE 60ML,,Medicine,,bottle,No,10,Bottle,,,,,,,,1
ZITIN-1000MG,,Medicine,,tablet,No,100,Tablet,,Strip,10,,Box,10,,2
ZIGZAG COTTON-50GR.,,Medicine,,tablet,No,100,Tablet,,Strip,10,,Box,10,,2
ZOLAMIDE 250MG,,Medicine,,tablet,No,100,Tablet,,Strip,10,,Box,10,,2
ZOL 20 MG,,Medicine,,tablet,No,100,Tablet,,Strip,10,,Box,10,,2
ZOCLAVE 625 MG,,Medicine,,tablet,No,100,Tablet,,Strip,10,,Box,10,,2
ZOSERT-50MG,,Medicine,,tablet,No,100,Tablet,,Strip,10,,Box,10,,2
ZOSERT-25MG,,Medicine,,tablet,No,100,Tablet,,Strip,10,,Box,10,,2
ZYDIP LOTION,,Medicine,,bottle,No,10,Bottle,,,,,,,,1
ZULID-500MG,,Medicine,,tablet,No,100,Tablet,,Strip,10,,Box,10,,2
ZYTEE OINT,,Medicine,,tube,No,6,Tube,,,,,,,,1
ZOXAN EYE OINTMENT,,Medicine,,tube,No,6,Tube,,,,,,,,1
